Customer ID,Orders,TotalQuantity,TotalRevenue,AverageOrderValue,UniqueProducts,FirstPurchase,LastPurchase
12346.0,12,74285,77556.46,6463.038333333334,34,2009-12-14 08:34:00,2011-01-18 10:01:00
12347.0,8,2967,4921.53,615.19125,222,2010-10-31 14:20:00,2011-12-07 15:52:00
12348.0,5,2714,2019.3999999999999,403.88,47,2010-09-27 14:59:00,2011-09-25 13:13:00
12349.0,4,1624,4428.69,1107.1725,175,2010-04-29 13:20:00,2011-11-21 09:51:00
12350.0,1,197,334.4,334.4,17,2011-02-02 16:01:00,2011-02-02 16:01:00
12351.0,1,261,300.93,300.93,21,2010-11-29 15:23:00,2010-11-29 15:23:00
12352.0,10,724,2849.84,284.98400000000004,101,2010-11-12 10:20:00,2011-11-03 14:37:00
12353.0,2,212,406.76,203.38,24,2010-10-27 12:44:00,2011-05-19 17:47:00
12354.0,1,530,1079.4,1079.4,58,2011-04-21 13:11:00,2011-04-21 13:11:00
12355.0,2,543,947.61,473.805,35,2010-05-21 11:59:00,2011-05-09 13:49:00
12356.0,6,3416,6371.7300000000005,1061.9550000000002,141,2010-10-11 09:42:00,2011-11-17 08:40:00
12357.0,3,6587,18287.66,6095.886666666666,296,2010-11-16 10:05:00,2011-11-06 16:07:00
12358.0,5,1079,3887.07,777.414,76,2009-12-08 07:59:00,2011-12-08 10:26:00
12359.0,10,2739,8873.39,887.3389999999999,360,2009-12-05 13:32:00,2011-10-13 12:47:00
12360.0,8,2459,4252.889999999999,531.6112499999999,217,2010-02-22 09:32:00,2011-10-18 15:22:00
12361.0,4,235,511.25,127.8125,29,2010-01-26 14:37:00,2011-02-25 13:51:00
12362.0,11,2230,5356.23,486.92999999999995,267,2009-12-01 10:10:00,2011-12-06 15:40:00
12363.0,2,408,552.0,276.0,23,2011-04-11 13:29:00,2011-08-22 10:18:00
12364.0,4,1506,1313.1,328.275,85,2011-08-19 15:24:00,2011-12-02 10:22:00
12365.0,2,174,641.38,320.69,22,2011-02-21 13:51:00,2011-02-21 14:04:00
12366.0,1,296,500.24,500.24,3,2010-03-16 10:28:00,2010-03-16 10:28:00
12367.0,1,173,168.9,168.9,11,2011-12-05 16:48:00,2011-12-05 16:48:00
12368.0,1,330,917.6999999999999,917.6999999999999,18,2010-03-21 15:56:00,2010-03-21 15:56:00
12369.0,3,1241,1791.1499999999999,597.05,93,2010-03-08 08:09:00,2010-10-22 13:13:00
12370.0,7,2604,4316.5599999999995,616.6514285714285,201,2010-02-09 09:41:00,2011-10-19 14:51:00
12371.0,5,1436,4067.38,813.476,167,2010-03-04 18:23:00,2011-10-26 10:16:00
12372.0,3,794,1298.04,432.68,52,2011-02-16 12:46:00,2011-09-29 12:12:00
12373.0,3,516,1127.65,375.8833333333334,51,2010-02-04 12:08:00,2011-02-01 13:10:00
12374.0,4,1362,2989.2200000000003,747.3050000000001,83,2010-04-30 14:01:00,2011-11-14 15:37:00
12375.0,2,178,457.5,228.75,17,2011-09-02 14:23:00,2011-11-29 10:36:00
12376.0,2,240,503.15,251.575,13,2010-10-18 08:42:00,2010-11-15 12:15:00
12377.0,4,2105,3426.32,856.58,152,2010-04-29 15:34:00,2011-01-28 15:45:00
12378.0,2,3316,5416.32,2708.16,301,2010-05-26 14:07:00,2011-08-02 10:34:00
12379.0,4,815,1620.22,405.055,81,2010-06-23 12:49:00,2011-09-19 10:09:00
12380.0,11,3355,9676.300000000001,879.6636363636364,277,2010-02-15 12:05:00,2011-11-18 11:27:00
12381.0,5,808,1845.31,369.062,87,2011-08-12 09:57:00,2011-12-05 12:44:00
12383.0,5,1532,1850.56,370.11199999999997,99,2010-12-22 14:28:00,2011-06-08 08:02:00
12384.0,2,126,585.27,292.635,27,2011-08-10 11:23:00,2011-11-11 08:39:00
12385.0,1,612,1938.4,1938.4,65,2010-11-25 15:14:00,2010-11-25 15:14:00
12386.0,2,354,401.9,200.95,10,2010-12-08 09:53:00,2011-01-06 12:37:00
12387.0,1,134,143.94,143.94,9,2010-10-20 16:27:00,2010-10-20 16:27:00
12388.0,8,2001,3901.11,487.63875,146,2010-05-06 12:54:00,2011-11-24 12:30:00
12389.0,3,614,1433.33,477.77666666666664,49,2010-02-22 10:15:00,2010-11-02 11:52:00
12390.0,1,353,549.84,549.84,32,2011-09-21 09:33:00,2011-09-21 09:33:00
12391.0,6,1204,2724.84,454.14000000000004,259,2010-02-15 10:12:00,2011-11-18 12:07:00
12392.0,1,73,234.75000000000003,234.75000000000003,7,2010-04-27 14:04:00,2010-04-27 14:04:00
12393.0,6,1311,2399.45,399.9083333333333,106,2010-10-07 13:49:00,2011-09-28 15:41:00
12394.0,2,819,1272.48,636.24,27,2011-05-06 14:01:00,2011-10-07 08:08:00
12395.0,15,3205,4721.17,314.74466666666666,242,2010-04-16 10:16:00,2011-11-20 15:21:00
12396.0,1,591,931.43,931.43,65,2010-02-03 13:22:00,2010-02-03 13:22:00
12397.0,2,1263,2409.8999999999996,1204.9499999999998,126,2011-07-27 14:21:00,2011-11-04 09:52:00
12398.0,1,1394,1635.6599999999999,1635.6599999999999,85,2011-10-25 10:27:00,2011-10-25 10:27:00
12399.0,7,2198,1962.3000000000002,280.3285714285715,110,2010-03-05 08:45:00,2011-08-12 13:15:00
12400.0,1,91,205.25,205.25,11,2010-10-21 13:45:00,2010-10-21 13:45:00
12401.0,1,11,84.3,84.3,5,2011-02-09 13:50:00,2011-02-09 13:50:00
12402.0,6,584,1256.9,209.48333333333335,70,2010-02-07 12:41:00,2011-01-20 13:49:00
12403.0,2,260,1019.3600000000001,509.68000000000006,9,2010-07-06 11:39:00,2011-10-21 10:51:00
12404.0,1,1,63.24,63.24,1,2010-01-26 16:25:00,2010-01-26 16:25:00
12405.0,1,857,1710.39,1710.39,54,2011-07-14 08:52:00,2011-07-14 08:52:00
12406.0,5,3416,6390.360000000001,1278.0720000000001,165,2010-01-11 14:04:00,2011-11-17 19:22:00
12407.0,5,1416,1708.12,341.62399999999997,77,2011-03-20 13:21:00,2011-10-21 10:11:00
12408.0,8,2229,4340.7699999999995,542.5962499999999,159,2010-07-29 13:27:00,2011-11-07 12:27:00
12409.0,7,13143,23419.29,3345.612857142857,264,2010-05-23 15:21:00,2011-09-22 10:38:00
12410.0,3,341,1013.7099999999999,337.9033333333333,40,2010-07-25 13:26:00,2011-02-04 10:39:00
12411.0,1,138,346.9,346.9,22,2010-10-26 09:25:00,2010-10-26 09:25:00
12412.0,6,1997,2596.93,432.82166666666666,127,2010-06-18 13:22:00,2011-09-26 10:16:00
12413.0,4,319,999.45,249.8625,51,2010-11-02 13:26:00,2011-10-04 09:00:00
12414.0,6,495,952.41,158.73499999999999,28,2010-09-02 12:22:00,2011-05-06 14:51:00
12415.0,28,91447,144458.37,5159.2275,926,2010-06-30 08:30:00,2011-11-15 14:22:00
12416.0,1,132,202.56,202.56,11,2010-02-21 10:19:00,2010-02-21 10:19:00
12417.0,20,2884,6797.41,339.8705,369,2009-12-06 10:30:00,2011-12-06 14:52:00
12418.0,4,1088,2021.2,505.3,102,2010-03-19 14:47:00,2011-08-19 11:08:00
12419.0,2,231,503.01,251.505,25,2010-10-22 10:40:00,2010-11-19 10:04:00
12420.0,1,345,600.39,600.39,29,2011-10-07 08:55:00,2011-10-07 08:55:00
12421.0,6,652,1098.6,183.1,65,2010-07-22 13:57:00,2011-11-24 09:07:00
12422.0,17,2596,5231.8,307.7529411764706,172,2009-12-18 12:44:00,2011-09-05 09:48:00
12423.0,10,1793,2622.39,262.239,165,2010-08-31 09:31:00,2011-12-09 10:10:00
12424.0,4,2025,3340.03,835.0075,92,2010-06-09 15:15:00,2011-06-30 12:06:00
12425.0,2,1147,1741.41,870.705,91,2010-09-17 14:10:00,2011-09-22 17:31:00
12426.0,2,584,1345.21,672.605,77,2010-02-15 08:41:00,2011-05-29 12:26:00
12427.0,3,533,825.8,275.26666666666665,31,2010-12-03 10:44:00,2011-11-18 08:56:00
12428.0,9,3536,7956.46,884.0511111111111,294,2011-03-01 09:33:00,2011-11-14 08:22:00
12429.0,8,2890,6204.41,775.55125,153,2010-06-11 13:28:00,2011-11-30 17:22:00
12430.0,1,117,256.4,256.4,11,2011-10-27 15:09:00,2011-10-27 15:09:00
12431.0,27,4600,10432.22,386.3785185185185,390,2010-01-15 09:04:00,2011-11-04 11:55:00
12432.0,5,1801,5059.32,1011.8639999999999,108,2011-06-20 13:27:00,2011-10-28 11:43:00
12433.0,10,13534,16794.14,1679.414,559,2010-08-20 09:23:00,2011-12-09 10:02:00
12434.0,3,532,1103.43,367.81,70,2010-11-23 13:38:00,2011-09-16 12:38:00
12435.0,6,4958,13925.93,2320.9883333333332,112,2009-12-02 13:58:00,2011-09-21 09:06:00
12436.0,1,211,509.01,509.01,16,2011-09-01 12:09:00,2011-09-01 12:09:00
12437.0,39,8000,12683.4,325.2153846153846,563,2009-12-02 16:24:00,2011-12-08 11:35:00
12438.0,2,1180,2906.85,1453.425,98,2011-07-22 13:29:00,2011-11-25 13:28:00
12439.0,2,478,1142.88,571.44,71,2009-12-14 08:40:00,2010-01-26 12:11:00
12440.0,2,331,859.2,429.6,32,2009-12-22 12:03:00,2010-09-03 13:11:00
12441.0,1,121,173.55,173.55,11,2010-12-08 10:45:00,2010-12-08 10:45:00
12442.0,1,182,172.06,172.06,12,2011-12-06 14:22:00,2011-12-06 14:22:00
12443.0,1,182,485.31,485.31,21,2009-12-07 15:42:00,2009-12-07 15:42:00
12444.0,5,1153,5005.46,1001.092,176,2011-06-21 14:00:00,2011-11-18 13:23:00
12445.0,2,206,434.98,217.49,24,2010-10-15 12:28:00,2011-11-17 18:43:00
12446.0,1,351,1002.3100000000001,1002.3100000000001,57,2011-10-13 12:50:00,2011-10-13 12:50:00
12447.0,1,190,476.49,476.49,26,2011-04-10 13:25:00,2011-04-10 13:25:00
12448.0,1,243,449.45,449.45,22,2011-10-26 13:46:00,2011-10-26 13:46:00
12449.0,6,2282,4835.89,805.9816666666667,201,2010-09-27 09:37:00,2011-11-17 13:46:00
12450.0,5,442,688.2,137.64000000000001,37,2010-08-22 13:11:00,2011-07-06 14:41:00
12451.0,8,9359,12669.88,1583.735,511,2010-06-28 12:58:00,2011-11-29 08:40:00
12452.0,2,185,430.57,215.285,22,2011-11-23 08:05:00,2011-11-23 10:28:00
12453.0,1,473,707.09,707.09,43,2011-07-28 14:08:00,2011-07-28 14:08:00
12454.0,5,7703,16679.78,3335.9559999999997,40,2010-10-14 17:33:00,2011-10-14 17:13:00
12455.0,10,3302,5879.95,587.995,227,2009-12-18 12:33:00,2011-09-27 15:31:00
12456.0,3,1633,3181.04,1060.3466666666666,125,2011-03-30 09:12:00,2011-10-26 14:41:00
12457.0,8,1094,2995.91,374.48875,84,2010-09-30 17:59:00,2011-10-04 13:13:00
12458.0,4,986,1777.49,444.3725,84,2010-08-09 10:33:00,2011-09-29 15:25:00
12459.0,1,258,454.36,454.36,23,2010-04-13 14:53:00,2010-04-13 14:53:00
12460.0,1,170,326.65,326.65,18,2010-09-09 13:51:00,2010-09-09 13:51:00
12461.0,2,287,826.88,413.44,35,2011-07-08 10:23:00,2011-09-06 16:57:00
12462.0,2,536,1189.5900000000001,594.7950000000001,62,2011-02-09 14:44:00,2011-11-21 09:11:00
12463.0,4,776,1344.78,336.195,83,2011-04-12 12:47:00,2011-10-17 13:44:00
12464.0,8,112,1212.05,151.50625,29,2011-02-03 13:30:00,2011-11-29 13:33:00
12465.0,2,479,742.19,371.095,47,2011-06-23 13:37:00,2011-11-22 16:34:00
12466.0,1,1,56.73,56.73,1,2010-01-26 16:26:00,2010-01-26 16:26:00
12467.0,1,129,132.8,132.8,9,2010-10-12 15:41:00,2010-10-12 15:41:00
12468.0,5,2201,3670.74,734.1479999999999,150,2010-01-26 10:09:00,2011-06-05 11:36:00
12469.0,2,2552,3070.54,1535.27,76,2010-06-21 10:30:00,2010-07-05 12:40:00
12470.0,1,95,211.95,211.95,23,2010-01-19 11:01:00,2010-01-19 11:01:00
12471.0,79,16858,39918.19,505.2935443037975,1135,2009-12-07 10:41:00,2011-12-07 15:43:00
12472.0,19,10378,16249.29,855.2257894736842,841,2009-12-14 10:49:00,2011-11-07 14:01:00
12473.0,5,2414,3928.05,785.61,165,2011-06-01 10:15:00,2011-11-10 13:46:00
12474.0,31,7940,12372.75,399.1209677419355,708,2010-02-11 09:41:00,2011-11-22 14:39:00
12475.0,2,771,1149.6399999999999,574.8199999999999,61,2010-10-26 08:49:00,2011-10-17 10:10:00
12476.0,23,5631,14083.91,612.3439130434782,513,2010-07-26 09:04:00,2011-11-24 12:40:00
12477.0,9,6119,20276.37,2252.93,564,2010-03-26 14:01:00,2011-11-17 09:51:00
12478.0,1,236,680.99,680.99,36,2011-12-06 09:56:00,2011-12-06 09:56:00
12479.0,1,385,527.2,527.2,31,2011-11-28 13:26:00,2011-11-28 13:26:00
12480.0,7,2952,5464.85,780.6928571428572,242,2010-07-20 13:21:00,2011-11-11 14:52:00
12481.0,15,7158,12185.51,812.3673333333334,380,2010-04-11 13:10:00,2011-11-17 08:29:00
12482.0,29,27042,23691.4,816.944827586207,204,2010-02-24 10:24:00,2010-05-12 16:51:00
12483.0,19,2160,5097.18,268.27263157894737,138,2010-01-31 13:28:00,2011-11-22 17:02:00
12484.0,12,3266,6354.1,529.5083333333333,451,2010-01-27 16:41:00,2011-11-07 11:37:00
12485.0,1,414,708.1,708.1,34,2010-06-28 15:22:00,2010-06-28 15:22:00
12486.0,1,523,1037.28,1037.28,49,2010-10-04 12:14:00,2010-10-04 12:14:00
12487.0,1,174,285.29999999999995,285.29999999999995,2,2009-12-09 11:36:00,2009-12-09 11:36:00
12488.0,3,529,1298.66,432.8866666666667,55,2011-09-25 10:34:00,2011-11-30 08:50:00
12489.0,1,105,334.93,334.93,15,2011-01-07 13:13:00,2011-01-07 13:13:00
12490.0,21,5906,9823.64,467.79238095238094,462,2009-12-01 12:52:00,2011-12-04 16:07:00
12491.0,1,260,460.40000000000003,460.40000000000003,25,2011-11-01 12:18:00,2011-11-01 12:18:00
12492.0,3,444,715.21,238.40333333333334,42,2010-11-01 14:58:00,2011-10-07 15:15:00
12493.0,2,207,433.74,216.87,22,2011-05-26 14:53:00,2011-06-27 10:17:00
12494.0,9,979,1815.27,201.69666666666666,108,2010-05-12 13:52:00,2011-11-24 09:34:00
12495.0,1,130,357.4,357.4,17,2010-03-09 10:53:00,2010-03-09 10:53:00
12496.0,2,30,45.34,22.67,10,2010-03-29 13:57:00,2010-03-29 14:06:00
12497.0,3,5685,6248.5,2082.8333333333335,57,2010-03-05 09:39:00,2011-09-19 12:29:00
12498.0,3,159,403.7,134.56666666666666,23,2011-10-13 09:30:00,2011-11-18 12:53:00
12499.0,1,302,393.72,393.72,27,2010-05-28 15:12:00,2010-05-28 15:12:00
12500.0,19,3377,5955.21,313.4321052631579,146,2010-02-04 15:05:00,2011-11-16 16:20:00
12501.0,1,1783,2169.39,2169.39,149,2011-01-07 12:28:00,2011-01-07 12:28:00
12502.0,5,820,3723.87,744.774,147,2011-02-03 10:41:00,2011-09-05 11:52:00
12503.0,1,561,1126.0,1126.0,2,2010-05-04 13:59:00,2010-05-04 13:59:00
12504.0,4,458,779.05,194.7625,20,2010-04-22 10:24:00,2011-11-21 16:02:00
12505.0,1,324,955.2,955.2,42,2010-10-27 09:18:00,2010-10-27 09:18:00
12506.0,1,23,73.5,73.5,23,2011-04-21 08:54:00,2011-04-21 08:54:00
12507.0,4,1256,1844.06,461.015,49,2010-05-04 09:23:00,2011-07-28 17:09:00
12508.0,2,271,397.88,198.94,64,2011-11-10 16:27:00,2011-11-13 15:37:00
12509.0,1,55,176.5,176.5,7,2011-02-28 14:45:00,2011-02-28 14:45:00
12510.0,9,2049,5178.02,575.3355555555556,145,2009-12-04 13:47:00,2011-07-20 10:15:00
12511.0,1,1753,3084.02,3084.02,190,2010-10-07 10:39:00,2010-10-07 10:39:00
12512.0,2,96,132.18,66.09,31,2011-10-04 14:53:00,2011-10-04 14:55:00
12513.0,1,462,612.29,612.29,35,2011-08-19 10:51:00,2011-08-19 10:51:00
12514.0,2,840,1597.76,798.88,84,2010-03-08 12:18:00,2011-03-17 16:38:00
12515.0,1,131,383.7,383.7,16,2010-12-21 15:43:00,2010-12-21 15:43:00
12516.0,4,1952,2648.62,662.155,74,2010-04-19 14:14:00,2011-09-23 09:13:00
12517.0,5,1361,2481.6,496.32,271,2011-06-02 15:13:00,2011-11-11 14:04:00
12518.0,5,1318,2056.89,411.378,124,2011-08-21 13:18:00,2011-12-09 10:13:00
12519.0,2,387,716.54,358.27,39,2010-08-20 08:21:00,2011-10-07 09:26:00
12520.0,5,1439,2634.26,526.8520000000001,152,2011-03-11 11:35:00,2011-09-21 15:23:00
12521.0,1,309,599.68,599.68,38,2011-07-20 10:51:00,2011-07-20 10:51:00
12522.0,2,194,192.72,96.36,12,2011-10-19 14:41:00,2011-10-31 15:30:00
12523.0,23,2263,4352.35,189.2326086956522,249,2009-12-07 13:46:00,2011-11-20 12:55:00
12524.0,17,7178,11126.11,654.4770588235294,240,2010-02-08 14:41:00,2011-11-30 15:31:00
12525.0,3,509,973.73,324.57666666666665,60,2010-03-02 14:01:00,2010-07-29 16:08:00
12526.0,3,632,1316.6599999999999,438.8866666666666,71,2011-09-06 14:19:00,2011-12-09 12:09:00
12527.0,5,526,735.51,147.102,32,2010-06-28 15:37:00,2011-09-19 11:55:00
12528.0,6,756,1933.48,322.24666666666667,92,2011-01-31 09:05:00,2011-11-30 14:40:00
12529.0,1,192,316.48,316.48,21,2010-06-29 13:10:00,2010-06-29 13:10:00
12530.0,9,2713,3759.26,417.6955555555556,158,2010-03-07 14:37:00,2011-10-11 12:34:00
12531.0,2,1119,1933.2,966.6,127,2010-01-22 14:17:00,2011-11-25 11:12:00
12532.0,1,153,349.83000000000004,349.83000000000004,16,2011-11-09 13:47:00,2011-11-09 13:47:00
12533.0,2,704,1367.8899999999999,683.9449999999999,72,2009-12-01 11:50:00,2010-03-22 10:56:00
12534.0,1,651,1089.18,1089.18,63,2011-08-01 10:26:00,2011-08-01 10:26:00
12535.0,2,219,716.3499999999999,358.17499999999995,34,2011-06-06 12:47:00,2011-09-09 08:48:00
12536.0,3,2803,12601.830000000002,4200.610000000001,261,2011-10-11 14:52:00,2011-10-27 14:20:00
12537.0,1,449,732.94,732.94,43,2010-10-27 08:36:00,2010-10-27 08:36:00
12538.0,2,336,640.45,320.225,34,2010-11-26 13:02:00,2011-11-10 17:16:00
12539.0,7,4535,11214.75,1602.107142857143,504,2009-12-23 13:00:00,2011-11-17 13:30:00
12540.0,33,11019,22254.489999999998,674.3784848484847,771,2009-12-07 16:56:00,2011-11-20 11:31:00
12541.0,3,680,981.18,327.06,52,2011-03-04 09:32:00,2011-11-10 10:40:00
12542.0,2,522,481.88,240.94,39,2010-03-09 16:26:00,2010-08-12 19:12:00
12543.0,1,688,980.25,980.25,43,2010-09-17 15:51:00,2010-09-17 15:51:00
12544.0,1,136,372.7,372.7,19,2011-11-03 16:15:00,2011-11-03 16:15:00
12545.0,2,523,1000.39,500.195,50,2011-03-25 12:04:00,2011-09-25 13:39:00
12546.0,2,633,1161.5,580.75,69,2011-09-23 09:44:00,2011-10-24 12:09:00
12547.0,3,309,383.58,127.86,21,2010-07-27 13:55:00,2011-05-26 12:38:00
12548.0,1,49,95.19999999999999,95.19999999999999,5,2011-06-26 15:35:00,2011-06-26 15:35:00
12549.0,6,1366,1575.68,262.61333333333334,49,2010-01-11 12:29:00,2010-05-13 12:05:00
12550.0,1,569,964.83,964.83,57,2011-09-21 14:35:00,2011-09-21 14:35:00
12551.0,1,100,168.0,168.0,10,2010-12-17 11:23:00,2010-12-17 11:23:00
12552.0,2,88,437.82,218.91,20,2011-10-31 12:11:00,2011-11-01 10:02:00
12553.0,12,2325,4608.75,384.0625,238,2010-10-12 13:35:00,2011-12-01 16:38:00
12554.0,1,240,468.5,468.5,26,2010-09-17 12:29:00,2010-09-17 12:29:00
12555.0,1,1,129.23,129.23,1,2010-01-26 16:26:00,2010-01-26 16:26:00
12556.0,2,355,599.56,299.78,114,2011-07-11 13:35:00,2011-10-20 13:06:00
12557.0,8,6382,18096.14,2262.0175,53,2009-12-17 10:39:00,2011-11-23 16:59:00
12558.0,1,196,269.96,269.96,11,2011-12-02 10:41:00,2011-12-02 10:41:00
12559.0,2,283,561.71,280.855,21,2011-01-24 10:12:00,2011-02-02 09:49:00
12560.0,3,1110,2134.01,711.3366666666667,105,2011-07-19 15:55:00,2011-12-04 13:54:00
12561.0,1,177,238.85,238.85,16,2011-02-10 11:39:00,2011-02-10 11:39:00
12562.0,9,2327,4966.92,551.88,207,2010-09-30 13:13:00,2011-12-01 17:20:00
12563.0,1,113,249.24,249.24,13,2010-10-27 09:52:00,2010-10-27 09:52:00
12564.0,1,133,456.9,456.9,21,2011-03-23 14:55:00,2011-03-23 14:55:00
12565.0,1,80,145.92,145.92,9,2011-02-24 10:34:00,2011-02-24 10:34:00
12566.0,1,265,351.65,351.65,19,2011-09-14 14:30:00,2011-09-14 14:30:00
12567.0,15,5308,11767.48,784.4986666666666,556,2010-02-11 10:30:00,2011-11-17 11:02:00
12568.0,1,48,70.0,70.0,5,2010-03-05 09:15:00,2010-03-05 09:15:00
12569.0,32,1801,4124.6900000000005,128.89656250000002,188,2011-04-01 13:47:00,2011-12-07 16:24:00
12570.0,1,1,77.52,77.52,1,2010-01-26 17:28:00,2010-01-26 17:28:00
12571.0,2,523,519.61,259.805,34,2011-08-10 12:35:00,2011-10-31 10:19:00
12572.0,2,452,1020.4200000000001,510.21000000000004,60,2011-10-19 08:20:00,2011-12-01 09:20:00
12573.0,5,479,717.4100000000001,143.48200000000003,117,2010-08-31 17:25:00,2011-04-26 15:52:00
12574.0,1,61,218.45,218.45,11,2011-01-28 09:20:00,2011-01-28 09:20:00
12575.0,2,315,622.8199999999999,311.40999999999997,38,2010-07-01 09:15:00,2010-09-08 13:09:00
12576.0,8,1494,2142.72,238.07999999999998,142,2010-07-01 13:46:00,2011-11-04 10:11:00
12577.0,8,1191,1617.1,202.1375,295,2009-12-03 19:31:00,2011-11-04 13:24:00
12578.0,4,2380,4642.45,1160.6125,172,2010-09-22 11:19:00,2011-11-18 13:30:00
12579.0,1,285,440.42,440.42,29,2011-09-22 17:15:00,2011-09-22 17:15:00
12580.0,2,569,1052.9,526.45,58,2010-05-12 11:45:00,2011-04-07 10:24:00
12581.0,1,161,197.71,197.71,15,2011-10-31 08:56:00,2011-10-31 08:56:00
12582.0,4,985,1980.4,495.1,103,2010-05-11 09:55:00,2011-04-15 08:45:00
12583.0,27,8535,13591.58,503.39185185185187,446,2009-12-06 11:57:00,2011-12-07 08:07:00
12584.0,9,416,2338.15,259.7944444444445,96,2011-03-04 15:15:00,2011-12-06 09:35:00
12585.0,2,1279,2040.1,1020.05,87,2010-12-23 12:58:00,2011-04-19 13:39:00
12586.0,4,687,2062.67,515.6675,94,2009-12-16 13:15:00,2011-11-22 16:24:00
12587.0,1,51,144.0,144.0,4,2011-12-02 12:47:00,2011-12-02 12:47:00
12588.0,4,438,958.78,239.695,46,2010-04-21 12:22:00,2011-10-31 15:01:00
12589.0,8,1764,4695.66,586.9575,180,2010-01-19 12:26:00,2011-11-11 10:19:00
12590.0,2,4283,9864.26,4932.13,68,2011-05-12 14:46:00,2011-05-12 14:52:00
12591.0,3,653,1338.95,446.31666666666666,68,2010-10-27 10:42:00,2011-01-26 14:35:00
12592.0,5,1875,2582.66,516.5319999999999,81,2010-07-08 14:06:00,2011-09-08 15:04:00
12593.0,3,206,418.1,139.36666666666667,21,2011-05-05 09:29:00,2011-08-23 12:43:00
12594.0,15,2768,5090.110000000001,339.3406666666667,199,2010-03-03 13:51:00,2011-11-02 12:20:00
12595.0,1,271,299.02,299.02,19,2010-07-23 09:10:00,2010-07-23 09:10:00
12596.0,2,474,618.27,309.135,27,2011-04-11 13:22:00,2011-10-19 13:02:00
12597.0,4,2236,3811.22,952.805,206,2011-03-16 14:00:00,2011-11-20 13:33:00
12598.0,11,2906,4534.09,412.19,206,2010-03-01 09:58:00,2011-11-30 12:18:00
12599.0,13,2189,2296.7200000000003,176.67076923076925,133,2010-05-11 10:42:00,2011-11-10 13:34:00
12600.0,21,1383,4967.42,236.54380952380953,130,2009-12-07 13:37:00,2011-11-11 10:29:00
12601.0,6,290,681.26,113.54333333333334,34,2010-10-31 10:57:00,2011-06-03 10:17:00
12602.0,1,162,153.12,153.12,12,2011-10-12 11:22:00,2011-10-12 11:22:00
12603.0,1,63,739.1999999999999,739.1999999999999,2,2011-11-18 10:42:00,2011-11-18 10:42:00
12604.0,2,201,254.18,127.09,16,2011-03-23 12:06:00,2011-09-21 14:08:00
12605.0,4,929,1232.95,308.2375,76,2010-09-07 14:21:00,2010-11-28 14:18:00
12606.0,1,1,21.0,21.0,1,2010-01-26 16:23:00,2010-01-26 16:23:00
12607.0,1,1228,1579.51,1579.51,101,2011-10-10 16:06:00,2011-10-10 16:06:00
12608.0,1,323,415.79,415.79,16,2010-10-31 10:49:00,2010-10-31 10:49:00
12609.0,9,1553,3435.86,381.76222222222225,175,2009-12-20 13:30:00,2011-09-22 16:34:00
12610.0,5,1049,2099.54,419.908,106,2011-08-05 13:52:00,2011-11-17 09:34:00
12611.0,1,846,1193.32,1193.32,65,2011-10-18 13:12:00,2011-10-18 13:12:00
12612.0,1,262,704.0400000000001,704.0400000000001,19,2011-09-26 15:35:00,2011-09-26 15:35:00
12613.0,10,4157,6817.370000000001,681.7370000000001,324,2009-12-14 13:10:00,2011-10-13 14:59:00
12614.0,1,76,315.6,315.6,20,2011-03-07 10:22:00,2011-03-07 10:22:00
12615.0,8,3317,5740.9800000000005,717.6225000000001,270,2010-03-18 14:09:00,2011-12-07 15:02:00
12616.0,3,498,1131.1,377.0333333333333,54,2010-11-16 11:38:00,2011-09-05 15:17:00
12617.0,1,210,352.98,352.98,39,2011-11-10 14:39:00,2011-11-10 14:39:00
12618.0,1,96,177.31,177.31,11,2011-11-18 11:10:00,2011-11-18 11:10:00
12619.0,10,3518,3781.38,378.13800000000003,100,2010-05-28 12:52:00,2011-11-23 14:52:00
12620.0,3,1181,1339.4099999999999,446.46999999999997,92,2011-05-19 12:10:00,2011-11-25 10:20:00
12621.0,35,13706,24311.2,694.6057142857143,756,2010-02-09 12:01:00,2011-12-08 11:25:00
12622.0,1,69,180.1,180.1,11,2011-04-21 16:39:00,2011-04-21 16:39:00
12623.0,7,1971,3747.84,535.4057142857143,173,2010-01-12 11:45:00,2011-03-08 13:50:00
12624.0,2,355,641.13,320.565,38,2011-06-15 12:34:00,2011-08-25 15:04:00
12625.0,4,3309,5164.88,1291.22,183,2010-04-22 11:33:00,2011-05-12 09:54:00
12626.0,9,3453,6620.48,735.6088888888888,294,2011-01-17 11:01:00,2011-11-16 16:06:00
12627.0,7,2752,4478.53,639.79,230,2011-07-22 13:59:00,2011-11-29 12:07:00
12628.0,3,448,786.46,262.15333333333336,41,2011-10-06 09:28:00,2011-12-05 13:15:00
12629.0,2,722,1558.22,779.11,45,2010-10-12 16:40:00,2010-11-19 09:18:00
12630.0,2,548,1270.88,635.44,64,2011-10-27 10:41:00,2011-11-30 10:48:00
12631.0,6,1607,3481.5699999999997,497.3671428571428,183,2010-01-15 14:50:00,2011-10-13 13:53:00
12632.0,2,694,804.88,402.44,35,2010-05-24 09:07:00,2010-07-07 09:39:00
12633.0,7,3238,5678.16,811.1657142857142,306,2010-07-02 11:44:00,2011-10-12 11:40:00
12634.0,2,337,490.0,245.0,20,2010-06-09 15:41:00,2010-06-22 10:05:00
12635.0,4,1949,2930.41,732.6025,179,2010-09-09 10:50:00,2011-09-11 11:04:00
12636.0,1,1,141.0,141.0,1,2009-12-01 09:55:00,2009-12-01 09:55:00
12637.0,12,4257,8283.81,637.2161538461538,593,2010-06-14 13:36:00,2011-10-03 13:46:00
12638.0,2,663,921.49,460.745,48,2010-03-10 10:30:00,2011-11-06 13:11:00
12639.0,3,631,1312.37,437.45666666666665,64,2010-03-22 09:05:00,2011-04-15 12:48:00
12640.0,3,311,1174.5800000000002,391.5266666666667,53,2011-09-19 12:01:00,2011-11-16 11:52:00
12641.0,1,72,185.9,185.9,10,2011-08-16 13:26:00,2011-08-16 13:26:00
12642.0,3,552,1013.26,337.75333333333333,47,2011-08-24 09:23:00,2011-11-14 15:03:00
12643.0,12,4665,8304.82,692.0683333333333,51,2010-04-07 14:16:00,2011-08-03 12:56:00
12644.0,4,1032,1918.4900000000002,479.62250000000006,111,2010-01-14 13:02:00,2011-08-02 10:33:00
12645.0,8,2125,3539.3,393.2555555555556,160,2010-02-09 10:49:00,2011-11-06 12:38:00
12646.0,2,897,1346.9699999999998,673.4849999999999,45,2011-10-21 12:52:00,2011-12-05 10:14:00
12647.0,36,6633,16955.55,470.98749999999995,515,2010-01-13 15:06:00,2011-11-17 12:56:00
12648.0,4,518,1112.0,278.0,65,2010-01-07 18:38:00,2011-07-08 11:55:00
12649.0,8,1959,2294.65,286.83125,118,2010-01-12 17:24:00,2011-08-24 14:41:00
12650.0,1,254,314.44,314.44,20,2011-12-06 16:34:00,2011-12-06 16:34:00
12651.0,4,265,377.75,94.4375,30,2010-08-31 15:21:00,2011-01-09 12:46:00
12652.0,2,536,1017.03,508.515,51,2010-10-01 15:16:00,2011-01-12 15:00:00
12653.0,3,1681,4160.83,1386.9433333333334,86,2010-07-01 09:56:00,2011-07-14 10:41:00
12654.0,5,264,601.98,120.396,38,2011-02-17 13:16:00,2011-11-29 10:10:00
12655.0,1,80,261.35,261.35,16,2010-10-12 09:17:00,2010-10-12 09:17:00
12656.0,8,2860,6407.83,800.97875,247,2010-05-26 09:00:00,2011-11-22 13:42:00
12657.0,4,1044,1643.18,410.795,47,2011-09-22 11:40:00,2011-11-28 15:47:00
12658.0,1,320,686.05,686.05,36,2011-11-21 10:22:00,2011-11-21 10:22:00
12659.0,1,105,91.68,91.68,5,2011-11-10 11:53:00,2011-11-10 11:53:00
12660.0,1,127,245.1,245.1,13,2011-11-28 13:26:00,2011-11-28 13:26:00
12661.0,1,216,162.0,162.0,11,2010-09-29 16:46:00,2010-09-29 16:46:00
12662.0,20,3424,6726.54,336.327,391,2010-04-01 09:50:00,2011-12-09 11:59:00
12663.0,2,181,239.4,119.7,10,2010-02-09 14:28:00,2010-03-25 09:40:00
12664.0,11,1495,6070.04,551.8218181818182,45,2009-12-13 10:28:00,2011-12-01 17:07:00
12665.0,3,165,313.6,104.53333333333335,17,2010-02-08 15:11:00,2011-01-19 08:34:00
12666.0,1,370,1248.42,1248.42,31,2010-11-10 16:40:00,2010-11-10 16:40:00
12667.0,1,395,620.13,620.13,33,2011-10-12 17:00:00,2011-10-12 17:00:00
12668.0,10,5049,11383.03,1034.8209090909093,535,2010-01-31 15:45:00,2011-11-28 10:56:00
12669.0,3,1115,2744.0299999999997,914.6766666666666,101,2011-03-28 10:15:00,2011-07-12 09:54:00
12670.0,7,1627,3760.29,537.1842857142857,115,2010-02-11 10:13:00,2011-11-29 15:23:00
12671.0,1,1460,2622.481,2622.481,45,2010-04-12 16:30:00,2010-04-12 16:30:00
12672.0,2,138,437.04999999999995,218.52499999999998,22,2010-04-23 09:57:00,2011-01-14 09:20:00
12673.0,3,700,1230.02,410.00666666666666,74,2010-11-03 10:46:00,2011-12-04 13:55:00
12674.0,4,1133,1970.6,492.65,83,2011-05-16 09:10:00,2011-11-01 12:12:00
12675.0,2,336,957.25,478.625,112,2010-05-10 16:44:00,2010-06-04 09:49:00
12676.0,11,1867,2843.09,258.4627272727273,107,2010-08-13 13:29:00,2011-11-15 12:25:00
12677.0,2,176,395.1,197.55,21,2010-02-11 13:55:00,2010-06-02 14:30:00
12678.0,21,22372,34281.18,1632.4371428571428,376,2010-01-07 16:46:00,2011-10-28 13:04:00
12679.0,4,554,1113.02,278.255,48,2011-03-01 12:26:00,2011-10-12 12:30:00
12680.0,4,444,880.81,220.2025,53,2011-08-18 15:44:00,2011-12-09 12:50:00
12681.0,45,17011,29834.76,662.9946666666666,1424,2009-12-13 13:31:00,2011-11-25 11:33:00
12682.0,52,10522,22950.22,441.35038461538466,989,2009-12-01 09:28:00,2011-12-06 10:00:00
12683.0,21,7019,11633.7,553.9857142857143,487,2009-12-13 15:01:00,2011-12-05 16:31:00
12684.0,7,1985,2283.63,326.23285714285714,105,2011-05-10 12:55:00,2011-12-02 09:53:00
12685.0,6,1523,2863.08,477.18,157,2011-09-07 10:28:00,2011-11-11 13:46:00
12686.0,1,107,89.14,89.14,7,2010-12-03 09:51:00,2010-12-03 09:51:00
12687.0,2,1403,2138.91,1069.455,126,2010-08-16 12:10:00,2010-08-16 12:12:00
12688.0,1,3028,4873.8099999999995,4873.8099999999995,171,2011-08-18 08:49:00,2011-08-18 08:49:00
12689.0,2,628,1247.61,623.805,72,2011-08-04 10:04:00,2011-11-14 08:31:00
12690.0,1,106,389.01,389.01,16,2011-05-18 09:09:00,2011-05-18 09:09:00
12691.0,7,445,1170.4,167.20000000000002,39,2010-10-15 12:00:00,2011-11-11 16:49:00
12692.0,1,36,110.95,110.95,13,2010-03-12 14:02:00,2010-03-12 14:02:00
12693.0,7,536,1703.02,243.28857142857143,79,2010-07-05 13:56:00,2011-08-04 17:51:00
12694.0,3,1355,1843.35,614.4499999999999,83,2010-10-14 19:39:00,2011-09-30 13:06:00
12695.0,7,454,1407.12,201.01714285714283,59,2010-02-12 13:22:00,2011-12-02 13:22:00
12696.0,2,564,851.91,425.955,49,2010-07-19 10:02:00,2010-10-01 10:43:00
12697.0,3,508,957.5899999999999,319.19666666666666,41,2011-06-23 15:44:00,2011-11-11 08:47:00
12698.0,1,111,339.75,339.75,16,2010-04-28 15:51:00,2010-04-28 15:51:00
12699.0,1,373,638.11,638.11,41,2010-10-18 12:07:00,2010-10-18 12:07:00
12700.0,4,2967,4939.99,1234.9975,268,2011-05-08 16:10:00,2011-12-02 10:47:00
12701.0,6,1727,2446.41,407.73499999999996,147,2010-03-16 13:23:00,2011-09-21 10:47:00
12702.0,1,53,219.0,219.0,12,2011-11-20 10:36:00,2011-11-20 10:36:00
12703.0,4,595,1006.53,251.6325,74,2010-01-24 12:05:00,2011-09-29 17:52:00
12704.0,8,1006,2340.84,292.605,88,2011-06-23 10:20:00,2011-12-02 13:15:00
12705.0,14,7188,11762.1,840.15,599,2010-06-24 09:51:00,2011-11-24 13:17:00
12707.0,1,256,603.42,603.42,33,2011-02-21 08:38:00,2011-02-21 08:38:00
12708.0,18,2432,5117.66,284.31444444444446,296,2009-12-18 10:25:00,2011-11-10 09:52:00
12709.0,34,13772,30291.76,890.9341176470588,490,2009-12-09 13:49:00,2011-11-24 15:38:00
12710.0,3,851,1149.02,383.00666666666666,77,2011-05-22 14:05:00,2011-09-04 12:00:00
12711.0,2,770,1339.05,669.525,60,2010-02-01 11:30:00,2010-04-07 11:59:00
12712.0,21,2205,6723.03,320.14428571428573,256,2009-12-09 10:46:00,2011-11-11 08:19:00
12713.0,1,508,848.55,848.55,38,2011-12-09 12:16:00,2011-12-09 12:16:00
12714.0,12,8774,14093.710000000001,1174.4758333333334,696,2009-12-04 10:00:00,2011-11-30 15:43:00
12715.0,1,192,343.36,343.36,20,2011-08-25 15:22:00,2011-08-25 15:22:00
12716.0,2,708,1053.49,526.745,69,2011-07-29 13:28:00,2011-12-06 08:55:00
12717.0,3,600,1308.91,436.30333333333334,71,2010-04-28 14:34:00,2011-07-11 14:47:00
12718.0,1,203,238.25,238.25,19,2011-09-29 16:38:00,2011-09-29 16:38:00
12719.0,2,374,644.95,322.475,39,2011-10-05 14:50:00,2011-12-04 13:45:00
12720.0,30,6018,7787.28,259.57599999999996,479,2010-07-21 09:46:00,2011-12-07 08:03:00
12721.0,8,2655,4013.08,501.635,239,2010-08-25 11:07:00,2011-11-08 12:13:00
12722.0,4,566,997.63,249.4075,53,2011-07-12 11:55:00,2011-09-15 14:50:00
12723.0,5,434,725.0699999999999,145.01399999999998,69,2011-10-05 15:52:00,2011-12-06 10:19:00
12724.0,7,1379,2317.52,331.07428571428574,129,2010-06-22 14:00:00,2011-12-04 16:02:00
12725.0,4,1142,2266.7599999999998,566.6899999999999,106,2010-05-04 13:59:00,2010-12-03 15:45:00
12726.0,11,4618,4014.6000000000004,364.9636363636364,179,2010-03-25 16:25:00,2011-11-11 13:35:00
12727.0,10,2832,5679.53,567.953,203,2010-02-23 09:54:00,2011-11-29 11:46:00
12728.0,5,543,1070.17,214.03400000000002,61,2010-11-21 11:34:00,2011-09-29 15:31:00
12729.0,1,233,453.01,453.01,26,2011-08-18 11:40:00,2011-08-18 11:40:00
12730.0,1,234,829.25,829.25,47,2010-07-06 12:19:00,2010-07-06 12:19:00
12731.0,17,11641,25775.71,1516.2182352941177,393,2010-03-02 09:23:00,2011-11-16 11:59:00
12732.0,1,111,236.26000000000002,236.26000000000002,12,2011-06-13 11:33:00,2011-06-13 11:33:00
12733.0,4,896,2424.87,606.2175,150,2010-01-19 13:23:00,2011-04-19 16:19:00
12734.0,3,265,639.6500000000001,213.2166666666667,19,2010-11-12 13:26:00,2010-12-22 12:47:00
12735.0,2,368,779.5699999999999,389.78499999999997,43,2011-01-06 14:26:00,2011-01-28 13:37:00
12736.0,1,173,234.0,234.0,4,2011-01-11 07:57:00,2011-01-11 07:57:00
12737.0,2,2,3710.5,1855.25,2,2010-07-29 12:27:00,2010-07-29 12:29:00
12738.0,1,148,155.35,155.35,11,2010-12-02 18:27:00,2010-12-02 18:27:00
12739.0,4,951,2726.73,681.6825,89,2010-11-10 14:27:00,2011-09-22 13:00:00
12740.0,1,342,427.6,427.6,27,2011-10-07 10:44:00,2011-10-07 10:44:00
12741.0,2,214,406.07,203.035,16,2010-06-24 16:24:00,2010-06-28 14:36:00
12742.0,1,1359,1201.52,1201.52,67,2010-03-24 12:43:00,2010-03-24 12:43:00
12743.0,2,315,540.13,270.065,129,2011-07-28 16:06:00,2011-07-28 16:21:00
12744.0,11,6994,25317.059999999998,2301.550909090909,335,2010-04-27 16:19:00,2011-10-19 11:18:00
12745.0,3,468,925.41,308.46999999999997,23,2010-01-26 16:22:00,2010-08-10 10:14:00
12746.0,1,97,254.55,254.55,17,2010-06-17 10:41:00,2010-06-17 10:41:00
12747.0,26,2640,8898.48,342.24923076923073,247,2009-12-07 13:23:00,2011-12-07 14:34:00
12748.0,336,37109,53539.64,158.8713353115727,6403,2009-12-04 17:31:00,2011-12-09 12:20:00
12749.0,9,2360,6897.360000000001,766.3733333333334,338,2010-07-06 15:05:00,2011-12-06 09:56:00
12750.0,1,137,275.88,275.88,15,2011-08-03 09:13:00,2011-08-03 09:13:00
12751.0,1,189,268.27,268.27,61,2010-09-21 12:49:00,2010-09-21 12:49:00
12752.0,1,2262,4366.78,4366.78,53,2011-09-19 13:32:00,2011-09-19 13:32:00
12753.0,6,11421,21429.39,3571.565,197,2010-12-12 11:44:00,2011-11-17 10:52:00
12754.0,3,6481,3010.74,752.685,63,2011-02-04 10:31:00,2011-04-18 09:00:00
12755.0,11,2293,5236.259999999999,476.0236363636363,63,2010-01-15 11:57:00,2011-03-04 12:42:00
12756.0,1,144,112.07999999999998,112.07999999999998,4,2011-09-14 09:31:00,2011-09-14 09:31:00
12757.0,13,2395,7834.650000000001,602.6653846153847,352,2011-05-12 19:01:00,2011-11-24 12:30:00
12758.0,7,6155,9903.24,1414.7485714285715,313,2009-12-01 14:40:00,2011-08-15 10:22:00
12759.0,8,3202,5020.74,627.5925,302,2009-12-04 10:47:00,2011-10-18 14:49:00
12760.0,1,198,347.8,347.8,21,2010-09-10 08:50:00,2010-09-10 08:50:00
12761.0,2,281,782.95,391.475,27,2010-09-01 10:47:00,2010-09-08 12:17:00
12762.0,2,1227,1898.52,949.26,69,2011-11-14 14:23:00,2011-12-02 10:23:00
12763.0,2,316,494.08,247.04,18,2010-12-05 15:46:00,2011-07-24 14:12:00
12764.0,1,386,1693.88,1693.88,45,2011-01-27 10:19:00,2011-01-27 10:19:00
12765.0,6,1009,1404.58,234.09666666666666,68,2010-03-08 09:43:00,2010-08-24 13:51:00
12766.0,9,5022,8918.99,990.9988888888888,402,2010-10-28 09:29:00,2011-12-06 08:46:00
12767.0,1,598,949.82,949.82,43,2010-11-29 09:38:00,2010-11-29 09:38:00
12768.0,1,102,168.69000000000003,168.69000000000003,10,2010-09-15 12:08:00,2010-09-15 12:08:00
12769.0,1,356,1143.6,1143.6,32,2011-04-15 10:25:00,2011-04-15 10:25:00
12770.0,2,1843,3246.45,1623.225,28,2010-09-09 11:43:00,2011-05-13 09:33:00
12771.0,1,104,282.3,282.3,15,2010-08-11 11:51:00,2010-08-11 11:51:00
12772.0,1,556,892.47,892.47,55,2011-10-11 09:19:00,2011-10-11 09:19:00
12773.0,1,109,124.25,124.25,6,2010-05-24 17:30:00,2010-05-24 17:30:00
12774.0,1,53,98.7,98.7,6,2010-06-22 10:38:00,2010-06-22 10:38:00
12775.0,7,1083,1686.1200000000001,240.87428571428572,81,2010-10-26 14:24:00,2011-11-22 16:33:00
12776.0,1,46,55.5,55.5,4,2010-02-10 12:11:00,2010-02-10 12:11:00
12777.0,1,458,519.45,519.45,26,2010-09-08 11:35:00,2010-09-08 11:35:00
12778.0,9,1735,1775.68,197.29777777777778,114,2010-04-16 09:57:00,2011-11-20 11:30:00
12779.0,14,3501,6474.11,462.43642857142856,269,2009-12-03 07:25:00,2011-11-02 11:43:00
12780.0,1,285,337.4,337.4,20,2010-04-20 09:40:00,2010-04-20 09:40:00
12781.0,2,671,826.74,413.37,25,2011-02-28 08:43:00,2011-10-07 10:37:00
12782.0,11,2017,4618.24,419.84,227,2010-07-08 13:31:00,2011-12-05 09:16:00
12783.0,6,624,2225.91,370.98499999999996,84,2011-09-25 15:35:00,2011-12-07 15:56:00
12784.0,3,862,1763.1499999999999,587.7166666666666,126,2010-06-28 13:06:00,2011-11-30 15:38:00
12785.0,3,453,1100.4,366.8,56,2009-12-08 13:56:00,2010-12-10 13:48:00
12786.0,1,324,728.5,728.5,18,2010-04-09 12:12:00,2010-04-09 12:12:00
12787.0,4,510,862.18,215.545,44,2010-10-22 14:57:00,2011-11-30 08:44:00
12788.0,4,194,444.9,111.225,26,2010-06-29 13:05:00,2010-09-02 14:21:00
12789.0,3,36,273.35,91.11666666666667,8,2010-01-15 12:06:00,2011-10-05 13:34:00
12790.0,2,306,591.85,295.925,37,2010-10-25 13:04:00,2011-05-31 14:14:00
12791.0,6,353,863.51,143.91833333333332,28,2010-03-25 17:29:00,2010-12-01 11:27:00
12792.0,2,394,827.01,413.505,47,2010-06-23 10:49:00,2011-03-28 11:36:00
12793.0,3,461,885.53,295.1766666666667,44,2010-11-03 13:05:00,2011-01-09 12:12:00
12794.0,2,592,860.41,430.205,45,2011-09-02 12:01:00,2011-10-17 14:54:00
12795.0,1,68,430.48,430.48,14,2011-11-21 10:27:00,2011-11-21 10:27:00
12796.0,1,182,381.0,381.0,7,2010-03-21 15:49:00,2010-03-21 15:49:00
12797.0,2,215,552.08,276.04,30,2010-10-11 12:53:00,2010-12-09 10:55:00
12798.0,4,8455,8510.93,2127.7325,33,2010-10-14 12:27:00,2011-11-29 15:52:00
12799.0,1,137,219.35,219.35,15,2010-06-28 15:57:00,2010-06-28 15:57:00
12800.0,3,284,584.25,194.75,34,2010-02-01 11:02:00,2010-08-26 14:11:00
12801.0,1,505,1071.82,1071.82,50,2010-07-27 09:38:00,2010-07-27 09:38:00
12802.0,7,1972,2416.42,345.20285714285717,138,2010-05-25 09:34:00,2011-06-06 09:36:00
12803.0,1,872,1092.81,1092.81,55,2010-11-11 14:57:00,2010-11-11 14:57:00
12804.0,2,270,325.37,162.685,63,2010-07-27 13:52:00,2010-08-31 11:58:00
12805.0,4,593,1434.95,358.7375,58,2010-02-03 09:06:00,2010-11-23 12:27:00
12806.0,4,2087,2878.96,719.74,67,2010-04-30 10:44:00,2010-09-30 13:34:00
12807.0,1,145,330.35,330.35,16,2010-11-21 14:21:00,2010-11-21 14:21:00
12808.0,5,322,776.7,155.34,47,2010-09-03 10:24:00,2011-11-03 10:05:00
12809.0,3,518,1755.94,585.3133333333334,81,2010-03-02 14:19:00,2011-06-15 10:51:00
12810.0,2,389,534.99,267.495,32,2010-02-01 09:52:00,2010-06-23 10:53:00
12811.0,5,435,1033.9,206.78000000000003,56,2010-10-08 12:20:00,2011-03-24 09:42:00
12812.0,1,164,229.64000000000001,229.64000000000001,15,2011-10-26 09:54:00,2011-10-26 09:54:00
12813.0,3,1141,1687.8000000000002,562.6,45,2010-01-15 16:52:00,2010-07-26 09:50:00
12814.0,1,49,125.92,125.92,2,2011-08-30 12:11:00,2011-08-30 12:11:00
12815.0,2,379,1063.46,531.73,47,2011-05-25 13:34:00,2011-07-15 10:21:00
12816.0,2,128,572.2,286.1,29,2011-06-16 13:24:00,2011-09-05 12:41:00
12817.0,3,219,690.98,230.32666666666668,25,2010-10-01 08:57:00,2011-03-03 16:28:00
12818.0,1,929,1542.08,1542.08,14,2011-03-23 12:06:00,2011-03-23 12:06:00
12819.0,1,344,540.52,540.52,19,2010-09-07 15:20:00,2010-09-07 15:20:00
12820.0,11,1964,2689.52,244.50181818181818,159,2009-12-05 13:37:00,2011-12-06 15:12:00
12821.0,2,162,220.79999999999998,110.39999999999999,13,2010-04-07 15:14:00,2011-05-09 15:51:00
12822.0,2,550,948.88,474.44,46,2011-09-13 13:46:00,2011-09-30 10:04:00
12823.0,18,930,6501.5,361.19444444444446,18,2010-01-29 12:52:00,2011-09-26 07:35:00
12824.0,1,232,397.12,397.12,25,2011-10-11 12:49:00,2011-10-11 12:49:00
12825.0,2,139,518.63,259.315,24,2010-03-08 10:17:00,2010-07-06 13:56:00
12826.0,12,1915,2800.75,233.39583333333334,157,2009-12-18 10:43:00,2011-12-07 10:25:00
12827.0,3,197,430.15,143.38333333333333,25,2011-10-26 15:44:00,2011-12-04 12:17:00
12828.0,6,494,1018.71,169.785,56,2011-08-01 16:16:00,2011-12-07 08:45:00
12829.0,3,550,385.3,128.43333333333334,19,2010-06-07 15:04:00,2011-01-07 11:13:00
12830.0,6,9848,6814.64,1135.7733333333333,38,2011-06-21 10:53:00,2011-11-02 11:54:00
12831.0,3,303,451.11,150.37,22,2010-09-02 15:58:00,2011-03-22 13:02:00
12832.0,2,195,383.03000000000003,191.51500000000001,27,2011-09-02 13:48:00,2011-11-07 13:30:00
12833.0,1,156,417.38,417.38,24,2011-07-17 13:46:00,2011-07-17 13:46:00
12834.0,1,110,312.38,312.38,18,2011-03-02 09:49:00,2011-03-02 09:49:00
12835.0,41,2349,5996.83,142.78166666666667,607,2009-12-03 12:13:00,2010-10-08 10:59:00
12836.0,15,2231,6559.7300000000005,409.98312500000003,406,2009-12-01 14:19:00,2011-10-11 15:10:00
12837.0,2,194,662.6600000000001,331.33000000000004,85,2010-05-19 15:10:00,2011-06-19 16:07:00
12838.0,10,1606,2975.9100000000003,297.591,344,2010-04-26 09:59:00,2011-11-06 12:20:00
12839.0,26,6578,9669.12,371.8892307692308,553,2009-12-07 09:18:00,2011-12-07 12:33:00
12840.0,7,2258,4041.97,577.4242857142857,176,2010-02-03 14:51:00,2011-07-19 09:29:00
12841.0,40,5008,6958.2,173.95499999999998,641,2010-07-08 15:38:00,2011-12-05 11:13:00
12842.0,4,887,1917.99,479.4975,48,2009-12-02 08:15:00,2011-09-30 15:33:00
12843.0,30,3028,6583.36,219.4453333333333,216,2009-12-13 11:41:00,2011-10-05 12:09:00
12844.0,4,223,648.6,162.15,101,2010-04-25 11:51:00,2011-11-10 13:31:00
12845.0,4,204,354.09,88.5225,27,2011-02-22 14:10:00,2011-03-17 13:34:00
12846.0,1,1,15.58,15.58,1,2010-01-26 16:29:00,2010-01-26 16:29:00
12847.0,2,1497,1609.0,804.5,106,2010-11-17 12:44:00,2011-11-17 13:16:00
12848.0,1,58,208.0,208.0,16,2010-02-02 12:45:00,2010-02-02 12:45:00
12849.0,6,1855,3042.47,507.0783333333333,141,2010-04-27 13:44:00,2011-11-08 13:41:00
12850.0,1,200,330.0,330.0,2,2010-09-20 12:26:00,2010-09-20 12:26:00
12851.0,2,157,280.76,140.38,73,2010-08-19 15:13:00,2011-09-04 12:41:00
12852.0,1,149,311.55,311.55,17,2011-02-18 08:47:00,2011-02-18 08:47:00
12853.0,11,1668,3907.5,355.22727272727275,148,2010-02-05 11:57:00,2011-07-28 11:29:00
12854.0,7,1630,2970.9700000000003,424.42428571428576,259,2009-12-11 12:55:00,2011-09-22 12:15:00
12855.0,4,240,612.84,153.21,66,2010-11-02 18:16:00,2010-12-02 09:37:00
12856.0,6,1076,2170.78,361.7966666666667,306,2011-10-07 12:38:00,2011-12-02 10:52:00
12857.0,6,1420,3688.0,614.6666666666666,121,2010-01-25 15:37:00,2011-05-13 10:20:00
12858.0,1,51,147.27,147.27,36,2010-11-21 12:55:00,2010-11-21 12:55:00
12859.0,1,292,575.1,575.1,21,2010-09-07 12:20:00,2010-09-07 12:20:00
12860.0,1,26,54.22,54.22,16,2010-01-15 15:22:00,2010-01-15 15:22:00
12861.0,1,27,68.25,68.25,4,2010-03-30 11:39:00,2010-03-30 11:39:00
12862.0,2,611,984.62,492.31,130,2010-08-01 15:20:00,2010-10-10 11:47:00
12863.0,6,895,2792.55,465.425,47,2010-04-29 13:54:00,2011-10-18 14:15:00
12864.0,2,447,299.57,149.785,7,2010-07-19 17:22:00,2011-07-24 13:03:00
12865.0,4,1973,3323.4700000000003,830.8675000000001,195,2010-08-20 12:20:00,2011-11-13 14:31:00
12866.0,3,553,1227.35,409.1166666666666,63,2010-07-25 11:37:00,2011-03-01 14:11:00
12867.0,13,7876,7829.26,602.2507692307693,1035,2009-12-16 16:25:00,2011-11-13 15:30:00
12868.0,8,1170,2043.7600000000002,255.47000000000003,134,2010-11-12 10:05:00,2011-06-07 10:42:00
12869.0,1,144,337.66999999999996,337.66999999999996,35,2010-01-27 12:10:00,2010-01-27 12:10:00
12870.0,3,906,1676.95,558.9833333333333,93,2010-03-25 14:32:00,2010-11-29 13:42:00
12871.0,3,484,744.02,248.00666666666666,18,2010-09-26 10:34:00,2011-09-16 15:07:00
12872.0,12,1642,3283.96,273.66333333333336,386,2009-12-03 20:03:00,2011-01-17 10:52:00
12873.0,3,786,2027.3000000000002,675.7666666666668,35,2010-01-27 09:50:00,2011-03-02 14:58:00
12874.0,2,623,948.42,474.21,48,2010-06-03 12:51:00,2010-11-19 15:23:00
12875.0,5,5187,1356.99,271.398,8,2010-01-11 12:37:00,2011-07-19 15:30:00
12876.0,4,3047,4081.79,1020.4475,170,2010-04-28 13:26:00,2011-10-13 12:26:00
12877.0,20,2237,2942.1400000000003,147.10700000000003,272,2010-01-18 10:23:00,2011-12-06 10:30:00
12878.0,2,547,854.99,427.495,47,2011-03-18 14:02:00,2011-04-17 13:07:00
12879.0,3,370,573.22,191.07333333333335,10,2011-09-09 12:11:00,2011-10-26 12:24:00
12880.0,2,279,640.13,320.065,36,2010-05-14 11:57:00,2010-11-23 10:50:00
12881.0,1,21,298.0,298.0,7,2011-03-09 11:44:00,2011-03-09 11:44:00
12882.0,2,246,1463.04,731.52,13,2011-11-06 11:22:00,2011-11-30 16:18:00
12883.0,4,196,703.47,175.8675,42,2011-09-11 15:18:00,2011-11-15 09:32:00
12884.0,1,43,309.05,309.05,7,2011-09-12 13:10:00,2011-09-12 13:10:00
12885.0,3,655,1175.22,391.74,71,2011-08-08 11:45:00,2011-10-07 13:40:00
12886.0,2,770,1378.4,689.2,82,2011-05-04 11:21:00,2011-10-03 10:09:00
12887.0,1,100,222.4,222.4,13,2010-11-21 11:18:00,2010-11-21 11:18:00
12888.0,2,76,354.12,177.06,5,2011-03-29 14:31:00,2011-05-09 16:02:00
12889.0,4,124,385.46000000000004,96.36500000000001,25,2010-07-25 14:32:00,2010-11-23 16:08:00
12890.0,2,457,706.02,235.34,134,2010-11-17 14:05:00,2011-11-15 17:26:00
12891.0,11,2325,840.5,76.4090909090909,11,2010-02-18 14:32:00,2011-06-07 12:31:00
12892.0,1,140,263.38,263.38,18,2010-11-08 09:51:00,2010-11-08 09:51:00
12893.0,1,90,176.55,176.55,27,2011-11-09 12:34:00,2011-11-09 12:34:00
12894.0,1,33,157.35,157.35,21,2010-05-13 14:47:00,2010-05-13 14:47:00
12895.0,2,210,372.8,186.4,22,2011-09-14 08:35:00,2011-10-28 13:51:00
12897.0,4,249,514.25,128.5625,14,2010-06-14 11:58:00,2011-05-19 12:13:00
12898.0,2,235,296.21000000000004,148.10500000000002,27,2010-02-18 12:36:00,2010-09-02 08:08:00
12899.0,1,108,366.4,366.4,17,2010-10-22 09:53:00,2010-10-22 09:53:00
12900.0,1,139,340.33,340.33,13,2010-10-13 15:17:00,2010-10-13 15:17:00
12901.0,28,23075,17654.54,630.5192857142857,116,2011-03-14 10:41:00,2011-12-01 10:07:00
12902.0,1,66,138.68,138.68,10,2011-03-20 12:06:00,2011-03-20 12:06:00
12903.0,1,493,833.53,833.53,41,2010-10-07 12:39:00,2010-10-07 12:39:00
12904.0,2,294,496.06,248.03,67,2011-06-20 13:18:00,2011-11-21 14:34:00
12905.0,2,532,1018.42,509.21,54,2010-01-26 14:06:00,2010-05-12 10:05:00
12906.0,5,1749,2919.81,583.962,63,2011-09-22 15:03:00,2011-11-28 09:55:00
12907.0,2,177,508.90999999999997,254.45499999999998,25,2010-08-02 14:33:00,2010-11-09 12:08:00
12908.0,5,3000,1776.0,355.2,5,2010-03-19 15:59:00,2011-06-16 15:39:00
12909.0,8,1948,3103.19,387.89875,157,2010-02-24 12:14:00,2011-10-31 12:43:00
12910.0,13,3632,5796.52,445.8861538461539,137,2010-03-28 13:10:00,2011-11-16 14:28:00
12911.0,1,807,1651.72,1651.72,220,2010-06-06 12:13:00,2010-06-06 12:13:00
12912.0,5,670,1662.3,332.46,24,2011-10-30 11:35:00,2011-12-07 08:55:00
12913.0,13,3086,6283.240000000001,483.3261538461539,92,2009-12-01 12:18:00,2011-12-05 12:11:00
12914.0,1,336,223.98,223.98,9,2010-11-04 12:28:00,2010-11-04 12:28:00
12915.0,4,411,975.1,243.775,60,2010-04-29 19:36:00,2011-07-14 11:34:00
12916.0,7,1681,4479.73,639.9614285714285,164,2010-01-24 11:26:00,2011-07-24 10:35:00
12917.0,6,1104,4359.2,726.5333333333333,50,2009-12-09 14:22:00,2011-08-03 16:42:00
12918.0,1,1,10953.5,10953.5,1,2010-03-23 15:22:00,2010-03-23 15:22:00
12919.0,6,673,1335.19,222.53166666666667,50,2011-06-23 09:22:00,2011-12-01 13:47:00
12920.0,4,420,486.64,121.66,59,2009-12-14 15:58:00,2011-11-22 15:05:00
12921.0,74,21328,35233.24,476.12486486486483,1499,2009-12-01 13:43:00,2011-11-30 16:22:00
12922.0,1,370,405.38,405.38,28,2011-07-01 15:35:00,2011-07-01 15:35:00
12923.0,3,230,770.42,256.8066666666667,60,2010-05-13 14:55:00,2011-10-06 16:20:00
12924.0,12,1423,2469.4,205.78333333333333,70,2009-12-09 12:40:00,2011-09-12 13:55:00
12925.0,3,649,729.3299999999999,243.10999999999999,50,2010-04-26 10:32:00,2011-12-05 11:11:00
12926.0,4,754,1523.97,380.9925,254,2009-12-14 14:35:00,2010-10-24 15:57:00
12927.0,1,145,197.31,197.31,11,2010-11-10 10:02:00,2010-11-10 10:02:00
12928.0,12,2899,4304.89,358.74083333333334,179,2010-06-08 10:16:00,2011-11-04 14:24:00
12929.0,1,37,117.85,117.85,8,2011-02-01 12:08:00,2011-02-01 12:08:00
12930.0,2,252,415.8,207.9,25,2011-06-21 13:25:00,2011-09-22 15:18:00
12931.0,57,62906,92347.34,1620.1287719298246,215,2009-12-01 11:46:00,2011-11-18 12:39:00
12932.0,8,1609,1698.56,212.32,95,2010-02-10 08:46:00,2010-06-18 14:22:00
12933.0,8,949,1636.63,204.57875,285,2009-12-10 16:39:00,2011-11-15 16:38:00
12934.0,1,31,181.65,181.65,2,2009-12-03 10:51:00,2009-12-03 10:51:00
12935.0,15,3201,4243.86,282.924,254,2010-04-11 15:59:00,2011-12-07 17:25:00
12936.0,4,559,1063.9,265.975,62,2011-09-22 13:51:00,2011-11-22 17:32:00
12937.0,9,1983,3097.61,344.1788888888889,217,2009-12-03 15:43:00,2011-11-24 15:05:00
12938.0,1,140,114.14,114.14,9,2011-11-14 11:21:00,2011-11-14 11:21:00
12939.0,20,10328,25264.8,1263.24,86,2010-01-12 11:27:00,2011-10-06 14:33:00
12940.0,2,404,899.6899999999999,449.84499999999997,92,2011-09-13 10:16:00,2011-10-16 12:09:00
12941.0,1,381,377.49,377.49,27,2009-12-15 13:12:00,2009-12-15 13:12:00
12942.0,3,198,675.6,225.20000000000002,70,2010-12-09 09:34:00,2011-07-31 14:39:00
12943.0,2,222,496.5,248.25,25,2010-04-13 11:03:00,2010-05-30 13:52:00
12944.0,2,289,604.51,302.255,30,2010-12-20 10:41:00,2011-11-04 11:04:00
12945.0,2,446,900.11,450.055,51,2010-02-21 15:18:00,2011-02-24 14:15:00
12946.0,1,149,324.45,324.45,20,2010-09-29 10:14:00,2010-09-29 10:14:00
12947.0,6,1165,1603.99,267.33166666666665,97,2010-12-01 16:21:00,2011-07-19 10:06:00
12948.0,9,1304,2317.4300000000003,257.49222222222227,125,2009-12-02 12:28:00,2011-11-23 17:10:00
12949.0,22,8233,15526.699999999999,705.7590909090909,715,2009-12-03 15:56:00,2011-11-09 11:25:00
12950.0,3,1380,1843.0,614.3333333333334,23,2011-11-15 13:48:00,2011-12-07 13:17:00
12951.0,15,1662,3213.7200000000003,214.24800000000002,194,2010-01-10 12:43:00,2011-12-01 12:14:00
12952.0,4,653,1387.79,346.9475,79,2011-09-22 16:37:00,2011-12-04 10:35:00
12953.0,2,364,828.8100000000001,414.40500000000003,48,2010-07-05 13:37:00,2011-11-30 09:24:00
12954.0,1,83,162.45,162.45,10,2010-03-11 10:16:00,2010-03-11 10:16:00
12955.0,11,3664,4757.16,432.4690909090909,180,2011-03-17 09:03:00,2011-12-08 16:29:00
12956.0,4,340,521.89,130.4725,42,2009-12-15 19:03:00,2011-02-06 16:08:00
12957.0,13,4686,8706.97,669.766923076923,490,2009-12-11 12:01:00,2011-11-30 09:53:00
12958.0,2,118,467.34,233.67,45,2010-05-05 16:22:00,2010-11-04 16:16:00
12959.0,1,109,150.95,150.95,8,2010-08-12 17:20:00,2010-08-12 17:20:00
12960.0,4,1379,1322.0700000000002,330.51750000000004,70,2010-02-16 13:32:00,2010-10-22 09:31:00
12961.0,1,180,211.99,211.99,37,2010-11-25 16:44:00,2010-11-25 16:44:00
12962.0,2,129,266.39000000000004,133.19500000000002,16,2011-08-18 13:38:00,2011-12-02 15:55:00
12963.0,12,1637,3235.79,269.64916666666664,174,2010-07-08 14:45:00,2011-12-01 12:55:00
12964.0,1,56,132.24,132.24,26,2010-09-28 17:47:00,2010-09-28 17:47:00
12965.0,1,282,769.8100000000001,769.8100000000001,108,2011-09-11 15:31:00,2011-09-11 15:31:00
12966.0,1,75,160.18,160.18,10,2011-11-30 12:38:00,2011-11-30 12:38:00
12967.0,3,912,2938.5200000000004,979.5066666666668,65,2010-11-21 11:03:00,2010-12-16 19:10:00
12968.0,1,73,135.95,135.95,5,2011-08-19 15:44:00,2011-08-19 15:44:00
12969.0,1,55,122.45,122.45,5,2010-04-16 10:50:00,2010-04-16 10:50:00
12970.0,10,954,1453.6,145.35999999999999,321,2009-12-04 14:19:00,2011-12-02 14:30:00
12971.0,116,14306,15704.6,135.3844827586207,407,2009-12-15 19:04:00,2011-12-06 12:20:00
12972.0,4,844,1161.2,290.3,77,2010-02-16 14:30:00,2010-10-22 08:41:00
12973.0,1,31,385.55,385.55,6,2010-10-22 10:14:00,2010-10-22 10:14:00
12974.0,2,104,408.95,204.475,32,2010-05-23 11:45:00,2011-05-26 09:33:00
12975.0,6,911,2100.09,350.01500000000004,112,2009-12-06 10:38:00,2010-09-29 09:46:00
12976.0,8,2684,3156.38,394.5475,154,2010-02-12 15:46:00,2011-05-12 09:55:00
12977.0,4,128,513.88,128.47,56,2010-07-16 16:25:00,2011-07-06 16:40:00
12978.0,5,1394,2502.82,500.564,162,2009-12-10 12:10:00,2010-11-19 14:29:00
12979.0,1,520,517.7,517.7,56,2009-12-10 15:45:00,2009-12-10 15:45:00
12980.0,21,1910,16245.78,773.6085714285715,52,2009-12-02 11:26:00,2011-07-05 09:34:00
12981.0,2,242,372.22,186.11,20,2011-07-29 14:14:00,2011-11-10 12:00:00
12982.0,8,1729,2744.81,343.10125,178,2010-04-12 13:50:00,2011-04-11 11:51:00
12983.0,1,638,490.08000000000004,490.08000000000004,30,2010-04-20 12:58:00,2010-04-20 12:58:00
12984.0,1,26,97.5,97.5,4,2011-11-21 12:37:00,2011-11-21 12:37:00
12985.0,2,1533,1239.38,619.69,76,2011-11-11 12:44:00,2011-12-09 10:46:00
12986.0,10,1164,2729.84,272.98400000000004,102,2010-01-21 10:45:00,2010-10-07 11:57:00
12987.0,5,585,1312.21,262.442,66,2010-01-20 09:57:00,2011-09-27 12:03:00
12988.0,1,126,505.82,505.82,75,2011-02-20 14:31:00,2011-02-20 14:31:00
12989.0,33,6935,13551.75,410.65909090909093,97,2009-12-10 13:27:00,2011-12-06 15:28:00
12990.0,7,480,955.5,136.5,27,2010-03-30 11:36:00,2011-11-08 13:01:00
12991.0,3,483,764.8199999999999,254.93999999999997,45,2010-11-15 13:43:00,2011-11-16 15:34:00
12992.0,1,21,93.35000000000001,93.35000000000001,6,2009-12-14 16:46:00,2009-12-14 16:46:00
12993.0,8,751,1259.6299999999999,157.45374999999999,76,2010-02-18 10:35:00,2011-11-16 15:49:00
12994.0,3,459,974.4200000000001,324.8066666666667,61,2011-03-16 08:31:00,2011-12-05 15:43:00
12995.0,1,108,211.32,211.32,3,2011-09-15 15:44:00,2011-09-15 15:44:00
12996.0,1,122,355.5,355.5,22,2010-11-29 09:27:00,2010-11-29 09:27:00
12997.0,8,1186,2110.91,263.86375,107,2010-04-06 11:06:00,2011-11-17 15:47:00
12998.0,3,1124,920.08,306.6933333333333,58,2010-02-24 11:55:00,2010-08-04 08:05:00
12999.0,3,342,455.88,151.96,28,2011-04-08 10:26:00,2011-05-27 13:24:00
13000.0,4,548,1032.5,258.125,62,2009-12-14 17:03:00,2011-08-25 10:43:00
13001.0,33,13448,24042.65,728.5651515151516,999,2009-12-03 16:21:00,2011-12-05 14:51:00
13002.0,3,201,414.13,138.04333333333332,23,2010-10-01 11:58:00,2011-01-25 15:18:00
13003.0,3,103,149.05,49.68333333333334,6,2011-05-09 08:23:00,2011-08-26 10:50:00
13004.0,36,8768,11650.85,323.63472222222225,815,2009-12-15 09:44:00,2011-11-28 11:27:00
13005.0,4,462,999.6800000000001,249.92000000000002,56,2010-09-08 12:52:00,2011-06-19 10:53:00
13006.0,1,55,81.57,81.57,4,2011-10-14 13:49:00,2011-10-14 13:49:00
13007.0,1,59,175.25,175.25,11,2010-05-09 10:38:00,2010-05-09 10:38:00
13008.0,3,379,612.13,204.04333333333332,35,2009-12-16 16:07:00,2011-01-20 14:24:00
13009.0,1,120,234.0,234.0,4,2010-02-05 12:22:00,2010-02-05 12:22:00
13010.0,2,323,330.12,165.06,12,2010-03-01 11:28:00,2010-11-30 15:09:00
13011.0,1,13,50.550000000000004,50.550000000000004,3,2010-12-02 17:22:00,2010-12-02 17:22:00
13012.0,11,1559,2957.83,268.89363636363635,153,2010-04-26 14:14:00,2011-11-30 13:05:00
13013.0,29,5661,11097.43,369.91433333333333,487,2009-12-14 10:34:00,2011-12-08 15:01:00
13014.0,11,1979,5381.08,489.1890909090909,224,2010-10-03 11:35:00,2011-11-29 12:27:00
13015.0,11,3527,6579.78,598.1618181818181,348,2010-04-15 16:35:00,2011-10-17 13:19:00
13016.0,3,527,789.89,263.2966666666667,47,2011-08-08 15:00:00,2011-09-27 14:08:00
13017.0,1,48,204.0,204.0,1,2011-12-02 15:53:00,2011-12-02 15:53:00
13018.0,35,6746,9763.16,278.9474285714286,603,2010-03-01 12:34:00,2011-11-23 13:28:00
13019.0,6,397,1229.95,204.99166666666667,55,2009-12-06 15:40:00,2010-11-25 14:56:00
13020.0,2,278,618.96,309.48,39,2010-02-18 10:35:00,2010-05-26 11:12:00
13021.0,17,2546,4887.24,287.48470588235296,257,2009-12-05 12:02:00,2011-12-05 16:37:00
13022.0,1,35,65.3,65.3,5,2010-10-06 10:50:00,2010-10-06 10:50:00
13023.0,3,585,1449.03,362.2575,76,2010-06-29 09:51:00,2011-10-06 16:27:00
13024.0,2,181,555.87,277.935,31,2010-05-06 14:25:00,2010-08-26 09:42:00
13025.0,1,241,323.39,323.39,13,2009-12-08 10:02:00,2009-12-08 10:02:00
13026.0,9,2466,1733.0800000000002,192.56444444444446,82,2009-12-13 11:34:00,2011-12-08 16:58:00
13027.0,19,42840,17239.2,907.3263157894737,84,2010-01-20 10:41:00,2011-08-18 09:39:00
13028.0,2,798,661.3199999999999,330.65999999999997,45,2011-10-25 14:09:00,2011-11-17 11:10:00
13029.0,5,194,1927.3,385.46,17,2010-07-04 13:46:00,2011-11-09 09:13:00
13030.0,2,348,752.44,376.22,78,2010-12-06 14:31:00,2011-11-28 14:30:00
13031.0,5,2309,3292.84,658.568,398,2010-06-03 14:57:00,2010-10-28 15:34:00
13032.0,9,1274,2815.96,312.88444444444445,205,2010-09-05 14:01:00,2011-10-18 15:54:00
13033.0,2,98,220.55,110.275,13,2010-10-06 09:37:00,2010-12-17 14:23:00
13034.0,3,406,756.8199999999999,252.2733333333333,44,2010-11-03 15:22:00,2011-10-16 12:21:00
13035.0,3,926,1364.2,454.73333333333335,42,2010-10-04 15:41:00,2011-09-27 08:57:00
13036.0,1,38,307.1,307.1,6,2010-01-24 11:35:00,2010-01-24 11:35:00
13037.0,12,2130,3914.9500000000003,326.24583333333334,232,2009-12-03 17:04:00,2011-07-24 15:46:00
13038.0,3,360,908.46,302.82,28,2011-02-22 11:43:00,2011-09-20 14:37:00
13039.0,4,290,1010.73,252.6825,55,2009-12-17 16:43:00,2010-05-04 16:45:00
13040.0,2,355,676.99,338.495,43,2011-11-06 13:53:00,2011-12-01 10:38:00
13041.0,4,335,799.13,199.7825,35,2010-04-29 08:43:00,2010-09-15 11:44:00
13042.0,3,812,1488.59,496.19666666666666,176,2009-12-07 15:42:00,2010-04-20 13:43:00
13043.0,1,254,516.42,516.42,13,2011-03-11 14:52:00,2011-03-11 14:52:00
13044.0,11,2548,4848.05,440.7318181818182,411,2010-01-08 14:46:00,2011-02-21 15:20:00
13045.0,3,405,808.9200000000001,269.64000000000004,45,2010-08-10 13:02:00,2011-09-01 15:04:00
13046.0,3,505,949.25,316.4166666666667,56,2010-09-09 13:09:00,2011-11-09 08:36:00
13047.0,24,3328,8428.53,351.18875,378,2009-12-16 11:43:00,2011-11-08 12:06:00
13048.0,9,2661,4049.13,449.90333333333336,264,2010-01-27 12:55:00,2011-11-25 13:23:00
13049.0,4,620,1408.24,352.06,26,2010-11-03 15:39:00,2011-10-06 15:31:00
13050.0,35,7015,11986.52,342.47200000000004,974,2009-12-15 15:06:00,2011-11-25 09:18:00
13051.0,2,72,155.8,77.9,4,2010-03-30 11:11:00,2010-05-10 09:14:00
13052.0,7,1424,3119.33,445.61857142857144,240,2010-02-23 12:31:00,2011-05-11 14:12:00
13053.0,1,47,127.65,127.65,17,2010-03-28 11:28:00,2010-03-28 11:28:00
13055.0,4,1821,2321.11,580.2775,154,2010-10-06 08:17:00,2011-09-22 14:26:00
13056.0,1,158,209.48,209.48,18,2010-06-06 14:10:00,2010-06-06 14:10:00
13057.0,3,456,709.59,236.53,40,2010-03-18 12:14:00,2010-06-27 15:44:00
13058.0,3,52,271.4,90.46666666666665,8,2011-07-11 12:01:00,2011-11-15 12:43:00
13059.0,10,860,2291.77,229.177,194,2010-03-31 12:23:00,2011-04-04 10:40:00
13060.0,1,123,307.53,307.53,15,2011-03-31 11:37:00,2011-03-31 11:37:00
13061.0,1,107,248.61,248.61,10,2011-09-28 16:04:00,2011-09-28 16:04:00
13062.0,1,343,346.98,346.98,11,2011-06-01 15:12:00,2011-06-01 15:12:00
13063.0,1,116,188.4,188.4,12,2010-08-16 12:27:00,2010-08-16 12:27:00
13064.0,6,668,1666.8400000000001,277.8066666666667,91,2010-04-27 10:08:00,2011-11-27 12:31:00
13065.0,5,381,1055.0500000000002,211.01000000000005,62,2010-06-10 11:44:00,2010-12-01 16:52:00
13066.0,2,322,470.8,235.4,48,2011-11-07 17:06:00,2011-11-15 12:57:00
13067.0,3,131,508.51,169.50333333333333,31,2010-09-19 13:43:00,2011-09-18 13:38:00
13068.0,2,200,344.0,172.0,2,2011-01-24 08:20:00,2011-11-29 15:00:00
13069.0,38,15171,9284.45,244.32763157894738,1021,2010-06-14 14:27:00,2011-12-09 08:39:00
13070.0,4,372,751.7,187.925,33,2009-12-07 14:44:00,2011-05-31 13:45:00
13071.0,1,30,129.22,129.22,12,2010-04-06 13:37:00,2010-04-06 13:37:00
13072.0,1,69,177.15,177.15,7,2011-03-18 08:12:00,2011-03-18 08:12:00
13073.0,2,261,418.08,209.04,27,2010-09-28 09:27:00,2010-10-24 14:06:00
13074.0,4,826,1378.74,344.685,29,2009-12-16 11:46:00,2010-07-16 16:53:00
13075.0,1,485,919.61,919.61,22,2011-08-02 10:19:00,2011-08-02 10:19:00
13076.0,1,44,135.4,135.4,9,2010-09-08 10:27:00,2010-09-08 10:27:00
13077.0,11,2468,2740.65,249.15,328,2009-12-11 11:17:00,2011-12-08 19:24:00
13078.0,57,12032,29018.06,509.0887719298246,791,2009-12-01 09:06:00,2011-12-06 15:36:00
13079.0,6,158,419.18,69.86333333333333,17,2010-10-18 14:15:00,2011-12-05 16:53:00
13080.0,4,193,280.73,70.1825,19,2010-04-09 13:07:00,2011-06-13 14:59:00
13081.0,28,40077,56838.37,2029.9417857142857,2280,2009-12-08 13:58:00,2011-11-28 10:54:00
13082.0,21,8466,7335.75,349.32142857142856,129,2009-12-22 15:37:00,2011-08-05 16:16:00
13083.0,3,307,395.43,131.81,22,2010-10-10 13:38:00,2011-12-05 15:01:00
13084.0,1,144,122.39999999999999,122.39999999999999,2,2010-08-05 08:49:00,2010-08-05 08:49:00
13085.0,8,944,2433.2799999999997,304.15999999999997,84,2009-12-01 07:45:00,2011-07-05 12:11:00
13086.0,1,155,439.33000000000004,439.33000000000004,47,2010-11-22 10:28:00,2010-11-22 10:28:00
13087.0,1,86,313.64,313.64,15,2009-12-13 15:16:00,2009-12-13 15:16:00
13088.0,1,76,236.11,236.11,19,2010-10-18 15:35:00,2010-10-18 15:35:00
13089.0,203,58932,113416.91,558.7039901477833,3313,2009-12-02 15:44:00,2011-12-07 09:02:00
13090.0,24,3247,13091.74,545.4891666666666,272,2010-08-02 13:58:00,2011-12-01 12:39:00
13091.0,3,1339,2321.82,773.94,45,2009-12-10 11:50:00,2011-11-11 15:54:00
13092.0,12,664,2140.28,178.35666666666668,105,2010-02-10 08:44:00,2011-09-30 11:18:00
13093.0,55,25971,54144.25,984.4409090909091,1037,2009-12-04 10:32:00,2011-03-09 12:14:00
13094.0,13,1896,2209.44,169.9569230769231,29,2010-11-15 14:15:00,2011-11-18 14:07:00
13095.0,1,144,74.39999999999999,74.39999999999999,6,2011-09-30 12:03:00,2011-09-30 12:03:00
13096.0,1,6,419.70000000000005,419.70000000000005,1,2010-11-10 14:08:00,2010-11-10 14:08:00
13097.0,28,5345,13324.1,475.8607142857143,992,2009-12-01 13:31:00,2011-11-07 10:43:00
13098.0,28,15968,28882.44,1031.5157142857142,572,2011-01-26 13:46:00,2011-12-08 14:14:00
13099.0,1,288,207.35999999999999,207.35999999999999,1,2011-09-01 17:40:00,2011-09-01 17:40:00
13101.0,4,478,695.4,173.85,51,2010-01-27 15:49:00,2011-04-19 14:37:00
13102.0,37,6366,11380.1,307.57027027027027,481,2010-05-06 13:12:00,2011-12-08 12:52:00
13103.0,3,426,709.6400000000001,236.5466666666667,33,2010-05-11 14:41:00,2011-10-31 09:38:00
13104.0,9,834,1709.1,189.89999999999998,30,2010-02-24 15:06:00,2011-12-06 13:10:00
13105.0,1,100,72.0,72.0,1,2010-09-29 13:41:00,2010-09-29 13:41:00
13106.0,2,231,603.46,301.73,16,2010-10-22 13:10:00,2011-07-29 15:12:00
13107.0,9,4316,5253.07,583.6744444444444,178,2010-02-04 10:50:00,2011-10-26 14:52:00
13108.0,2,745,748.46,374.23,35,2010-09-30 17:09:00,2010-12-02 10:35:00
13109.0,3,757,1134.03,378.01,70,2010-06-06 12:59:00,2011-10-11 10:16:00
13110.0,12,763,2957.4700000000003,246.45583333333335,251,2009-12-01 14:14:00,2011-11-08 14:30:00
13111.0,1,180,321.88000000000005,321.88000000000005,12,2009-12-21 09:00:00,2009-12-21 09:00:00
13112.0,1,11,20.6,20.6,2,2010-06-16 17:03:00,2010-06-16 17:03:00
13113.0,37,4435,18230.07,492.7045945945946,372,2010-03-28 16:13:00,2011-12-09 12:49:00
13114.0,1,74,234.38,234.38,16,2009-12-09 09:56:00,2009-12-09 09:56:00
13115.0,10,3934,5494.7,549.47,314,2010-04-19 13:29:00,2011-11-28 12:38:00
13116.0,1,291,501.14,501.14,30,2011-07-24 14:33:00,2011-07-24 14:33:00
13117.0,18,1852,2255.66,125.31444444444443,162,2010-03-26 13:50:00,2011-11-18 12:02:00
13118.0,9,834,2415.41,268.37888888888887,148,2010-09-26 15:46:00,2011-11-20 12:46:00
13119.0,1,110,134.9,134.9,11,2010-02-09 08:38:00,2010-02-09 08:38:00
13120.0,1,12,30.599999999999998,30.599999999999998,1,2011-04-15 10:19:00,2011-04-15 10:19:00
13121.0,1,252,283.73,283.73,50,2011-03-15 16:47:00,2011-03-15 16:47:00
13122.0,2,585,922.39,461.195,55,2011-04-13 14:12:00,2011-09-06 15:53:00
13123.0,2,268,506.75,253.375,45,2010-06-28 12:43:00,2010-08-24 10:18:00
13124.0,4,2738,4641.66,1160.415,271,2010-11-19 15:50:00,2011-09-11 12:45:00
13125.0,1,53,148.62,148.62,20,2010-07-04 11:58:00,2010-07-04 11:58:00
13126.0,13,3289,3774.81,290.37,238,2010-03-02 12:24:00,2011-12-05 10:00:00
13127.0,1,127,259.17,259.17,15,2011-09-23 10:26:00,2011-09-23 10:26:00
13128.0,1,31,263.5,263.5,1,2010-03-18 15:08:00,2010-03-18 15:08:00
13129.0,2,296,233.25,116.625,11,2010-06-28 11:54:00,2010-09-13 13:47:00
13130.0,1,32,64.0,64.0,2,2011-09-06 15:30:00,2011-09-06 15:30:00
13131.0,7,1523,3313.77,473.3957142857143,149,2010-02-09 09:47:00,2011-11-16 13:21:00
13132.0,1,20,77.3,77.3,3,2011-03-23 12:44:00,2011-03-23 12:44:00
13133.0,3,55,200.45000000000002,66.81666666666668,12,2010-09-06 15:30:00,2011-03-11 10:31:00
13134.0,6,1364,2475.23,412.53833333333336,121,2010-10-19 13:21:00,2011-09-15 10:35:00
13135.0,2,4423,3371.45,1685.725,18,2010-08-05 17:28:00,2011-05-27 10:52:00
13136.0,13,3109,6274.56,482.65846153846155,315,2009-12-08 18:30:00,2011-10-14 13:41:00
13137.0,16,4238,7586.9400000000005,474.18375000000003,1332,2010-07-25 15:40:00,2011-11-29 12:09:00
13138.0,7,593,1274.01,182.00142857142856,85,2010-11-08 11:45:00,2011-11-17 16:51:00
13139.0,8,4614,8202.98,1025.3725,265,2010-09-28 09:12:00,2011-11-23 13:54:00
13140.0,5,572,1054.9199999999998,210.98399999999998,104,2010-08-05 19:05:00,2011-08-23 15:33:00
13141.0,17,5159,7656.08,450.35764705882355,424,2009-12-09 13:34:00,2011-09-16 09:54:00
13142.0,1,258,307.09,307.09,23,2011-11-20 16:07:00,2011-11-20 16:07:00
13143.0,1,198,405.1,405.1,23,2010-05-04 12:22:00,2010-05-04 12:22:00
13144.0,2,29,135.35,67.675,6,2010-10-04 14:14:00,2011-01-11 11:15:00
13145.0,7,265,1128.52,161.21714285714285,9,2010-04-19 11:11:00,2011-10-31 12:45:00
13146.0,1,154,228.91,228.91,16,2011-11-13 15:29:00,2011-11-13 15:29:00
13147.0,4,144,712.8000000000001,178.20000000000002,4,2011-09-01 12:28:00,2011-11-29 13:59:00
13148.0,26,4487,8497.82,326.83923076923077,740,2009-12-07 15:26:00,2011-11-10 15:23:00
13149.0,4,1280,1676.06,419.015,86,2011-02-23 13:57:00,2011-11-25 13:09:00
13150.0,3,171,449.96999999999997,149.98999999999998,8,2010-03-19 09:03:00,2010-08-12 12:59:00
13151.0,3,813,2465.21,821.7366666666667,146,2010-03-22 10:26:00,2011-02-17 12:29:00
13152.0,7,977,2146.38,306.6257142857143,135,2010-01-14 10:01:00,2010-10-18 13:44:00
13153.0,1,418,486.22,486.22,15,2011-12-04 12:14:00,2011-12-04 12:14:00
13154.0,3,976,1624.8400000000001,541.6133333333333,93,2009-12-04 08:46:00,2010-11-05 16:00:00
13155.0,6,741,1370.48,228.41333333333333,111,2010-08-05 09:30:00,2011-11-06 15:41:00
13156.0,3,914,1586.54,528.8466666666667,104,2010-02-01 13:45:00,2010-11-19 13:09:00
13157.0,9,4762,5687.36,631.9288888888889,251,2010-03-08 11:59:00,2011-10-21 13:50:00
13158.0,5,992,1508.18,301.636,100,2010-11-16 17:12:00,2011-09-06 11:58:00
13159.0,4,1058,1429.35,357.3375,119,2011-08-16 11:44:00,2011-12-01 11:20:00
13160.0,1,56,91.8,91.8,4,2011-11-17 13:07:00,2011-11-17 13:07:00
13161.0,2,105,472.13,236.065,33,2010-07-27 12:44:00,2011-01-30 14:03:00
13162.0,16,5755,9275.49,579.718125,238,2009-12-04 13:59:00,2011-08-09 15:59:00
13163.0,1,3,17.65,17.65,2,2010-04-08 16:21:00,2010-04-08 16:21:00
13164.0,2,120,372.20000000000005,186.10000000000002,10,2010-02-10 11:52:00,2010-05-19 13:52:00
13165.0,3,1736,1451.16,483.72,49,2010-10-22 17:04:00,2011-10-24 15:05:00
13166.0,2,522,875.9300000000001,437.96500000000003,66,2010-10-21 14:29:00,2011-03-01 15:16:00
13167.0,5,1007,1125.15,225.03000000000003,81,2010-11-14 12:58:00,2011-11-21 12:24:00
13168.0,5,898,1840.73,368.146,169,2010-06-15 15:00:00,2011-11-03 12:56:00
13169.0,3,296,840.0799999999999,280.02666666666664,18,2010-05-26 15:58:00,2011-10-07 12:11:00
13170.0,1,141,108.81,108.81,29,2011-11-13 12:19:00,2011-11-13 12:19:00
13171.0,3,229,468.40999999999997,156.13666666666666,46,2011-02-13 14:16:00,2011-11-18 10:27:00
13172.0,1,48,69.6,69.6,1,2010-11-04 15:10:00,2010-11-04 15:10:00
13173.0,11,1481,2399.82,218.16545454545457,214,2009-12-10 12:52:00,2011-12-05 15:51:00
13174.0,12,3794,7995.36,666.28,897,2009-12-04 15:40:00,2011-11-23 14:35:00
13175.0,2,423,831.4499999999999,415.72499999999997,46,2009-12-04 12:11:00,2010-05-06 13:13:00
13176.0,1,448,481.49,481.49,66,2011-10-24 15:43:00,2011-10-24 15:43:00
13177.0,2,180,512.2,256.1,30,2010-10-05 10:35:00,2011-10-06 09:56:00
13178.0,21,8778,14059.19,669.4852380952382,687,2009-12-16 14:00:00,2011-11-13 16:14:00
13179.0,1,368,572.3100000000001,572.3100000000001,34,2010-03-31 11:40:00,2010-03-31 11:40:00
13180.0,1,42,86.10000000000001,86.10000000000001,4,2010-04-11 13:37:00,2010-04-11 13:37:00
13181.0,1,171,359.69,359.69,19,2010-11-23 15:05:00,2010-11-23 15:05:00
13182.0,1,201,121.18,121.18,11,2011-10-25 13:46:00,2011-10-25 13:46:00
13183.0,15,4027,7036.18,469.07866666666666,156,2010-03-14 12:32:00,2011-12-02 10:30:00
13184.0,10,1662,1668.95,166.895,178,2011-02-22 17:25:00,2011-11-25 12:02:00
13185.0,1,12,71.4,71.4,1,2011-03-17 11:56:00,2011-03-17 11:56:00
13186.0,3,820,1575.89,525.2966666666667,79,2011-08-03 09:09:00,2011-10-31 11:40:00
13187.0,4,296,341.36,85.34,53,2010-03-25 17:18:00,2011-01-06 18:57:00
13188.0,1,25,114.60000000000001,114.60000000000001,2,2011-11-28 15:28:00,2011-11-28 15:28:00
13189.0,2,842,260.68,130.34,29,2011-08-16 13:12:00,2011-11-21 10:39:00
13190.0,3,308,570.66,190.22,17,2009-12-07 12:13:00,2010-06-13 15:47:00
13191.0,1,115,164.69,164.69,58,2010-02-19 17:02:00,2010-02-19 17:02:00
13192.0,6,1629,2558.58,426.43,162,2010-01-22 08:37:00,2011-09-05 14:13:00
13193.0,1,46,112.08,112.08,22,2011-10-09 14:30:00,2011-10-09 14:30:00
13194.0,2,326,472.78,236.39,10,2010-10-14 11:54:00,2011-07-27 09:01:00
13195.0,1,70,136.73,136.73,43,2010-10-21 13:07:00,2010-10-21 13:07:00
13196.0,7,2006,3068.84,438.4057142857143,188,2010-04-01 12:54:00,2011-11-28 13:54:00
13197.0,1,204,373.01000000000005,373.01000000000005,19,2010-04-09 09:14:00,2010-04-09 09:14:00
13198.0,8,3449,4974.23,621.77875,314,2010-10-01 13:27:00,2011-11-29 15:17:00
13199.0,67,11567,15964.21,238.2717910447761,203,2009-12-05 10:11:00,2011-12-06 12:30:00
13200.0,4,516,870.09,217.5225,46,2011-08-05 14:50:00,2011-11-20 15:35:00
13201.0,4,1036,1233.06,308.265,85,2010-03-07 11:01:00,2010-07-25 14:30:00
13202.0,7,572,1580.3000000000002,197.53750000000002,69,2009-12-09 10:48:00,2010-11-10 16:24:00
13203.0,10,2413,2648.25,264.825,169,2009-12-17 14:15:00,2011-11-30 10:45:00
13204.0,1,428,966.6600000000001,966.6600000000001,57,2009-12-08 14:56:00,2009-12-08 14:56:00
13205.0,1,256,2803.2,2803.2,1,2010-09-22 16:26:00,2010-09-22 16:26:00
13206.0,13,7086,8308.19,639.0915384615384,557,2009-12-07 13:48:00,2010-11-04 16:50:00
13207.0,4,178,535.86,133.965,13,2010-04-06 16:37:00,2011-11-24 14:52:00
13208.0,9,1343,1976.3,219.58888888888887,246,2009-12-03 13:25:00,2011-10-12 09:54:00
13209.0,13,5781,8509.51,654.5776923076924,365,2010-01-24 14:30:00,2011-11-09 13:54:00
13210.0,1,316,353.48,353.48,22,2011-09-07 08:18:00,2011-09-07 08:18:00
13211.0,10,1845,2618.77,261.877,191,2009-12-06 15:24:00,2011-11-29 14:43:00
13212.0,3,309,786.83,262.2766666666667,140,2011-10-09 14:48:00,2011-11-20 12:40:00
13213.0,11,2962,3851.5200000000004,350.13818181818186,204,2010-05-20 14:50:00,2011-10-14 11:42:00
13214.0,7,2966,3264.23,466.31857142857143,229,2010-03-03 14:10:00,2010-10-18 10:00:00
13215.0,1,96,81.6,81.6,1,2010-11-02 18:26:00,2010-11-02 18:26:00
13216.0,1,297,333.74,333.74,5,2011-03-17 12:18:00,2011-03-17 12:18:00
13217.0,4,512,666.48,166.62,5,2010-02-22 12:49:00,2011-08-09 15:32:00
13218.0,1,88,62.63999999999999,62.63999999999999,5,2011-08-04 16:59:00,2011-08-04 16:59:00
13219.0,1,11,76.23,76.23,11,2010-03-31 14:18:00,2010-03-31 14:18:00
13220.0,5,396,1336.09,267.21799999999996,53,2010-05-13 10:35:00,2011-09-22 13:38:00
13221.0,2,244,847.4100000000001,423.70500000000004,66,2010-12-15 13:24:00,2011-04-13 16:58:00
13222.0,1,30,88.5,88.5,1,2010-05-11 13:54:00,2010-05-11 13:54:00
13223.0,6,568,969.1200000000001,161.52,13,2010-02-12 13:27:00,2011-05-23 13:03:00
13224.0,2,1518,2155.95,1077.975,108,2011-07-11 14:10:00,2011-10-10 14:55:00
13225.0,16,7401,16260.070000000002,1016.2543750000001,125,2009-12-17 09:09:00,2011-12-06 13:29:00
13226.0,2,179,312.46000000000004,156.23000000000002,28,2010-11-11 13:46:00,2011-03-11 14:35:00
13227.0,1,99,257.7,257.7,9,2011-05-22 11:47:00,2011-05-22 11:47:00
13228.0,1,200,358.0,358.0,2,2011-09-19 14:28:00,2011-09-19 14:28:00
13229.0,1,63,160.95,160.95,10,2011-04-28 12:07:00,2011-04-28 12:07:00
13230.0,30,3520,6120.01,191.2503125,1216,2010-03-18 20:02:00,2011-12-05 16:03:00
13232.0,7,773,1328.35,189.7642857142857,200,2011-04-10 13:48:00,2011-11-27 10:39:00
13233.0,4,1604,1176.46,294.115,76,2010-01-14 14:10:00,2011-09-26 13:25:00
13234.0,2,159,346.5,173.25,58,2009-12-07 12:32:00,2010-02-05 11:41:00
13235.0,1,441,1031.07,1031.07,53,2011-05-11 17:13:00,2011-05-11 17:13:00
13236.0,2,416,744.85,372.425,36,2011-08-25 08:58:00,2011-11-15 12:50:00
13237.0,1,128,643.0,643.0,24,2010-11-17 10:07:00,2010-11-17 10:07:00
13238.0,6,442,1006.63,167.77166666666668,47,2010-04-28 15:02:00,2011-11-22 15:37:00
13239.0,5,1151,1594.69,318.938,93,2010-07-25 13:34:00,2011-03-23 10:25:00
13240.0,8,709,1475.79,184.47375,189,2010-02-25 13:17:00,2011-09-04 14:08:00
13241.0,1,46,112.53,112.53,40,2010-10-24 11:17:00,2010-10-24 11:17:00
13242.0,7,350,699.4,99.91428571428571,35,2010-02-09 13:12:00,2011-08-19 12:53:00
13243.0,5,554,1220.38,244.07600000000002,200,2010-03-18 13:10:00,2011-05-20 13:14:00
13244.0,1,38,121.74000000000001,121.74000000000001,27,2011-09-08 11:46:00,2011-09-08 11:46:00
13245.0,2,371,989.22,494.61,45,2010-10-03 14:03:00,2011-10-20 11:40:00
13246.0,11,2796,3351.75,304.70454545454544,359,2010-07-02 13:36:00,2011-11-21 16:50:00
13247.0,4,328,501.12,125.28,25,2011-09-18 11:31:00,2011-11-22 10:59:00
13248.0,2,305,465.67999999999995,232.83999999999997,26,2011-06-03 13:05:00,2011-08-07 12:40:00
13249.0,9,1246,1608.93,178.77,35,2010-01-24 12:11:00,2011-09-08 13:26:00
13250.0,2,107,253.09,126.545,19,2010-07-25 14:01:00,2010-09-05 11:33:00
13251.0,1,215,252.68,252.68,25,2010-11-02 13:20:00,2010-11-02 13:20:00
13252.0,2,134,399.29999999999995,199.64999999999998,19,2010-03-24 10:30:00,2010-11-10 16:00:00
13253.0,4,3015,2951.11,737.7775,75,2010-01-05 12:13:00,2011-07-06 10:09:00
13254.0,1,43,51.410000000000004,51.410000000000004,4,2010-11-28 15:42:00,2010-11-28 15:42:00
13255.0,3,407,678.76,226.25333333333333,26,2010-07-15 13:20:00,2011-11-30 13:14:00
13257.0,1,33,149.75,149.75,7,2010-09-29 14:58:00,2010-09-29 14:58:00
13258.0,5,446,1009.43,201.886,43,2010-11-04 12:45:00,2011-11-28 09:31:00
13259.0,9,503,1402.54,155.83777777777777,308,2010-01-10 10:26:00,2011-10-09 10:48:00
13260.0,1,142,557.62,557.62,8,2011-10-09 13:21:00,2011-10-09 13:21:00
13261.0,2,210,944.1,472.05,9,2011-02-27 10:41:00,2011-03-16 12:22:00
13262.0,3,247,573.45,191.15,50,2010-04-18 12:14:00,2011-03-21 15:06:00
13263.0,39,5372,8676.2,222.4666666666667,1892,2010-10-22 17:07:00,2011-12-08 13:59:00
13264.0,1,375,722.5600000000001,722.5600000000001,38,2010-09-23 12:42:00,2010-09-23 12:42:00
13265.0,5,1740,2092.6600000000003,418.53200000000004,90,2011-03-11 09:54:00,2011-10-17 15:02:00
13266.0,19,6837,6135.04,322.89684210526315,307,2009-12-17 10:52:00,2011-11-28 14:39:00
13267.0,36,3959,9429.81,261.93916666666667,411,2009-12-07 16:56:00,2011-12-07 11:12:00
13268.0,11,3624,3174.75,288.6136363636364,427,2011-03-17 13:20:00,2011-11-22 11:51:00
13269.0,28,6366,8537.32,304.9042857142857,485,2009-12-02 11:47:00,2011-12-08 14:53:00
13270.0,1,200,590.0,590.0,1,2010-12-08 14:53:00,2010-12-08 14:53:00
13271.0,1,240,211.49,211.49,79,2011-11-02 14:31:00,2011-11-02 14:31:00
13272.0,2,96,276.56,138.28,15,2011-09-11 12:06:00,2011-11-08 14:00:00
13273.0,1,153,138.98,138.98,16,2011-08-18 14:02:00,2011-08-18 14:02:00
13274.0,1,199,360.85,360.85,19,2010-10-26 13:48:00,2010-10-26 13:48:00
13275.0,2,138,238.86,119.43,48,2010-03-17 14:05:00,2010-11-21 12:09:00
13276.0,5,840,1891.91,378.382,232,2010-03-07 14:05:00,2011-10-07 12:44:00
13277.0,7,382,523.3,74.75714285714285,23,2010-06-18 08:45:00,2011-11-24 09:21:00
13278.0,4,1358,1435.85,358.9625,108,2010-04-08 11:59:00,2011-10-30 11:49:00
13279.0,1,73,137.75,137.75,9,2011-09-22 17:24:00,2011-09-22 17:24:00
13280.0,7,1489,2293.33,327.61857142857144,203,2010-03-05 09:07:00,2011-08-09 13:14:00
13281.0,1,201,350.85,350.85,22,2010-09-26 16:03:00,2010-09-26 16:03:00
13282.0,4,410,1313.19,328.2975,51,2010-10-29 14:11:00,2011-11-21 15:33:00
13283.0,4,204,373.36,93.34,20,2010-03-09 14:36:00,2011-10-11 09:50:00
13284.0,1,91,201.19,201.19,13,2011-01-13 09:23:00,2011-01-13 09:23:00
13285.0,6,2457,3364.59,560.765,231,2010-03-25 14:26:00,2011-11-16 13:19:00
13286.0,1,274,734.91,734.91,46,2010-04-18 15:35:00,2010-04-18 15:35:00
13287.0,3,429,781.59,260.53000000000003,53,2010-01-04 10:43:00,2010-04-15 15:26:00
13288.0,5,379,927.61,185.522,10,2010-02-11 14:59:00,2010-09-22 16:32:00
13289.0,1,119,307.95,307.95,16,2009-12-16 11:53:00,2009-12-16 11:53:00
13290.0,1,1,208.63,208.63,1,2010-09-27 16:29:00,2010-09-27 16:29:00
13291.0,11,1600,3270.79,297.3445454545454,308,2010-02-11 18:36:00,2011-07-07 10:36:00
13292.0,5,530,994.51,198.902,59,2010-07-01 14:36:00,2011-11-01 10:04:00
13293.0,6,555,1192.94,198.82333333333335,72,2010-02-09 12:05:00,2010-11-12 13:28:00
13294.0,3,996,1689.53,563.1766666666666,102,2010-03-03 12:54:00,2011-06-03 08:54:00
13295.0,4,733,1101.97,275.4925,67,2010-05-12 09:13:00,2010-12-15 11:21:00
13296.0,6,653,792.51,132.085,53,2010-05-11 14:29:00,2011-07-25 13:46:00
13297.0,7,2694,4368.62,624.0885714285714,123,2010-06-15 12:35:00,2011-12-02 09:32:00
13298.0,1,96,360.0,360.0,2,2011-12-08 13:11:00,2011-12-08 13:11:00
13299.0,3,416,1218.7,406.23333333333335,62,2010-06-29 11:30:00,2011-03-16 12:55:00
13300.0,3,455,1285.51,428.50333333333333,55,2010-05-14 15:56:00,2011-06-23 13:09:00
13301.0,4,345,618.09,154.5225,81,2011-02-20 13:13:00,2011-08-28 11:25:00
13302.0,2,12,159.2,79.6,3,2010-07-01 12:32:00,2011-07-07 17:56:00
13303.0,1,26,61.72,61.72,4,2010-11-04 14:55:00,2010-11-04 14:55:00
13304.0,4,716,1217.99,304.4975,78,2010-02-08 12:42:00,2010-12-23 14:35:00
13305.0,16,2228,3616.41,226.025625,200,2010-03-10 14:49:00,2011-12-05 15:15:00
13306.0,1,74,53.65,53.65,4,2010-10-05 14:55:00,2010-10-05 14:55:00
13307.0,3,140,273.34000000000003,91.11333333333334,15,2010-04-26 13:28:00,2011-08-11 17:14:00
13308.0,4,1073,1670.3700000000001,417.59250000000003,71,2010-04-22 09:22:00,2011-11-17 09:31:00
13309.0,6,1914,1706.37,284.395,130,2010-11-12 12:10:00,2011-12-02 16:34:00
13310.0,5,816,1541.2,308.24,95,2010-11-02 17:03:00,2011-11-11 17:23:00
13311.0,2,305,598.57,299.285,26,2011-07-12 14:26:00,2011-12-05 12:55:00
13312.0,1,41,124.75,124.75,5,2010-09-14 14:36:00,2010-09-14 14:36:00
13313.0,12,2308,3445.32,287.11,187,2009-12-02 16:18:00,2011-11-17 16:48:00
13314.0,3,560,775.94,258.6466666666667,61,2011-09-27 10:20:00,2011-12-08 12:29:00
13315.0,1,232,310.26,310.26,22,2010-01-19 15:34:00,2010-01-19 15:34:00
13316.0,10,19931,12940.82,1294.0819999999999,173,2010-03-10 10:01:00,2011-11-02 13:40:00
13317.0,19,3149,6486.091,341.3732105263158,344,2009-12-13 11:11:00,2011-10-04 13:35:00
13318.0,3,304,640.76,213.58666666666667,20,2011-11-02 13:26:00,2011-12-08 18:51:00
13319.0,58,8974,21323.22,367.6417241379311,923,2009-12-06 14:46:00,2011-12-04 13:34:00
13320.0,6,1509,2211.6,368.59999999999997,149,2010-08-18 10:29:00,2011-09-22 18:07:00
13321.0,2,372,567.36,283.68,11,2011-09-14 15:18:00,2011-09-28 15:24:00
13322.0,1,117,199.48000000000002,199.48000000000002,25,2011-11-22 14:21:00,2011-11-22 14:21:00
13323.0,5,175,787.85,157.57,21,2011-09-16 13:23:00,2011-12-06 17:12:00
13324.0,18,8448,10513.47,584.0816666666666,132,2010-05-25 10:23:00,2011-11-03 16:28:00
13325.0,1,240,675.3,675.3,12,2011-09-19 10:36:00,2011-09-19 10:36:00
13326.0,1,140,281.76,281.76,13,2010-10-03 16:00:00,2010-10-03 16:00:00
13327.0,20,4203,9134.48,456.724,321,2009-12-18 15:35:00,2011-11-01 10:21:00
13328.0,1,680,1308.48,1308.48,17,2011-01-27 15:22:00,2011-01-27 15:22:00
13329.0,8,3311,4808.77,601.09625,118,2009-12-04 15:41:00,2011-11-08 10:29:00
13330.0,6,1951,2796.1,466.01666666666665,117,2010-02-23 10:12:00,2011-09-08 12:27:00
13331.0,1,54,262.4,262.4,12,2010-11-03 08:04:00,2010-11-03 08:04:00
13332.0,1,179,350.9,350.9,21,2011-11-25 13:30:00,2011-11-25 13:30:00
13333.0,3,685,1015.7400000000001,338.58000000000004,55,2010-02-19 09:26:00,2010-10-24 13:24:00
13334.0,5,3198,6201.8,1240.3600000000001,468,2010-02-25 12:21:00,2011-09-18 15:21:00
13336.0,1,559,795.12,795.12,51,2011-09-23 14:05:00,2011-09-23 14:05:00
13337.0,1,980,1575.26,1575.26,87,2010-06-11 13:27:00,2010-06-11 13:27:00
13338.0,4,1151,2445.62,611.405,128,2010-01-05 12:25:00,2011-07-05 09:06:00
13339.0,1,326,860.12,860.12,54,2011-05-23 08:31:00,2011-05-23 08:31:00
13340.0,12,9636,22100.56,1841.7133333333334,215,2010-02-22 14:54:00,2011-10-25 13:15:00
13341.0,1,301,775.85,775.85,42,2011-03-24 09:50:00,2011-03-24 09:50:00
13343.0,1,135,353.43,353.43,19,2011-06-15 12:24:00,2011-06-15 12:24:00
13344.0,3,952,2511.69,837.23,116,2011-03-07 10:28:00,2011-10-03 09:45:00
13345.0,1,141,389.5,389.5,20,2011-02-25 09:01:00,2011-02-25 09:01:00
13346.0,6,180,299.4,49.9,6,2010-04-22 12:34:00,2010-09-03 11:41:00
13347.0,1,205,341.36,341.36,8,2011-09-30 13:28:00,2011-09-30 13:28:00
13348.0,1,136,233.76,233.76,14,2011-10-06 17:28:00,2011-10-06 17:28:00
13349.0,1,225,247.32,247.32,16,2011-11-29 08:07:00,2011-11-29 08:07:00
13350.0,2,287,979.1200000000001,489.56000000000006,40,2011-09-21 13:33:00,2011-11-23 16:33:00
13351.0,1,117,373.94,373.94,16,2011-10-04 12:55:00,2011-10-04 12:55:00
13352.0,1,321,397.97999999999996,397.97999999999996,24,2011-10-10 13:55:00,2011-10-10 13:55:00
13354.0,1,604,743.53,743.53,51,2011-09-29 13:17:00,2011-09-29 13:17:00
13355.0,1,314,674.7,674.7,32,2011-08-09 14:48:00,2011-08-09 14:48:00
13356.0,1,325,768.24,768.24,42,2011-09-20 14:33:00,2011-09-20 14:33:00
13357.0,5,2112,3805.51,761.1020000000001,386,2010-03-22 14:30:00,2011-03-27 13:56:00
13358.0,1,285,439.03,439.03,29,2011-03-16 11:52:00,2011-03-16 11:52:00
13359.0,2,381,1043.31,521.655,56,2010-11-01 15:05:00,2011-10-07 09:30:00
13360.0,4,942,1553.65,388.4125,66,2010-01-08 11:16:00,2010-10-04 12:37:00
13361.0,2,324,1450.5,725.25,34,2010-04-01 07:49:00,2010-08-24 14:56:00
13362.0,7,2481,5394.07,770.5814285714285,298,2010-10-10 15:27:00,2011-11-30 14:41:00
13363.0,3,1146,1723.8600000000001,574.62,102,2010-10-26 11:07:00,2011-11-22 12:40:00
13364.0,1,71,134.95999999999998,134.95999999999998,10,2011-09-29 18:13:00,2011-09-29 18:13:00
13365.0,2,1247,2225.37,1112.685,128,2011-05-06 12:00:00,2011-11-06 12:36:00
13366.0,1,144,56.160000000000004,56.160000000000004,1,2011-10-20 13:37:00,2011-10-20 13:37:00
13367.0,1,253,510.20000000000005,510.20000000000005,20,2010-10-04 10:00:00,2010-10-04 10:00:00
13368.0,4,606,1121.5,280.375,52,2010-10-12 10:43:00,2011-03-28 09:59:00
13369.0,1,149,308.28000000000003,308.28000000000003,14,2010-12-09 11:30:00,2010-12-09 11:30:00
13370.0,1,343,754.87,754.87,39,2010-12-03 10:26:00,2010-12-03 10:26:00
13371.0,2,1019,2297.66,1148.83,92,2010-03-17 15:29:00,2010-07-22 17:33:00
13372.0,1,159,378.64,378.64,23,2011-09-11 12:46:00,2011-09-11 12:46:00
13373.0,6,4263,7587.1900000000005,1264.5316666666668,358,2009-12-06 12:34:00,2011-10-10 10:51:00
13374.0,2,135,422.8,211.4,17,2010-09-16 10:29:00,2010-10-21 10:04:00
13375.0,2,1124,1792.23,896.115,71,2010-09-21 08:12:00,2011-09-12 10:19:00
13376.0,3,493,1019.76,339.92,53,2011-04-19 13:03:00,2011-09-01 16:16:00
13377.0,2,748,1552.88,776.44,78,2010-03-04 10:06:00,2010-11-08 12:20:00
13379.0,3,601,572.56,190.85333333333332,94,2011-07-26 12:26:00,2011-11-13 13:45:00
13380.0,1,48,62.4,62.4,3,2010-10-03 10:18:00,2010-10-03 10:18:00
13381.0,12,5125,8224.369999999999,685.3641666666666,356,2009-12-01 15:19:00,2011-11-08 11:58:00
13382.0,5,863,1387.58,277.51599999999996,86,2009-12-08 09:56:00,2011-03-04 10:03:00
13383.0,1,288,305.28000000000003,305.28000000000003,1,2010-06-14 11:45:00,2010-06-14 11:45:00
13384.0,11,4142,6680.83,607.3481818181818,264,2010-07-27 12:22:00,2011-11-09 11:04:00
13385.0,1,281,534.57,534.57,35,2011-01-14 09:52:00,2011-01-14 09:52:00
13386.0,2,514,835.46,417.73,31,2010-09-28 13:09:00,2010-10-21 12:52:00
13387.0,1,123,186.94,186.94,71,2010-10-18 14:07:00,2010-10-18 14:07:00
13388.0,3,701,1185.6499999999999,395.21666666666664,69,2010-04-15 10:18:00,2011-07-31 12:52:00
13389.0,3,429,797.96,265.9866666666667,51,2011-04-21 12:12:00,2011-11-28 14:01:00
13390.0,1,224,544.08,544.08,13,2011-09-26 08:38:00,2011-09-26 08:38:00
13391.0,1,4,59.8,59.8,1,2011-05-20 10:50:00,2011-05-20 10:50:00
13392.0,1,82,91.14,91.14,8,2010-01-31 13:34:00,2010-01-31 13:34:00
13393.0,4,662,1131.45,282.8625,69,2009-12-07 18:12:00,2010-05-05 09:34:00
13394.0,19,5354,6621.7,348.5105263157895,409,2009-12-01 11:58:00,2011-12-08 11:36:00
13395.0,3,1660,1180.23,393.41,81,2010-10-14 13:00:00,2011-06-07 15:04:00
13396.0,2,600,1360.99,680.495,43,2011-01-24 13:37:00,2011-11-10 16:59:00
13397.0,10,1336,3191.87,319.187,89,2010-01-20 09:50:00,2011-09-28 10:56:00
13398.0,2,341,670.3399999999999,335.16999999999996,39,2010-09-17 09:34:00,2011-05-31 13:17:00
13399.0,3,120,275.4,91.8,15,2010-07-08 17:47:00,2010-09-01 13:59:00
13400.0,1,284,310.83,310.83,23,2010-05-06 09:00:00,2010-05-06 09:00:00
13402.0,4,917,1226.85,306.7125,79,2010-05-24 10:56:00,2011-08-04 15:51:00
13403.0,3,114,229.5,76.5,9,2009-12-16 13:23:00,2011-11-22 08:28:00
13404.0,2,111,252.49,126.245,11,2011-05-11 11:57:00,2011-12-08 15:37:00
13405.0,6,855,1213.8110000000001,202.30183333333335,42,2009-12-15 14:13:00,2011-09-26 17:01:00
13406.0,2,292,568.92,284.46,9,2010-03-18 07:29:00,2010-10-08 14:44:00
13407.0,3,1690,2244.7,748.2333333333332,85,2010-02-16 11:13:00,2010-05-10 12:41:00
13408.0,106,28675,50174.782,473.347,826,2009-12-04 09:31:00,2011-12-08 09:05:00
13410.0,9,1244,2201.96,244.66222222222223,50,2009-12-08 13:43:00,2011-11-15 15:33:00
13411.0,1,72,213.55,213.55,17,2011-08-24 13:57:00,2011-08-24 13:57:00
13412.0,1,176,487.34999999999997,487.34999999999997,33,2010-03-29 16:28:00,2010-03-29 16:28:00
13413.0,6,455,429.44000000000005,71.57333333333334,43,2010-01-21 17:43:00,2010-03-10 12:17:00
13414.0,6,2702,2494.14,415.69,55,2010-04-15 17:00:00,2011-07-29 11:45:00
13415.0,4,496,784.1700000000001,196.04250000000002,101,2009-12-11 14:20:00,2010-08-24 11:38:00
13416.0,3,208,940.8,313.59999999999997,26,2009-12-03 13:02:00,2011-10-27 08:56:00
13417.0,6,532,1669.49,278.24833333333333,77,2010-02-08 12:39:00,2011-12-05 08:49:00
13418.0,31,7354,11559.66,372.8922580645161,537,2009-12-11 12:51:00,2011-11-28 10:23:00
13419.0,1,275,221.06,221.06,16,2011-10-07 12:49:00,2011-10-07 12:49:00
13420.0,2,101,159.85,79.925,8,2011-06-22 11:35:00,2011-07-13 08:48:00
13421.0,8,2351,4058.75,507.34375,261,2010-02-14 14:45:00,2011-10-30 14:21:00
13422.0,1,1326,2626.3,2626.3,127,2011-10-06 13:42:00,2011-10-06 13:42:00
13423.0,1,141,217.03,217.03,12,2010-10-07 09:02:00,2010-10-07 09:02:00
13424.0,1,529,572.77,572.77,40,2010-09-16 10:49:00,2010-09-16 10:49:00
13425.0,5,2358,3390.4300000000003,678.086,177,2010-05-09 14:35:00,2011-08-23 17:13:00
13426.0,22,4868,8167.38,371.24454545454546,343,2009-12-09 15:16:00,2011-12-09 08:59:00
13427.0,6,880,1006.53,167.755,52,2009-12-17 13:44:00,2011-11-20 13:02:00
13428.0,3,356,478.53999999999996,159.51333333333332,136,2010-07-13 13:20:00,2011-11-29 14:20:00
13429.0,4,1390,1006.8000000000001,251.70000000000002,67,2011-09-25 15:59:00,2011-11-29 09:10:00
13430.0,2,751,679.45,339.725,49,2011-09-14 14:26:00,2011-11-21 08:19:00
13431.0,8,1570,3316.24,414.53,129,2010-02-18 11:53:00,2011-10-03 13:49:00
13432.0,2,217,439.1,219.55,110,2010-04-06 14:42:00,2010-05-17 13:18:00
13433.0,4,190,658.3199999999999,164.57999999999998,24,2010-01-12 08:59:00,2010-07-26 16:55:00
13434.0,5,864,1666.8600000000001,333.372,35,2010-02-22 09:54:00,2011-09-26 14:30:00
13435.0,9,2754,4447.33,494.1477777777778,144,2010-07-27 16:56:00,2011-12-04 14:45:00
13436.0,1,76,196.89,196.89,12,2011-12-08 10:33:00,2011-12-08 10:33:00
13437.0,7,1283,3408.06,486.86571428571426,167,2011-06-02 14:30:00,2011-11-25 14:00:00
13438.0,1,10,46.5,46.5,1,2010-06-10 18:46:00,2010-06-10 18:46:00
13439.0,3,952,986.61,328.87,165,2010-07-01 14:36:00,2011-03-29 14:20:00
13440.0,7,573,1295.25,185.03571428571428,59,2010-09-14 10:34:00,2010-10-12 13:11:00
13441.0,2,520,720.9,360.45,38,2010-10-04 10:38:00,2011-09-09 09:38:00
13442.0,3,115,419.87,139.95666666666668,38,2009-12-01 14:59:00,2010-02-10 14:03:00
13443.0,6,805,1273.1599999999999,212.1933333333333,199,2010-01-31 13:30:00,2010-09-17 12:31:00
13444.0,2,331,619.08,309.54,53,2010-07-21 14:34:00,2010-11-30 13:02:00
13445.0,1,198,241.89999999999998,241.89999999999998,7,2010-03-23 15:34:00,2010-03-23 15:34:00
13446.0,11,2403,3881.8900000000003,352.89909090909094,192,2010-02-14 11:52:00,2010-10-05 18:51:00
13447.0,3,584,1129.14,376.38000000000005,59,2011-11-04 10:10:00,2011-11-16 13:38:00
13448.0,13,4195,8745.93,672.7638461538462,527,2009-12-06 12:14:00,2011-11-23 12:33:00
13449.0,1,222,291.88,291.88,19,2011-11-16 08:28:00,2011-11-16 08:28:00
13450.0,13,4318,4120.04,316.92615384615385,147,2010-04-15 19:15:00,2011-11-13 11:54:00
13451.0,11,5229,7090.06,644.5509090909092,997,2010-03-21 16:13:00,2011-11-13 15:58:00
13452.0,3,6,729.8,243.26666666666665,3,2010-08-24 09:53:00,2011-03-25 14:19:00
13453.0,3,341,781.6899999999999,260.56333333333333,40,2010-11-02 13:23:00,2011-06-27 09:34:00
13454.0,1,198,219.87,219.87,23,2010-03-08 14:40:00,2010-03-08 14:40:00
13455.0,6,795,2212.9900000000002,368.8316666666667,114,2009-12-09 08:58:00,2011-11-15 11:21:00
13456.0,6,765,1766.72,294.4533333333333,63,2011-05-16 15:34:00,2011-11-22 09:18:00
13457.0,2,96,148.22,74.11,9,2009-12-02 12:46:00,2010-01-20 08:48:00
13458.0,16,6760,11959.27,747.454375,485,2010-11-16 14:01:00,2011-12-02 15:29:00
13459.0,2,986,1160.4099999999999,580.2049999999999,73,2010-01-26 13:35:00,2010-03-25 10:24:00
13460.0,2,286,183.44,91.72,17,2011-10-21 09:50:00,2011-11-10 17:17:00
13461.0,6,3132,4160.0,693.3333333333334,62,2010-04-21 16:01:00,2011-11-01 09:01:00
13462.0,5,697,1153.85,230.76999999999998,71,2009-12-14 09:48:00,2011-04-01 11:20:00
13464.0,6,1440,3097.64,516.2733333333333,151,2010-03-31 15:22:00,2011-10-12 15:01:00
13465.0,2,584,931.12,465.56,34,2010-05-02 15:30:00,2010-09-19 15:13:00
13466.0,5,660,1013.3499999999999,202.67,55,2010-03-21 13:50:00,2011-06-08 16:39:00
13467.0,2,580,1071.9099999999999,535.9549999999999,91,2011-11-03 16:56:00,2011-11-29 10:01:00
13468.0,72,5617,12793.28,175.25041095890413,693,2009-12-03 13:32:00,2011-12-08 10:39:00
13469.0,1,52,82.4,82.4,6,2010-02-24 15:03:00,2010-02-24 15:03:00
13470.0,2,100,165.0,82.5,10,2011-08-16 17:06:00,2011-09-01 14:57:00
13471.0,4,1583,2501.84,625.46,233,2011-10-23 13:10:00,2011-12-08 15:44:00
13472.0,2,310,592.24,296.12,28,2010-06-02 09:48:00,2010-09-02 09:41:00
13473.0,8,1000,2657.7599999999998,332.21999999999997,70,2009-12-15 19:02:00,2011-10-10 11:20:00
13474.0,3,318,646.59,215.53,123,2010-08-01 14:40:00,2011-04-17 13:53:00
13475.0,4,1012,1431.78,357.945,86,2011-02-14 12:36:00,2011-06-01 13:52:00
13476.0,5,713,2061.4700000000003,412.29400000000004,106,2010-03-05 09:39:00,2011-06-14 12:00:00
13477.0,11,2091,2819.17,256.28818181818184,157,2010-01-25 11:52:00,2011-11-02 12:04:00
13478.0,5,1189,2215.78,443.15600000000006,125,2010-01-31 15:51:00,2010-08-27 13:23:00
13479.0,4,716,851.3699999999999,170.27399999999997,53,2010-08-19 16:18:00,2011-05-23 10:45:00
13480.0,2,362,627.8199999999999,313.90999999999997,41,2010-01-29 12:35:00,2010-10-19 11:53:00
13481.0,11,2055,3830.84,348.2581818181818,224,2009-12-04 12:37:00,2011-10-25 09:07:00
13482.0,2,187,336.09,168.045,20,2010-03-22 10:31:00,2011-04-21 17:03:00
13483.0,1,160,140.34,140.34,10,2011-10-05 11:53:00,2011-10-05 11:53:00
13484.0,3,224,790.72,263.5733333333333,39,2010-03-10 11:46:00,2011-04-12 16:30:00
13485.0,11,1798,3019.2200000000003,274.4745454545455,158,2009-12-03 13:46:00,2011-04-20 13:58:00
13486.0,3,669,1122.4099999999999,374.1366666666666,69,2011-07-07 17:19:00,2011-09-22 13:13:00
13487.0,5,362,846.87,169.374,49,2009-12-05 10:25:00,2011-10-13 12:07:00
13488.0,23,7375,14205.960000000001,617.6504347826087,679,2010-01-25 10:13:00,2011-11-22 14:41:00
13489.0,4,560,449.52,112.38,14,2011-02-18 10:42:00,2011-08-26 13:16:00
13490.0,1,25,154.25,154.25,8,2010-02-23 14:48:00,2010-02-23 14:48:00
13491.0,27,2349,4467.66,165.46888888888887,261,2009-12-07 08:24:00,2011-10-19 08:32:00
13492.0,3,408,1269.8400000000001,423.28000000000003,50,2011-05-09 10:06:00,2011-07-26 14:25:00
13493.0,2,380,618.63,309.315,8,2011-02-25 16:42:00,2011-03-09 15:35:00
13494.0,1,162,316.26000000000005,316.26000000000005,18,2011-02-01 11:58:00,2011-02-01 11:58:00
13495.0,10,2465,4863.31,486.331,133,2009-12-07 12:12:00,2011-12-02 11:21:00
13496.0,2,341,653.3299999999999,326.66499999999996,35,2010-12-15 10:17:00,2011-11-29 10:58:00
13497.0,6,525,1166.83,194.47166666666666,58,2010-02-08 10:27:00,2011-03-02 09:04:00
13498.0,1,362,327.38,327.38,17,2009-12-09 15:26:00,2009-12-09 15:26:00
13499.0,5,1365,1159.1100000000001,231.82200000000003,42,2011-03-15 08:52:00,2011-11-22 11:21:00
13500.0,4,838,1466.3,366.575,85,2010-11-03 13:16:00,2011-11-16 15:35:00
13501.0,3,1253,2885.1099999999997,961.7033333333333,114,2010-05-18 13:24:00,2011-02-24 18:59:00
13502.0,5,490,780.5,156.1,33,2010-06-09 10:52:00,2011-11-23 10:39:00
13503.0,6,1105,1859.24,309.87333333333333,180,2010-02-16 13:49:00,2011-09-29 13:23:00
13504.0,1,178,295.93,295.93,22,2011-10-06 13:20:00,2011-10-06 13:20:00
13505.0,4,2486,4393.63,1098.4075,215,2011-04-21 12:07:00,2011-09-28 11:56:00
13506.0,5,942,1338.08,267.616,81,2010-09-05 12:33:00,2011-01-27 13:53:00
13507.0,4,1597,2479.16,619.79,162,2011-07-17 11:50:00,2011-12-06 13:13:00
13508.0,2,180,287.04999999999995,143.52499999999998,28,2010-03-07 11:58:00,2011-04-10 11:58:00
13509.0,8,1214,1114.72,139.34,49,2010-07-20 12:10:00,2011-12-01 10:10:00
13510.0,11,3044,4558.29,414.39,289,2009-12-21 11:53:00,2011-12-08 13:46:00
13511.0,1,60,282.76,282.76,5,2010-02-01 12:10:00,2010-02-01 12:10:00
13512.0,4,419,713.39,178.3475,39,2010-05-05 13:22:00,2011-03-24 10:03:00
13513.0,3,364,824.59,274.86333333333334,40,2010-02-22 16:36:00,2011-08-05 11:50:00
13514.0,4,288,815.9000000000001,203.97500000000002,21,2010-01-26 15:11:00,2011-09-27 09:39:00
13515.0,6,819,1265.8200000000002,210.97000000000003,76,2010-03-05 11:58:00,2011-09-28 11:26:00
13516.0,4,1114,1685.26,421.315,61,2010-10-18 08:52:00,2011-11-18 13:15:00
13517.0,3,1369,2128.42,709.4733333333334,141,2011-06-13 08:44:00,2011-10-11 11:43:00
13518.0,1,382,627.16,627.16,36,2011-09-15 10:29:00,2011-09-15 10:29:00
13519.0,2,133,343.21000000000004,171.60500000000002,19,2010-09-23 11:45:00,2011-09-22 18:24:00
13520.0,11,3179,6606.0,600.5454545454545,199,2009-12-17 11:11:00,2011-10-12 10:20:00
13521.0,3,718,1071.73,357.24333333333334,407,2011-11-29 15:09:00,2011-12-08 13:50:00
13522.0,1,44,125.80000000000001,125.80000000000001,5,2011-11-09 15:11:00,2011-11-09 15:11:00
13523.0,6,1989,4534.57,755.7616666666667,201,2010-11-02 14:55:00,2011-11-06 15:11:00
13524.0,5,324,680.1800000000001,136.036,27,2011-05-04 12:26:00,2011-10-30 12:34:00
13525.0,2,394,628.78,314.39,6,2011-04-05 15:36:00,2011-11-25 12:01:00
13526.0,2,1911,1182.0,591.0,37,2009-12-01 12:56:00,2009-12-01 13:13:00
13527.0,12,2736,4541.29,378.44083333333333,429,2010-01-21 12:37:00,2011-11-06 12:04:00
13529.0,2,74,307.76,153.88,15,2011-05-19 11:50:00,2011-09-22 09:15:00
13530.0,1,272,402.97999999999996,402.97999999999996,18,2010-03-15 14:10:00,2010-03-15 14:10:00
13531.0,6,497,1433.07,238.845,75,2009-12-03 15:20:00,2011-05-18 16:56:00
13532.0,1,129,210.31,210.31,66,2011-11-06 12:25:00,2011-11-06 12:25:00
13533.0,3,202,269.09,89.69666666666666,73,2011-03-17 12:47:00,2011-06-10 11:54:00
13534.0,35,3869,7720.9,220.59714285714284,392,2010-07-07 15:00:00,2011-12-07 14:52:00
13535.0,1,10,89.5,89.5,1,2010-11-02 11:49:00,2010-11-02 11:49:00
13536.0,7,2126,3444.3900000000003,492.0557142857143,176,2011-09-25 13:30:00,2011-12-08 16:38:00
13537.0,2,337,717.85,358.925,42,2010-09-14 10:41:00,2010-10-10 12:45:00
13538.0,12,959,3103.13,258.5941666666667,138,2010-02-02 12:47:00,2011-10-27 16:34:00
13539.0,7,710,1569.3600000000001,224.19428571428574,86,2010-04-28 12:04:00,2011-09-15 10:18:00
13540.0,3,189,632.39,210.79666666666665,32,2010-02-22 09:22:00,2010-08-29 14:20:00
13541.0,2,279,785.25,392.625,10,2010-05-18 16:15:00,2010-10-08 16:37:00
13542.0,17,804,3959.4900000000002,232.91117647058826,327,2009-12-10 19:53:00,2010-11-28 11:24:00
13543.0,2,329,1439.6100000000001,719.8050000000001,46,2010-01-21 14:30:00,2010-03-15 13:34:00
13544.0,6,331,790.2,131.70000000000002,234,2010-03-05 11:31:00,2011-10-31 11:57:00
13545.0,2,252,364.93,182.465,54,2010-06-13 11:49:00,2010-11-14 11:27:00
13546.0,5,587,1086.24,217.248,149,2010-10-11 17:23:00,2011-11-27 14:50:00
13547.0,1,79,167.08,167.08,44,2010-10-27 14:14:00,2010-10-27 14:14:00
13548.0,3,558,901.4399999999999,300.47999999999996,181,2010-08-25 13:44:00,2011-09-04 14:50:00
13549.0,8,554,1005.8,125.725,59,2010-11-17 12:17:00,2011-11-14 09:20:00
13550.0,1,430,342.55,342.55,40,2010-11-21 15:24:00,2010-11-21 15:24:00
13551.0,2,36,244.2,122.1,5,2010-02-11 15:01:00,2011-01-24 14:46:00
13552.0,22,2630,6948.92,315.86,206,2010-02-19 13:28:00,2011-10-04 15:19:00
13553.0,1,201,499.6,499.6,85,2010-02-03 12:21:00,2010-02-03 12:21:00
13554.0,7,578,1629.35,232.7642857142857,195,2010-09-19 12:39:00,2010-11-24 15:05:00
13555.0,13,4762,8891.84,683.9876923076923,385,2010-01-19 13:20:00,2011-09-27 12:36:00
13556.0,2,134,200.82,100.41,9,2010-09-30 09:01:00,2010-10-06 16:44:00
13557.0,13,2398,3032.26,233.25076923076924,180,2009-12-08 17:41:00,2011-11-11 15:24:00
13558.0,4,338,594.52,148.63,167,2011-10-02 13:01:00,2011-12-04 11:24:00
13559.0,2,360,990.0,495.0,2,2010-06-14 11:52:00,2010-07-15 09:52:00
13560.0,1,63,171.42000000000002,171.42000000000002,32,2011-12-02 13:11:00,2011-12-02 13:11:00
13561.0,11,1125,1803.4,163.94545454545457,226,2010-02-28 13:42:00,2011-05-08 12:39:00
13562.0,8,1603,4838.18,604.7725,196,2010-01-14 16:33:00,2011-09-19 10:51:00
13563.0,2,209,777.53,388.765,49,2011-07-22 17:21:00,2011-09-16 14:45:00
13564.0,37,8878,16498.97,445.91810810810813,1173,2009-12-02 11:55:00,2011-07-18 14:33:00
13565.0,3,260,414.79999999999995,138.26666666666665,60,2010-10-24 15:51:00,2011-11-20 14:33:00
13566.0,5,1257,1688.6,337.71999999999997,357,2010-03-10 12:22:00,2011-10-30 11:59:00
13567.0,4,643,1079.29,269.8225,197,2010-06-16 12:48:00,2010-10-07 12:51:00
13568.0,1,66,187.05,187.05,41,2011-06-19 14:42:00,2011-06-19 14:42:00
13569.0,4,345,726.54,181.635,172,2010-10-07 13:05:00,2011-11-22 13:07:00
13570.0,1,161,239.49,239.49,27,2011-04-10 13:36:00,2011-04-10 13:36:00
13571.0,26,3191,4537.26,174.51000000000002,657,2009-12-08 13:02:00,2011-11-27 10:47:00
13572.0,1,534,1384.25,1384.25,32,2011-05-18 11:59:00,2011-05-18 11:59:00
13573.0,6,647,904.52,150.75333333333333,80,2010-03-12 16:06:00,2011-10-20 14:33:00
13574.0,1,304,404.45,404.45,84,2010-10-24 13:28:00,2010-10-24 13:28:00
13575.0,5,449,732.0699999999999,146.414,46,2011-06-16 14:24:00,2011-11-16 13:14:00
13576.0,28,4506,11202.59,400.09250000000003,268,2009-12-08 15:12:00,2011-11-29 15:34:00
13577.0,11,1661,3489.28,317.20727272727277,168,2009-12-14 16:10:00,2011-11-14 15:19:00
13578.0,1,127,147.66,147.66,9,2010-10-26 13:44:00,2010-10-26 13:44:00
13579.0,5,718,1374.3400000000001,274.86800000000005,81,2010-02-18 13:53:00,2011-11-25 08:41:00
13580.0,1,45,107.75,107.75,5,2010-10-29 15:01:00,2010-10-29 15:01:00
13581.0,2,119,280.53,140.265,33,2010-10-21 16:30:00,2011-02-03 14:41:00
13582.0,2,106,241.68,120.84,11,2010-04-01 11:38:00,2010-11-15 11:34:00
13583.0,2,1097,1445.031,722.5155,96,2010-01-29 13:53:00,2011-07-07 10:40:00
13584.0,3,360,385.70000000000005,128.5666666666667,79,2010-02-02 08:40:00,2011-02-06 12:49:00
13585.0,3,1386,684.54,228.17999999999998,39,2009-12-01 14:56:00,2010-06-27 12:33:00
13586.0,1,38,127.28,127.28,20,2010-06-16 13:47:00,2010-06-16 13:47:00
13587.0,4,664,1673.5,418.375,30,2010-02-14 13:17:00,2011-10-07 12:31:00
13588.0,9,2606,2478.95,275.43888888888887,174,2011-03-29 15:53:00,2011-11-24 10:42:00
13589.0,6,293,1120.74,186.79,52,2009-12-06 10:26:00,2011-11-25 12:10:00
13590.0,18,5271,6336.04,352.0022222222222,403,2009-12-01 13:37:00,2011-11-28 12:54:00
13591.0,7,850,2093.94,299.13428571428574,101,2009-12-14 15:44:00,2011-10-06 12:26:00
13592.0,4,84,247.95999999999998,61.989999999999995,16,2011-03-20 14:01:00,2011-11-04 09:49:00
13593.0,14,2170,5493.29,392.3778571428571,406,2010-03-02 16:36:00,2011-08-23 13:35:00
13594.0,2,396,533.32,266.66,33,2010-08-11 10:23:00,2011-10-18 10:19:00
13595.0,3,341,784.48,261.49333333333334,131,2010-03-03 14:42:00,2010-07-11 12:36:00
13596.0,2,384,664.11,332.055,138,2011-11-27 11:57:00,2011-12-04 12:01:00
13597.0,2,231,396.71,198.355,17,2010-11-02 09:30:00,2010-11-04 14:54:00
13598.0,5,393,761.9599999999999,152.392,87,2010-02-26 11:22:00,2011-10-23 14:28:00
13599.0,33,6248,9811.04,297.30424242424243,391,2009-12-01 12:30:00,2011-12-08 16:10:00
13600.0,2,599,518.42,259.21,41,2010-03-15 17:16:00,2011-01-31 15:27:00
13601.0,4,957,1159.99,289.9975,182,2010-06-11 15:03:00,2011-10-25 17:31:00
13602.0,4,538,1025.17,256.2925,58,2010-05-28 11:49:00,2011-10-06 11:47:00
13603.0,1,164,164.34,164.34,27,2011-11-13 15:57:00,2011-11-13 15:57:00
13604.0,1,242,717.62,717.62,21,2010-02-19 12:02:00,2010-02-19 12:02:00
13605.0,2,425,522.6700000000001,261.33500000000004,52,2010-05-17 15:46:00,2010-11-17 17:16:00
13606.0,3,276,276.74999999999994,92.24999999999999,40,2011-02-01 11:42:00,2011-11-10 17:46:00
13607.0,2,466,1075.81,537.905,117,2010-11-02 11:48:00,2011-10-30 16:17:00
13608.0,1,110,232.05,232.05,31,2010-06-17 12:28:00,2010-06-17 12:28:00
13609.0,1,19,167.35,167.35,7,2010-04-25 13:26:00,2010-04-25 13:26:00
13610.0,14,869,2103.71,150.26500000000001,392,2010-01-05 14:12:00,2011-11-27 15:38:00
13611.0,10,1988,3297.9300000000003,329.793,224,2009-12-03 07:57:00,2011-09-11 14:51:00
13612.0,1,444,818.29,818.29,50,2010-03-17 12:14:00,2010-03-17 12:14:00
13613.0,5,445,1039.85,207.96999999999997,59,2010-02-17 12:40:00,2010-09-13 12:01:00
13614.0,6,821,2332.74,388.78999999999996,261,2010-06-06 13:42:00,2011-11-15 14:47:00
13615.0,8,2910,6272.53,784.06625,367,2010-01-28 15:43:00,2011-01-25 08:21:00
13616.0,2,172,283.85,141.925,32,2010-01-17 14:56:00,2010-05-20 12:59:00
13617.0,8,593,1278.75,159.84375,104,2010-08-01 15:23:00,2011-10-30 13:50:00
13618.0,1,246,177.34,177.34,13,2011-06-19 11:09:00,2011-06-19 11:09:00
13619.0,2,79,224.94,112.47,42,2010-02-03 14:16:00,2010-06-13 11:39:00
13620.0,1,74,112.34,112.34,5,2010-06-29 15:02:00,2010-06-29 15:02:00
13621.0,1,343,213.85,213.85,19,2011-08-15 08:26:00,2011-08-15 08:26:00
13622.0,1,379,658.95,658.95,32,2010-01-12 13:22:00,2010-01-12 13:22:00
13623.0,10,1010,2533.06,253.30599999999998,273,2009-12-02 13:57:00,2011-11-09 12:00:00
13624.0,1,820,462.08,462.08,22,2010-11-16 13:43:00,2010-11-16 13:43:00
13625.0,1,144,301.26,301.26,21,2010-04-22 10:50:00,2010-04-22 10:50:00
13626.0,2,398,707.04,353.52,44,2010-11-25 16:12:00,2011-04-01 10:05:00
13627.0,7,1632,2245.9,320.84285714285716,129,2010-03-09 14:03:00,2011-10-11 14:20:00
13628.0,1,106,310.14,310.14,16,2010-02-01 14:44:00,2010-02-01 14:44:00
13629.0,19,7722,13370.86,703.7294736842106,87,2010-02-11 17:34:00,2011-11-16 13:21:00
13630.0,7,1391,2031.78,290.2542857142857,71,2011-02-27 12:49:00,2011-12-04 15:16:00
13631.0,11,467,3070.42,279.1290909090909,11,2011-03-17 17:13:00,2011-09-01 09:57:00
13632.0,8,1633,3645.81,455.72625,220,2010-04-07 10:59:00,2011-11-15 10:51:00
13634.0,16,2090,5033.77,314.610625,438,2010-01-10 14:26:00,2011-11-06 13:40:00
13635.0,4,1884,2999.16,749.79,162,2009-12-01 09:46:00,2011-10-03 10:55:00
13636.0,5,592,949.12,189.824,63,2011-02-27 14:29:00,2011-11-03 10:30:00
13637.0,3,405,804.3,268.09999999999997,95,2011-04-27 13:06:00,2011-10-18 13:32:00
13638.0,1,93,122.64,122.64,8,2011-11-24 10:38:00,2011-11-24 10:38:00
13639.0,2,997,1346.27,673.135,58,2010-09-29 10:05:00,2011-09-26 13:36:00
13640.0,1,108,405.0,405.0,4,2010-04-07 15:33:00,2010-04-07 15:33:00
13641.0,5,1098,1016.47,203.294,44,2009-12-05 13:17:00,2010-03-09 07:37:00
13642.0,4,231,472.19999999999993,118.04999999999998,102,2010-10-03 12:23:00,2011-05-08 12:34:00
13643.0,10,902,2156.77,215.677,102,2009-12-08 12:48:00,2011-11-08 15:37:00
13644.0,4,2067,2624.26,656.065,146,2011-08-26 11:53:00,2011-11-23 14:07:00
13645.0,1,158,252.1,252.1,5,2011-08-11 16:11:00,2011-08-11 16:11:00
13646.0,2,79,326.25,163.125,58,2010-11-05 12:00:00,2010-11-05 12:13:00
13647.0,8,1795,3041.6800000000003,380.21000000000004,139,2010-04-15 12:55:00,2011-11-30 12:00:00
13648.0,8,960,1764.02,220.5025,106,2009-12-01 18:13:00,2010-11-04 14:46:00
13649.0,6,782,1453.68,242.28,107,2010-06-30 16:35:00,2011-03-28 11:51:00
13650.0,10,1746,3288.0,328.8,172,2010-01-26 08:44:00,2011-11-23 12:22:00
13651.0,3,62,226.85000000000002,75.61666666666667,14,2010-11-23 09:44:00,2011-11-04 14:59:00
13652.0,5,1458,2262.05,452.41,141,2010-02-25 17:37:00,2011-10-25 08:51:00
13653.0,1,72,152.2,152.2,9,2010-08-09 08:19:00,2010-08-09 08:19:00
13654.0,11,4762,6308.0,573.4545454545455,329,2009-12-02 11:43:00,2011-10-27 16:24:00
13655.0,6,1225,2280.51,380.08500000000004,119,2010-04-27 09:59:00,2011-08-17 14:25:00
13656.0,4,862,1078.85,269.7125,87,2010-04-23 12:50:00,2011-06-28 10:31:00
13657.0,2,209,382.14,191.07,16,2011-05-22 12:35:00,2011-11-29 12:32:00
13658.0,9,2171,6025.5,669.5,237,2010-02-05 13:17:00,2011-11-30 10:13:00
13659.0,12,2527,4884.68,407.0566666666667,268,2010-02-17 09:05:00,2011-05-18 12:37:00
13660.0,1,136,306.64,306.64,39,2010-11-04 16:10:00,2010-11-04 16:10:00
13661.0,1,118,325.24,325.24,17,2010-04-15 14:58:00,2010-04-15 14:58:00
13662.0,11,1169,2233.61,203.05545454545455,136,2010-02-19 13:21:00,2011-09-15 12:04:00
13663.0,5,893,2047.51,409.502,99,2010-03-03 10:11:00,2011-06-13 15:44:00
13665.0,3,1652,1711.6599999999999,570.5533333333333,106,2010-07-23 13:29:00,2010-11-18 13:06:00
13666.0,5,54,127.9,25.580000000000002,19,2009-12-04 10:48:00,2011-10-10 15:39:00
13667.0,1,149,299.05,299.05,82,2011-07-13 15:42:00,2011-07-13 15:42:00
13668.0,35,6096,12948.48,369.9565714285714,747,2009-12-11 14:28:00,2011-12-07 12:11:00
13669.0,3,393,413.54999999999995,137.85,14,2010-10-28 15:05:00,2011-10-20 09:32:00
13670.0,1,282,349.7,349.7,25,2011-09-25 15:25:00,2011-09-25 15:25:00
13671.0,1,95,172.6,172.6,61,2010-11-10 10:50:00,2010-11-10 10:50:00
13672.0,3,138,419.9200000000001,139.97333333333336,18,2009-12-09 11:40:00,2011-02-11 13:53:00
13673.0,2,114,387.44,193.72,57,2011-11-07 15:40:00,2011-11-21 12:11:00
13674.0,1,102,240.68,240.68,14,2010-10-03 10:41:00,2010-10-03 10:41:00
13675.0,2,330,486.82000000000005,243.41000000000003,25,2011-02-28 12:14:00,2011-07-11 12:57:00
13676.0,2,104,243.90000000000003,121.95000000000002,13,2010-03-30 16:53:00,2010-06-18 17:30:00
13677.0,2,217,551.24,183.74666666666667,106,2010-07-07 17:25:00,2010-10-31 11:32:00
13678.0,1,924,232.6,232.6,16,2011-07-11 10:14:00,2011-07-11 10:14:00
13679.0,3,102,281.26,93.75333333333333,50,2009-12-04 16:52:00,2010-08-03 12:13:00
13680.0,12,5244,11419.67,951.6391666666667,639,2009-12-04 14:14:00,2011-12-08 13:47:00
13681.0,4,360,827.83,206.9575,57,2011-07-07 15:21:00,2011-11-22 11:13:00
13682.0,1,10,59.5,59.5,3,2011-06-05 14:06:00,2011-06-05 14:06:00
13683.0,1,180,258.6,258.6,10,2010-09-08 10:00:00,2010-09-08 10:00:00
13684.0,4,234,594.88,148.72,107,2010-03-28 14:48:00,2011-02-27 10:13:00
13685.0,7,5056,3119.44,445.63428571428574,39,2011-10-10 12:59:00,2011-12-07 11:41:00
13686.0,3,378,409.04,136.34666666666666,34,2010-11-03 13:44:00,2011-06-10 09:10:00
13687.0,1,87167,11880.84,11880.84,45,2010-09-27 16:30:00,2010-09-27 16:30:00
13688.0,1,130,375.5,375.5,5,2010-03-14 14:11:00,2010-03-14 14:11:00
13689.0,2,722,1259.5,629.75,9,2010-09-21 10:27:00,2011-10-07 13:21:00
13690.0,1,67,172.25,172.25,9,2011-10-11 15:03:00,2011-10-11 15:03:00
13691.0,1,145,212.78,212.78,54,2010-11-08 17:34:00,2010-11-08 17:34:00
13692.0,5,2101,3114.4,622.88,96,2010-10-15 13:28:00,2011-11-15 11:17:00
13693.0,9,880,2011.8200000000002,223.53555555555556,106,2009-12-07 11:29:00,2010-11-30 18:21:00
13694.0,143,188201,195640.69,1368.1167132867133,1519,2009-12-04 15:26:00,2011-12-06 09:32:00
13695.0,16,1791,2770.73,173.170625,96,2010-05-11 11:07:00,2011-11-08 14:26:00
13696.0,3,552,2020.4,673.4666666666667,24,2010-02-11 14:17:00,2010-10-14 09:44:00
13697.0,1,177,151.29999999999998,151.29999999999998,12,2011-11-01 09:14:00,2011-11-01 09:14:00
13698.0,2,227,451.73,225.865,34,2010-01-27 09:02:00,2010-04-22 11:52:00
13699.0,2,219,764.1500000000001,382.07500000000005,37,2010-06-07 13:03:00,2011-07-07 16:51:00
13700.0,13,2786,2596.9700000000003,199.7669230769231,240,2010-02-07 10:53:00,2011-11-13 13:00:00
13701.0,1,80,161.0,161.0,9,2010-09-19 12:39:00,2010-09-19 12:39:00
13702.0,1,74,135.18,135.18,5,2010-09-20 11:40:00,2010-09-20 11:40:00
13703.0,2,128,425.56,212.78,36,2010-10-20 13:11:00,2011-01-25 13:10:00
13704.0,9,1531,2308.06,256.4511111111111,134,2011-09-12 14:40:00,2011-12-04 15:13:00
13705.0,7,906,1717.19,245.31285714285715,74,2010-03-25 17:19:00,2011-12-02 12:32:00
13706.0,2,301,631.1700000000001,315.58500000000004,38,2010-03-23 09:18:00,2011-02-10 09:21:00
13707.0,5,2210,3365.8599999999997,673.1719999999999,155,2010-06-21 11:57:00,2011-03-17 18:03:00
13708.0,1,301,285.33,285.33,49,2011-03-13 13:46:00,2011-03-13 13:46:00
13709.0,18,4122,7571.35,420.6305555555556,407,2010-01-11 10:40:00,2011-12-06 10:28:00
13710.0,3,336,509.52,169.84,15,2010-04-06 12:54:00,2011-11-08 08:16:00
13711.0,9,819,1792.26,199.14,92,2009-12-15 19:04:00,2011-05-05 10:31:00
13712.0,2,1128,766.4200000000001,383.21000000000004,33,2010-04-08 11:16:00,2011-04-07 12:33:00
13713.0,3,284,740.76,246.92,76,2010-05-05 16:48:00,2010-10-27 16:18:00
13714.0,1,50,161.35,161.35,30,2010-08-31 13:57:00,2010-08-31 13:57:00
13715.0,17,4800,8153.04,479.5905882352941,500,2010-03-11 15:33:00,2011-03-03 19:21:00
13716.0,1,138,138.28,138.28,21,2011-03-15 13:49:00,2011-03-15 13:49:00
13717.0,8,2144,1763.3,220.4125,124,2010-08-11 09:40:00,2011-11-07 14:13:00
13718.0,2,173,306.55,153.275,12,2011-02-17 11:58:00,2011-04-07 13:24:00
13719.0,11,1588,2783.08,253.00727272727272,248,2010-05-17 14:36:00,2011-11-24 15:26:00
13720.0,4,501,799.9,199.975,43,2011-03-30 09:17:00,2011-08-15 12:46:00
13721.0,2,512,741.54,370.77,42,2010-11-09 17:59:00,2011-11-03 14:05:00
13722.0,10,3059,5635.41,563.5409999999999,189,2010-03-03 14:13:00,2011-07-31 12:44:00
13723.0,6,593,1194.08,199.01333333333332,56,2010-04-07 14:32:00,2011-05-06 17:04:00
13724.0,1,130,213.01,213.01,39,2010-03-12 15:28:00,2010-03-12 15:28:00
13725.0,8,806,1980.56,247.57,104,2011-02-04 12:18:00,2011-10-21 10:03:00
13726.0,2,1054,1079.66,539.83,42,2011-08-31 11:06:00,2011-11-01 10:49:00
13727.0,8,368,1074.15,134.26875,83,2009-12-09 13:25:00,2011-11-11 09:46:00
13728.0,16,1269,2855.17,178.448125,164,2009-12-09 17:13:00,2011-11-03 10:49:00
13729.0,3,419,724.73,241.57666666666668,39,2010-01-24 14:57:00,2010-09-30 10:44:00
13730.0,2,488,752.5999999999999,376.29999999999995,43,2011-07-01 12:47:00,2011-07-27 08:35:00
13731.0,2,278,610.59,305.295,38,2011-04-07 10:10:00,2011-05-04 14:33:00
13732.0,1,498,491.86,491.86,33,2011-11-11 15:49:00,2011-11-11 15:49:00
13733.0,2,335,487.03000000000003,243.51500000000001,29,2009-12-04 15:28:00,2010-10-25 12:18:00
13734.0,4,302,6695.6900000000005,1673.9225000000001,27,2010-04-16 08:42:00,2010-07-19 12:04:00
13735.0,13,4135,9762.77,750.9823076923077,622,2009-12-13 13:31:00,2011-11-15 11:14:00
13736.0,7,1549,2752.4700000000003,393.21000000000004,547,2009-12-06 12:07:00,2011-12-04 15:19:00
13737.0,1,125,339.59999999999997,339.59999999999997,29,2011-05-23 16:32:00,2011-05-23 16:32:00
13738.0,1,237,434.78000000000003,434.78000000000003,88,2010-11-08 15:23:00,2010-11-08 15:23:00
13739.0,2,76,292.2,146.1,6,2010-06-30 10:25:00,2011-11-21 13:35:00
13740.0,5,987,1582.77,316.554,94,2009-12-02 12:22:00,2011-04-13 10:32:00
13741.0,3,218,668.4300000000001,222.81000000000003,34,2011-05-06 13:43:00,2011-09-29 09:19:00
13742.0,12,1115,3107.87,258.9891666666667,305,2011-01-23 14:59:00,2011-11-23 11:07:00
13743.0,7,1776,1341.6,191.65714285714284,41,2011-03-25 14:46:00,2011-12-07 10:09:00
13744.0,2,1153,1080.52,540.26,63,2011-02-20 14:08:00,2011-09-05 15:19:00
13745.0,2,1146,777.36,388.68,56,2010-06-11 17:19:00,2011-06-30 16:43:00
13746.0,1,83,176.69,176.69,9,2010-10-22 11:55:00,2010-10-22 11:55:00
13747.0,2,60,169.79999999999998,84.89999999999999,5,2010-10-11 09:15:00,2010-12-01 10:37:00
13748.0,9,1028,2064.35,229.3722222222222,58,2009-12-01 16:44:00,2011-09-05 09:45:00
13750.0,11,1370,3602.1800000000003,327.4709090909091,75,2010-04-01 14:49:00,2011-10-17 12:16:00
13751.0,1,152,296.25,296.25,9,2011-02-24 15:56:00,2011-02-24 15:56:00
13752.0,7,1005,1579.8300000000002,225.69000000000003,94,2010-06-30 10:23:00,2011-08-07 14:16:00
13753.0,4,1450,2094.57,523.6425,80,2009-12-03 10:20:00,2011-02-25 12:48:00
13754.0,3,315,447.05,149.01666666666668,21,2010-09-28 15:29:00,2011-07-11 11:51:00
13755.0,9,1242,2108.06,234.2288888888889,307,2011-10-07 15:45:00,2011-12-06 12:26:00
13756.0,23,5138,8655.95,376.3456521739131,334,2009-12-15 15:18:00,2011-12-07 16:44:00
13757.0,1,54,195.55,195.55,8,2010-02-03 12:37:00,2010-02-03 12:37:00
13758.0,15,4667,8698.13,579.8753333333333,283,2009-12-01 10:06:00,2011-11-28 11:11:00
13759.0,2,287,659.4100000000001,329.70500000000004,25,2011-09-29 15:40:00,2011-11-06 14:47:00
13760.0,5,623,1363.6399999999999,272.72799999999995,114,2010-04-25 13:10:00,2011-10-16 16:13:00
13761.0,6,1079,1952.17,325.3616666666667,122,2010-02-21 11:08:00,2011-10-20 14:01:00
13762.0,5,2608,2472.48,494.496,35,2010-01-10 12:13:00,2011-05-05 09:15:00
13763.0,3,3224,5217.4400000000005,1739.1466666666668,50,2010-09-30 17:39:00,2011-10-07 15:13:00
13764.0,6,2084,2919.62,486.6033333333333,363,2010-03-07 12:56:00,2011-09-30 12:03:00
13765.0,1,297,352.821,352.821,17,2010-02-24 13:46:00,2010-02-24 13:46:00
13766.0,1,137,190.35,190.35,16,2010-08-01 14:25:00,2010-08-01 14:25:00
13767.0,73,14595,33903.57,464.43246575342465,764,2009-12-01 10:52:00,2011-12-07 15:00:00
13768.0,2,373,875.97,437.985,32,2009-12-09 10:25:00,2009-12-13 10:41:00
13769.0,20,2452,5478.12,273.906,275,2009-12-16 11:59:00,2011-12-07 15:08:00
13770.0,4,468,785.37,196.3425,48,2009-12-09 14:44:00,2010-10-13 15:10:00
13771.0,9,3140,5728.82,636.5355555555556,216,2010-02-25 12:37:00,2011-10-06 14:18:00
13772.0,8,1446,3100.02,387.5025,548,2010-02-23 13:55:00,2011-11-06 11:43:00
13773.0,2,174,301.54,150.77,19,2010-02-18 10:27:00,2010-11-08 11:49:00
13774.0,1,192,345.0,345.0,22,2011-09-19 12:06:00,2011-09-19 12:06:00
13775.0,1,455,1049.66,1049.66,63,2010-04-28 12:15:00,2010-04-28 12:15:00
13776.0,2,2,623.98,311.99,2,2010-10-07 16:07:00,2010-10-07 16:11:00
13777.0,61,23190,49638.26,813.7419672131148,355,2009-12-02 09:47:00,2011-12-09 12:25:00
13778.0,4,511,1124.49,281.1225,44,2010-05-23 13:34:00,2011-08-28 15:25:00
13779.0,1,53,161.13,161.13,27,2010-07-12 11:24:00,2010-07-12 11:24:00
13780.0,3,479,732.07,244.02333333333334,92,2010-10-28 19:51:00,2011-12-02 13:49:00
13781.0,3,300,778.83,259.61,57,2009-12-18 15:46:00,2011-04-03 12:08:00
13782.0,13,643,1786.08,137.39076923076922,238,2009-12-06 12:52:00,2011-11-27 11:54:00
13783.0,4,3437,1542.09,385.5225,10,2010-02-04 13:47:00,2010-08-09 09:23:00
13784.0,14,2827,2910.23,207.87357142857144,43,2010-09-15 12:27:00,2011-11-30 09:33:00
13785.0,4,151,542.49,135.6225,30,2010-09-05 16:01:00,2010-10-07 09:25:00
13786.0,6,1515,3127.99,521.3316666666666,115,2009-12-03 15:32:00,2010-12-07 13:53:00
13787.0,6,998,1222.5,203.75,79,2010-01-14 10:13:00,2011-09-25 12:06:00
13788.0,1,1,3.75,3.75,1,2010-07-22 15:50:00,2010-07-22 15:50:00
13789.0,1,258,239.45999999999998,239.45999999999998,18,2010-11-16 15:31:00,2010-11-16 15:31:00
13790.0,1,748,348.8,348.8,45,2011-12-05 15:48:00,2011-12-05 15:48:00
13791.0,2,1200,1516.0,758.0,11,2011-06-24 16:38:00,2011-08-04 11:44:00
13792.0,3,156,383.95000000000005,127.98333333333335,23,2010-10-13 11:05:00,2011-10-04 14:31:00
13793.0,1,52,96.0,96.0,7,2010-03-03 08:25:00,2010-03-03 08:25:00
13794.0,1,63,126.03,126.03,9,2010-06-11 12:30:00,2010-06-11 12:30:00
13795.0,4,1250,836.3,209.075,29,2010-03-12 12:44:00,2010-11-16 17:25:00
13796.0,1,218,289.7,289.7,22,2010-07-28 14:45:00,2010-07-28 14:45:00
13797.0,3,573,1179.45,393.15000000000003,78,2010-03-02 12:17:00,2010-09-29 10:34:00
13798.0,110,48187,75428.87,685.717,718,2009-12-08 16:21:00,2011-12-08 15:51:00
13799.0,9,1539,2803.57,311.5077777777778,106,2010-03-05 16:39:00,2011-08-15 12:07:00
13800.0,3,891,1679.56,559.8533333333334,73,2009-12-03 10:03:00,2011-02-03 12:27:00
13801.0,1,168,324.8,324.8,23,2011-10-04 10:15:00,2011-10-04 10:15:00
13802.0,19,14129,26259.11,1382.0584210526315,448,2010-02-16 10:11:00,2011-07-24 10:54:00
13803.0,3,831,1338.9099999999999,446.3033333333333,78,2010-03-31 10:00:00,2011-03-29 12:57:00
13804.0,9,1797,3161.12,351.23555555555555,167,2010-09-29 10:26:00,2011-11-09 12:32:00
13805.0,2,1900,924.6,462.3,13,2011-08-02 15:29:00,2011-10-18 14:50:00
13806.0,1,56,256.38,256.38,10,2011-10-07 11:43:00,2011-10-07 11:43:00
13807.0,3,116,422.2,140.73333333333332,25,2009-12-04 12:41:00,2010-12-07 15:48:00
13808.0,5,782,1747.66,349.53200000000004,76,2011-09-04 12:07:00,2011-12-04 12:18:00
13809.0,3,281,679.7,226.5666666666667,24,2010-09-05 11:42:00,2011-02-07 13:15:00
13810.0,3,312,1499.01,499.67,35,2011-10-14 12:57:00,2011-11-11 08:33:00
13811.0,3,68,814.5,271.5,13,2011-04-14 18:40:00,2011-06-09 09:54:00
13812.0,3,333,539.0,179.66666666666666,36,2011-08-26 12:54:00,2011-10-28 14:27:00
13813.0,8,1292,2765.4700000000003,345.68375000000003,143,2009-12-06 10:16:00,2011-10-31 10:38:00
13814.0,3,1214,2257.32,752.44,79,2010-06-30 14:12:00,2011-09-08 13:48:00
13815.0,8,5381,7475.74,934.4675,356,2010-02-12 10:26:00,2011-11-17 14:19:00
13816.0,2,269,571.6700000000001,285.83500000000004,28,2011-10-06 14:37:00,2011-11-16 08:38:00
13817.0,2,211,382.98,191.49,24,2010-12-23 11:46:00,2011-11-10 17:49:00
13818.0,1,60,61.28,61.28,5,2010-10-06 12:35:00,2010-10-06 12:35:00
13819.0,6,2309,2642.35,440.39166666666665,101,2009-12-01 16:18:00,2011-02-11 10:38:00
13820.0,3,285,652.75,217.58333333333334,84,2010-01-28 12:26:00,2010-10-17 13:46:00
13821.0,6,477,1379.08,229.84666666666666,204,2010-01-04 13:36:00,2011-07-18 09:49:00
13822.0,2,611,632.0,316.0,95,2011-10-30 15:55:00,2011-12-04 12:13:00
13823.0,7,1564,3403.45,486.20714285714286,163,2009-12-15 14:34:00,2011-11-21 10:22:00
13824.0,12,1442,3314.76,276.23,100,2010-03-12 15:17:00,2011-11-07 12:41:00
13825.0,2,182,255.59000000000003,127.79500000000002,40,2009-12-09 14:30:00,2010-03-28 11:02:00
13826.0,1,82,189.5,189.5,10,2011-06-16 13:48:00,2011-06-16 13:48:00
13827.0,3,138,409.8,136.6,92,2011-07-19 15:38:00,2011-10-13 12:38:00
13828.0,1,311,209.49,209.49,15,2011-11-17 16:02:00,2011-11-17 16:02:00
13829.0,1,12,102.0,102.0,1,2010-10-14 18:19:00,2010-10-14 18:19:00
13830.0,1,47,156.85000000000002,156.85000000000002,11,2010-05-07 12:24:00,2010-05-07 12:24:00
13831.0,18,2393,6585.54,365.86333333333334,180,2009-12-10 14:50:00,2011-11-23 15:41:00
13832.0,2,420,609.89,304.945,54,2010-10-13 14:41:00,2011-11-20 15:36:00
13833.0,2,243,700.4100000000001,350.20500000000004,44,2010-10-31 14:11:00,2011-07-03 13:27:00
13834.0,2,221,324.19,162.095,16,2010-02-08 12:52:00,2010-05-12 10:27:00
13835.0,7,520,1095.27,156.46714285714285,71,2010-03-04 08:26:00,2011-11-14 15:37:00
13836.0,2,273,620.37,310.185,31,2010-10-21 13:27:00,2010-11-05 13:31:00
13837.0,2,182,266.59000000000003,133.29500000000002,18,2011-01-26 12:15:00,2011-05-12 12:10:00
13838.0,10,694,1690.07,169.007,390,2010-05-09 11:40:00,2011-12-04 11:00:00
13839.0,1,25,139.95000000000002,139.95000000000002,7,2010-08-10 13:52:00,2010-08-10 13:52:00
13840.0,1,358,651.4,651.4,40,2010-10-19 13:34:00,2010-10-19 13:34:00
13841.0,1,100,85.0,85.0,1,2011-04-01 12:10:00,2011-04-01 12:10:00
13842.0,18,2716,5319.34,295.5188888888889,335,2010-02-16 15:54:00,2011-10-12 10:51:00
13843.0,1,145,319.75,319.75,18,2010-11-23 17:48:00,2010-11-23 17:48:00
13844.0,1,196,361.62,361.62,20,2011-11-28 13:21:00,2011-11-28 13:21:00
13845.0,1,182,312.98,312.98,9,2011-10-06 08:25:00,2011-10-06 08:25:00
13846.0,4,705,1307.79,326.9475,81,2010-11-05 09:47:00,2011-11-15 12:07:00
13847.0,1,96,310.72,310.72,19,2009-12-20 10:41:00,2009-12-20 10:41:00
13848.0,8,9200,3015.0,376.875,10,2009-12-09 16:17:00,2011-09-08 12:58:00
13849.0,5,1883,3469.2999999999997,693.8599999999999,220,2010-03-25 12:03:00,2011-10-19 10:59:00
13850.0,1,944,1595.48,1595.48,93,2011-08-02 14:04:00,2011-08-02 14:04:00
13851.0,8,2525,4606.46,575.8075,140,2010-01-29 11:54:00,2011-09-05 12:36:00
13852.0,1,85,187.35000000000002,187.35000000000002,11,2010-04-08 09:06:00,2010-04-08 09:06:00
13853.0,1,312,1090.14,1090.14,23,2011-10-13 14:18:00,2011-10-13 14:18:00
13854.0,39,3642,11944.56,306.2707692307692,178,2010-01-08 11:28:00,2011-12-01 09:06:00
13855.0,4,575,1310.3400000000001,327.58500000000004,73,2009-12-08 16:56:00,2010-07-27 09:53:00
13856.0,11,1105,1142.03,103.82090909090908,54,2010-03-30 15:40:00,2011-06-24 10:03:00
13857.0,6,782,1001.01,166.835,125,2010-05-17 14:21:00,2010-11-11 12:54:00
13858.0,1,75,216.17,216.17,11,2011-10-13 16:17:00,2011-10-13 16:17:00
13859.0,2,167,515.86,257.93,35,2010-06-28 15:36:00,2011-01-17 16:14:00
13860.0,5,591,1245.9,249.18,76,2011-09-14 09:27:00,2011-12-08 12:57:00
13861.0,2,225,273.26,136.63,21,2010-06-27 11:37:00,2010-10-06 14:20:00
13862.0,9,1927,2556.09,284.01,160,2010-11-15 13:43:00,2011-11-21 16:24:00
13863.0,4,553,1239.55,309.8875,70,2010-04-25 13:09:00,2011-04-06 10:20:00
13864.0,1,192,662.4000000000001,662.4000000000001,1,2010-11-18 12:50:00,2010-11-18 12:50:00
13865.0,4,204,501.56,125.39,30,2011-02-23 12:04:00,2011-10-12 13:31:00
13866.0,1,57,145.67000000000002,145.67000000000002,7,2011-09-26 14:54:00,2011-09-26 14:54:00
13867.0,3,501,1005.0900000000001,335.03000000000003,59,2011-05-05 17:28:00,2011-11-08 15:48:00
13868.0,2,1964,3192.54,1596.27,33,2011-11-01 12:45:00,2011-12-02 16:32:00
13869.0,10,4302,7996.870000000001,799.6870000000001,811,2010-01-17 14:53:00,2011-08-08 13:53:00
13870.0,15,3449,5712.08,380.80533333333335,241,2010-02-08 12:08:00,2011-12-07 13:23:00
13871.0,17,3502,7885.85,463.8735294117647,402,2009-12-20 13:09:00,2011-11-17 10:49:00
13872.0,3,339,919.5699999999999,306.5233333333333,57,2009-12-14 09:56:00,2010-06-30 15:35:00
13873.0,8,472,1038.92,129.865,60,2010-03-03 12:31:00,2011-08-12 10:08:00
13874.0,7,864,2049.15,292.7357142857143,69,2010-02-04 18:39:00,2010-12-16 18:20:00
13875.0,14,3072,4814.37,343.88357142857143,270,2009-12-17 10:30:00,2011-10-17 09:36:00
13876.0,1,36,122.7,122.7,7,2011-10-07 10:22:00,2011-10-07 10:22:00
13877.0,3,478,449.68,149.89333333333335,23,2010-01-19 10:53:00,2011-09-14 15:49:00
13878.0,4,927,2416.8999999999996,604.2249999999999,100,2010-04-14 13:50:00,2011-10-16 12:19:00
13879.0,1,204,395.5,395.5,25,2010-03-04 10:49:00,2010-03-04 10:49:00
13880.0,17,2535,4293.86,252.57999999999998,223,2010-05-26 14:29:00,2011-11-18 13:44:00
13881.0,43,29760,45179.1,1050.6767441860466,457,2010-03-04 14:41:00,2011-12-06 12:50:00
13882.0,5,953,1191.13,238.22600000000003,65,2011-10-06 15:28:00,2011-12-07 11:16:00
13883.0,15,3584,6560.02,437.3346666666667,315,2009-12-08 17:26:00,2011-11-29 10:45:00
13884.0,10,752,1825.03,182.503,174,2010-08-26 19:57:00,2011-12-02 16:30:00
13885.0,2,182,506.79999999999995,253.39999999999998,28,2011-05-23 08:52:00,2011-06-03 15:07:00
13886.0,1,126,243.56,243.56,16,2011-09-29 13:17:00,2011-09-29 13:17:00
13887.0,1,147,349.55,349.55,19,2011-05-19 17:22:00,2011-05-19 17:22:00
13888.0,7,795,2001.5900000000001,285.9414285714286,158,2010-05-13 11:57:00,2011-08-12 10:13:00
13889.0,6,979,1991.23,331.87166666666667,83,2010-01-22 14:32:00,2011-09-08 09:13:00
13890.0,14,1392,2927.38,209.09857142857143,173,2009-12-06 15:15:00,2011-12-08 15:36:00
13891.0,3,476,859.21,286.40333333333336,98,2010-05-06 16:02:00,2010-11-26 15:57:00
13892.0,6,3125,1267.6499999999999,211.27499999999998,36,2010-05-13 10:32:00,2011-11-13 11:50:00
13893.0,1,190,821.1,821.1,21,2011-02-15 11:30:00,2011-02-15 11:30:00
13894.0,3,354,564.62,188.20666666666668,26,2011-02-02 12:54:00,2011-11-16 09:44:00
13895.0,6,2060,4008.52,668.0866666666667,186,2009-12-03 13:09:00,2011-11-11 16:57:00
13896.0,1,149,388.55,388.55,21,2010-03-24 08:55:00,2010-03-24 08:55:00
13897.0,3,820,1160.72,386.9066666666667,59,2010-01-31 13:48:00,2011-10-20 14:30:00
13898.0,2,544,686.4000000000001,343.20000000000005,46,2010-10-24 15:42:00,2011-01-18 10:28:00
13899.0,2,156,388.52,194.26,19,2011-03-10 09:30:00,2011-11-23 13:40:00
13900.0,6,938,1610.5900000000001,268.4316666666667,95,2010-03-25 13:46:00,2011-06-09 19:26:00
13901.0,15,3344,5676.34,378.42266666666666,310,2010-01-05 09:29:00,2011-09-28 14:48:00
13902.0,5,220600,34095.259999999995,6819.051999999999,63,2009-12-15 10:02:00,2010-03-17 13:09:00
13903.0,1,103,165.45000000000002,165.45000000000002,10,2010-11-04 17:44:00,2010-11-04 17:44:00
13904.0,2,332,332.64,166.32,26,2011-02-18 11:18:00,2011-11-02 13:41:00
13905.0,1,135,312.65,312.65,12,2009-12-07 11:41:00,2009-12-07 11:41:00
13906.0,1,100,42.0,42.0,1,2010-10-26 15:00:00,2010-10-26 15:00:00
13907.0,1,68,136.8,136.8,4,2010-01-17 12:22:00,2010-01-17 12:22:00
13908.0,4,1478,2369.55,592.3875,122,2011-03-08 12:04:00,2011-09-21 11:49:00
13909.0,2,301,282.84999999999997,141.42499999999998,37,2010-07-06 16:52:00,2010-10-12 17:22:00
13911.0,20,4487,4234.99,211.74949999999998,238,2010-03-01 16:31:00,2011-10-13 15:43:00
13912.0,1,29,124.95,124.95,7,2010-10-12 08:43:00,2010-10-12 08:43:00
13913.0,1,10,42.22,42.22,3,2010-07-21 10:11:00,2010-07-21 10:11:00
13914.0,2,380,626.45,313.225,33,2011-11-03 16:28:00,2011-11-28 10:35:00
13915.0,1,24,70.80000000000001,70.80000000000001,2,2010-11-10 15:17:00,2010-11-10 15:17:00
13916.0,4,673,1275.81,318.9525,74,2010-02-02 10:06:00,2010-09-02 10:04:00
13917.0,2,228,272.03999999999996,136.01999999999998,18,2011-06-01 12:46:00,2011-10-21 09:56:00
13918.0,2,1140,1212.84,606.42,30,2011-03-31 18:05:00,2011-10-21 12:25:00
13919.0,4,1133,1360.68,340.17,77,2010-06-17 09:30:00,2011-10-11 14:24:00
13920.0,4,1772,1774.68,443.67,86,2010-05-26 15:48:00,2010-10-04 12:37:00
13921.0,4,210,730.7,182.675,44,2009-12-18 12:19:00,2010-11-02 16:32:00
13922.0,3,467,865.2,288.40000000000003,30,2010-08-29 14:36:00,2010-12-23 10:38:00
13923.0,1,185,351.13,351.13,20,2011-10-17 12:33:00,2011-10-17 12:33:00
13924.0,6,1575,1838.85,306.47499999999997,117,2011-09-28 15:07:00,2011-12-08 09:39:00
13925.0,4,331,678.25,169.5625,41,2011-07-28 12:09:00,2011-09-08 12:47:00
13926.0,1,104,223.85000000000002,223.85000000000002,11,2011-11-16 13:16:00,2011-11-16 13:16:00
13927.0,2,463,708.26,354.13,41,2010-09-28 16:12:00,2011-09-26 12:00:00
13928.0,4,129,464.57000000000005,116.14250000000001,27,2011-07-29 15:59:00,2011-11-29 10:33:00
13929.0,11,1566,3494.1,317.6454545454545,57,2010-01-14 07:25:00,2011-06-23 15:26:00
13930.0,2,274,337.34,168.67,17,2011-07-26 11:00:00,2011-10-13 09:45:00
13931.0,11,3488,5257.38,477.94363636363636,271,2009-12-03 10:26:00,2011-09-05 10:12:00
13932.0,1,72,307.4,307.4,16,2011-02-18 12:02:00,2011-02-18 12:02:00
13933.0,2,205,608.79,304.395,23,2011-07-14 13:35:00,2011-08-22 14:03:00
13934.0,1,390,922.1,922.1,31,2011-03-21 08:39:00,2011-03-21 08:39:00
13935.0,3,2252,6116.92,2038.9733333333334,80,2010-02-25 16:01:00,2010-04-22 11:21:00
13936.0,3,661,939.66,313.21999999999997,59,2010-10-21 14:21:00,2011-06-13 08:47:00
13937.0,2,587,880.13,440.065,54,2010-11-02 12:37:00,2011-06-23 16:35:00
13938.0,1,70,71.66,71.66,7,2011-11-04 14:37:00,2011-11-04 14:37:00
13939.0,7,1608,1560.96,222.99428571428572,110,2010-04-06 12:43:00,2011-11-16 13:33:00
13940.0,4,516,839.14,209.785,49,2011-07-18 16:05:00,2011-11-22 15:15:00
13941.0,15,4782,10027.18,668.4786666666666,94,2009-12-16 16:10:00,2011-11-18 09:43:00
13942.0,1,1000,320.0,320.0,1,2010-06-23 12:35:00,2010-06-23 12:35:00
13943.0,1,94,246.54,246.54,15,2010-05-11 11:30:00,2010-05-11 11:30:00
13944.0,1,153,200.43,200.43,35,2010-02-24 15:02:00,2010-02-24 15:02:00
13945.0,2,413,854.15,427.075,51,2010-08-17 09:59:00,2010-11-10 10:00:00
13946.0,6,2847,1876.23,312.705,56,2009-12-04 11:07:00,2011-09-21 13:33:00
13947.0,1,44,90.6,90.6,5,2011-10-05 14:42:00,2011-10-05 14:42:00
13948.0,4,248,548.76,137.19,24,2009-12-04 12:14:00,2010-12-14 10:18:00
13949.0,6,2474,2427.32,404.55333333333334,160,2011-09-06 11:55:00,2011-12-07 09:35:00
13950.0,4,323,745.06,186.265,35,2011-04-07 11:29:00,2011-11-28 14:44:00
13951.0,3,459,674.45,224.8166666666667,39,2011-02-18 15:21:00,2011-06-16 16:43:00
13952.0,14,5947,12823.520999999999,915.9657857142856,409,2009-12-16 09:41:00,2011-05-06 09:00:00
13953.0,12,5224,6640.68,553.39,25,2009-12-11 12:58:00,2011-12-02 16:04:00
13954.0,2,150,439.91999999999996,219.95999999999998,25,2011-09-30 10:52:00,2011-12-08 12:50:00
13955.0,3,272,544.0699999999999,181.35666666666665,85,2010-11-29 17:35:00,2011-07-08 17:19:00
13956.0,5,486,1019.27,203.85399999999998,141,2011-03-13 12:51:00,2011-12-04 13:20:00
13957.0,3,157,458.25,152.75,27,2010-02-19 10:32:00,2010-10-18 10:02:00
13958.0,8,2264,4709.23,588.65375,227,2009-12-05 13:12:00,2010-11-25 10:11:00
13959.0,6,694,1064.77,177.46166666666667,153,2010-07-16 15:11:00,2011-09-21 15:06:00
13960.0,2,142,230.22,115.11,12,2011-09-29 12:39:00,2011-11-18 15:27:00
13961.0,1,226,538.4,538.4,19,2010-11-12 14:40:00,2010-11-12 14:40:00
13962.0,3,160,362.8,120.93333333333334,23,2010-09-30 10:35:00,2011-11-18 08:47:00
13963.0,17,2007,2860.57,168.26882352941178,165,2010-04-21 16:20:00,2011-02-04 14:43:00
13964.0,2,228,438.9,219.45,24,2010-10-05 12:38:00,2010-11-17 13:53:00
13965.0,3,425,996.61,332.2033333333333,24,2010-01-05 15:21:00,2010-08-20 10:40:00
13966.0,1,760,384.26,384.26,21,2010-09-30 13:08:00,2010-09-30 13:08:00
13967.0,2,66,166.3,83.15,6,2010-11-08 13:24:00,2011-07-17 12:02:00
13968.0,1,174,123.66,123.66,8,2010-10-12 13:22:00,2010-10-12 13:22:00
13969.0,35,6640,12973.460000000001,370.67028571428574,1049,2010-03-25 13:15:00,2011-12-02 15:11:00
13970.0,2,469,846.55,423.275,13,2010-09-28 11:53:00,2010-11-18 13:21:00
13971.0,14,3084,4667.57,333.3978571428571,255,2010-01-26 09:51:00,2011-11-21 12:06:00
13972.0,2,187,190.25,95.125,15,2011-05-22 11:34:00,2011-09-30 11:54:00
13973.0,1,109,264.7,264.7,11,2011-02-25 15:21:00,2011-02-25 15:21:00
13974.0,2,356,677.72,338.86,43,2010-05-06 17:55:00,2011-10-21 14:41:00
13975.0,12,3884,5256.4,438.0333333333333,715,2010-02-02 13:13:00,2011-11-08 13:19:00
13976.0,4,452,1192.3600000000001,298.09000000000003,56,2010-02-09 13:08:00,2011-05-17 09:13:00
13977.0,1,303,519.8100000000001,519.8100000000001,13,2010-10-24 14:08:00,2010-10-24 14:08:00
13978.0,2,315,196.79000000000002,98.39500000000001,15,2011-10-25 15:04:00,2011-11-25 11:36:00
13979.0,7,2270,3379.93,482.84714285714284,383,2009-12-03 10:02:00,2011-09-27 13:32:00
13980.0,5,463,768.8199999999999,153.76399999999998,61,2010-02-21 14:18:00,2011-10-10 13:34:00
13981.0,1,234,331.14,331.14,22,2010-10-20 10:03:00,2010-10-20 10:03:00
13982.0,9,2478,3954.29,439.36555555555555,217,2010-01-20 14:04:00,2011-10-31 16:24:00
13983.0,21,3925,6753.89,321.61380952380955,320,2009-12-09 13:53:00,2011-11-10 11:06:00
13984.0,12,1301,1893.8,157.81666666666666,85,2009-12-07 11:51:00,2011-11-13 12:38:00
13985.0,22,4936,10020.86,455.49363636363637,480,2010-02-09 13:56:00,2011-12-05 17:06:00
13986.0,1,430,320.46,320.46,12,2011-11-22 15:00:00,2011-11-22 15:00:00
13987.0,2,492,682.54,341.27,46,2010-11-04 09:54:00,2010-11-25 10:20:00
13988.0,8,3385,4757.799999999999,594.7249999999999,290,2010-03-24 11:05:00,2011-11-20 10:15:00
13989.0,5,2207,2026.06,405.212,86,2010-05-25 12:13:00,2011-10-05 09:47:00
13990.0,1,190,311.3,311.3,16,2011-05-10 15:19:00,2011-05-10 15:19:00
13991.0,6,995,852.88,142.14666666666668,80,2011-07-19 12:58:00,2011-11-27 16:18:00
13992.0,3,154,219.5,73.16666666666667,11,2010-09-02 17:04:00,2011-11-09 15:23:00
13993.0,19,2135,6775.71,356.6163157894737,261,2009-12-03 11:57:00,2011-10-28 09:06:00
13994.0,6,932,2274.14,379.0233333333333,144,2011-07-14 18:28:00,2011-12-06 11:05:00
13995.0,14,2359,3902.0099999999998,278.715,230,2009-12-18 12:43:00,2011-11-24 14:22:00
13996.0,2,613,895.76,447.88,33,2010-11-05 15:07:00,2010-11-18 16:27:00
13997.0,3,143,376.46000000000004,125.48666666666668,44,2010-06-07 17:33:00,2010-07-08 18:06:00
13998.0,3,204,566.7,188.9,31,2010-05-12 13:18:00,2010-09-19 10:20:00
13999.0,29,5043,9502.26,327.6641379310345,466,2009-12-05 12:42:00,2011-11-29 13:40:00
14000.0,5,1838,2046.3400000000001,409.26800000000003,49,2009-12-02 09:50:00,2011-05-12 16:50:00
14001.0,9,1779,4228.85,469.87222222222226,103,2010-08-03 12:49:00,2011-10-25 10:31:00
14002.0,2,877,529.73,264.865,47,2011-07-06 14:59:00,2011-07-28 15:55:00
14003.0,1,149,209.41,209.41,16,2009-12-07 08:53:00,2009-12-07 08:53:00
14004.0,11,3425,6258.45,568.9499999999999,241,2010-09-30 09:39:00,2011-10-27 14:40:00
14005.0,5,2478,2874.7200000000003,574.9440000000001,84,2011-05-08 10:33:00,2011-11-30 12:41:00
14006.0,7,2181,2196.67,313.81,77,2010-02-25 09:45:00,2011-08-16 09:39:00
14007.0,1,16,79.48,79.48,5,2010-07-15 09:06:00,2010-07-15 09:06:00
14008.0,1,326,509.04,509.04,32,2010-10-03 13:09:00,2010-10-03 13:09:00
14009.0,3,951,1099.91,366.6366666666667,74,2010-09-03 12:08:00,2011-05-25 15:47:00
14010.0,2,177,445.15,222.575,23,2010-05-23 12:46:00,2010-05-23 13:00:00
14011.0,2,644,457.82,228.91,32,2010-04-11 13:40:00,2010-08-16 15:31:00
14012.0,1,160,328.8,328.8,11,2011-03-07 12:26:00,2011-03-07 12:26:00
14013.0,5,775,1084.57,216.914,68,2010-03-26 10:02:00,2011-08-21 15:01:00
14014.0,3,2004,1948.2099999999998,649.4033333333333,76,2010-05-12 09:04:00,2011-09-23 13:18:00
14015.0,1,378,917.34,917.34,20,2011-10-18 10:02:00,2011-10-18 10:02:00
14016.0,11,5722,11403.41,1036.6736363636364,448,2010-01-08 14:12:00,2011-07-01 11:29:00
14017.0,1,73,229.75,229.75,14,2010-05-17 14:52:00,2010-05-17 14:52:00
14018.0,1,224,367.15000000000003,367.15000000000003,13,2010-03-04 14:23:00,2010-03-04 14:23:00
14019.0,3,1037,1421.61,473.86999999999995,66,2011-07-24 15:39:00,2011-10-24 10:13:00
14020.0,4,648,1249.01,312.2525,72,2010-06-28 15:29:00,2011-11-23 09:22:00
14021.0,7,878,1716.5800000000002,245.2257142857143,90,2010-04-26 11:22:00,2011-07-07 15:46:00
14022.0,2,681,792.1500000000001,396.07500000000005,47,2010-08-10 09:38:00,2011-04-28 14:39:00
14023.0,2,345,584.0699999999999,292.03499999999997,31,2011-04-03 15:50:00,2011-12-02 13:58:00
14024.0,3,238,645.74,215.24666666666667,34,2010-11-14 10:51:00,2011-08-10 11:30:00
14025.0,8,1914,4057.9,507.2375,98,2010-05-05 09:56:00,2010-09-01 10:11:00
14026.0,2,427,713.11,356.555,50,2010-03-24 14:10:00,2010-08-26 10:31:00
14027.0,1,62,104.82,104.82,6,2011-10-10 09:01:00,2011-10-10 09:01:00
14028.0,3,7170,10396.5,3465.5,9,2010-06-07 12:02:00,2010-06-07 13:33:00
14029.0,2,198,467.65999999999997,233.82999999999998,15,2011-07-18 16:57:00,2011-10-07 14:46:00
14030.0,20,4215,7521.8,376.09000000000003,814,2009-12-10 17:27:00,2011-11-21 16:48:00
14031.0,44,13783,39019.51,886.8070454545455,745,2009-12-03 15:35:00,2011-12-02 17:13:00
14032.0,16,3740,4546.41,284.150625,230,2009-12-14 12:02:00,2011-12-07 15:23:00
14033.0,1,576,109.44,109.44,1,2010-06-02 15:10:00,2010-06-02 15:10:00
14034.0,3,420,648.89,216.29666666666665,84,2011-07-05 13:06:00,2011-11-17 14:02:00
14035.0,9,1405,2794.75,310.52777777777777,140,2010-04-06 12:39:00,2011-11-11 10:03:00
14036.0,1,268,626.65,626.65,38,2011-02-28 09:26:00,2011-02-28 09:26:00
14037.0,6,590,836.95,139.49166666666667,114,2009-12-07 11:39:00,2011-06-16 13:57:00
14038.0,5,1708,3069.88,613.976,161,2010-02-04 08:56:00,2011-09-22 13:37:00
14039.0,2,192,267.28,133.64,10,2010-05-13 10:15:00,2011-11-06 13:48:00
14040.0,35,4972,12523.81,357.82314285714284,756,2009-12-01 12:14:00,2011-10-30 12:42:00
14041.0,1,94,141.41,141.41,21,2011-03-18 13:25:00,2011-03-18 13:25:00
14042.0,1,180,431.98,431.98,21,2009-12-14 15:07:00,2009-12-14 15:07:00
14043.0,2,152,302.6,151.3,39,2009-12-10 15:56:00,2010-08-05 18:18:00
14044.0,10,2100,3077.7000000000003,307.77000000000004,812,2010-01-24 15:14:00,2011-11-13 12:05:00
14045.0,16,4459,10986.63,686.664375,37,2010-01-08 10:08:00,2011-08-22 15:27:00
14046.0,1,460,154.99,154.99,14,2011-02-28 14:48:00,2011-02-28 14:48:00
14047.0,14,1541,3968.11,264.54066666666665,152,2010-02-01 10:05:00,2011-12-01 11:43:00
14048.0,3,467,748.69,249.56333333333336,138,2010-11-22 14:08:00,2011-02-07 14:53:00
14049.0,13,8480,13023.4,1001.8,1055,2010-04-01 14:52:00,2011-11-23 12:20:00
14050.0,2,689,746.36,373.18,54,2011-08-25 13:46:00,2011-11-08 10:00:00
14051.0,37,5709,21770.98,588.4048648648649,317,2009-12-03 11:53:00,2011-12-09 10:20:00
14052.0,2,174,466.66,233.33,121,2010-11-14 11:37:00,2011-11-20 12:30:00
14053.0,4,490,572.3,143.075,8,2010-08-10 11:02:00,2011-08-07 14:27:00
14054.0,1,62,92.46,92.46,6,2011-10-05 15:49:00,2011-10-05 15:49:00
14055.0,3,720,1520.96,506.9866666666667,33,2009-12-16 15:11:00,2011-08-25 15:04:00
14056.0,23,4252,8152.71,354.46565217391304,1066,2011-02-28 15:19:00,2011-12-08 13:36:00
14057.0,22,6438,8346.66,379.39363636363635,443,2009-12-03 13:17:00,2011-11-16 10:32:00
14058.0,2,211,469.19000000000005,234.59500000000003,24,2010-06-27 11:29:00,2010-09-03 09:31:00
14059.0,1,128,183.6,183.6,8,2011-03-18 10:06:00,2011-03-18 10:06:00
14060.0,30,7419,8898.24,296.608,258,2010-03-11 09:47:00,2011-12-05 12:29:00
14061.0,3,133,917.4300000000001,305.81,19,2009-12-01 18:03:00,2010-07-20 17:22:00
14062.0,24,12794,25585.65,1066.0687500000001,338,2009-12-10 14:28:00,2011-11-30 10:04:00
14063.0,9,3850,22710.2,2523.355555555556,40,2009-12-08 13:46:00,2010-09-27 16:18:00
14064.0,15,3911,3260.24,217.3493333333333,219,2010-01-21 13:22:00,2011-11-10 13:14:00
14065.0,3,582,891.02,297.00666666666666,49,2010-10-04 12:03:00,2010-11-15 16:13:00
14066.0,1,45,152.55,152.55,7,2011-03-18 12:21:00,2011-03-18 12:21:00
14067.0,2,361,374.7,187.35,52,2011-09-04 12:00:00,2011-10-07 10:21:00
14068.0,4,510,1516.72,379.18,105,2010-01-31 10:10:00,2011-01-23 16:02:00
14069.0,2,58,225.81,112.905,41,2010-05-27 12:30:00,2010-07-13 12:12:00
14070.0,1,85,321.6,321.6,40,2010-01-24 12:27:00,2010-01-24 12:27:00
14071.0,8,994,1437.57,179.69625,321,2011-03-20 11:33:00,2011-12-06 12:27:00
14072.0,1,65,390.85,390.85,19,2010-02-11 12:31:00,2010-02-11 12:31:00
14073.0,1,130,151.04,151.04,13,2011-11-07 15:49:00,2011-11-07 15:49:00
14074.0,1,228,219.39999999999998,219.39999999999998,6,2010-03-26 13:55:00,2010-03-26 13:55:00
14075.0,6,1494,1734.87,289.145,81,2010-06-16 14:47:00,2011-12-05 08:38:00
14076.0,1,79,118.67,118.67,43,2011-08-02 15:19:00,2011-08-02 15:19:00
14077.0,6,376,615.0799999999999,102.51333333333332,56,2010-11-09 16:01:00,2011-10-30 12:35:00
14078.0,9,586,1553.47,172.60777777777778,146,2010-03-28 15:05:00,2011-08-30 12:16:00
14079.0,2,302,618.73,309.365,13,2010-01-26 17:19:00,2011-08-07 12:10:00
14080.0,5,268,1115.68,185.9466666666667,83,2009-12-02 15:01:00,2011-11-07 11:09:00
14081.0,10,3381,4867.57,486.75699999999995,815,2009-12-10 18:27:00,2011-02-10 16:17:00
14082.0,2,246,413.36,206.68,64,2010-11-12 11:47:00,2010-12-10 11:02:00
14083.0,11,760,1082.19,98.3809090909091,185,2009-12-18 11:34:00,2011-12-05 13:14:00
14084.0,1,306,150.5,150.5,7,2010-07-15 14:36:00,2010-07-15 14:36:00
14085.0,33,6434,9720.67,294.5657575757576,1034,2009-12-08 13:41:00,2011-12-07 13:46:00
14086.0,1,1,39.95,39.95,1,2010-09-03 10:52:00,2010-09-03 10:52:00
14087.0,3,718,829.47,276.49,198,2009-12-04 15:27:00,2011-12-07 12:41:00
14088.0,16,15276,64036.8,4002.3,682,2010-10-14 19:46:00,2011-11-29 16:16:00
14089.0,1,133,158.75,158.75,13,2011-10-14 10:38:00,2011-10-14 10:38:00
14090.0,1,72,76.32000000000001,76.32000000000001,1,2011-01-19 10:51:00,2011-01-19 10:51:00
14091.0,2,3316,9530.08,4765.04,13,2010-01-10 13:41:00,2010-02-23 15:17:00
14092.0,24,3606,7229.450000000001,301.2270833333334,373,2009-12-16 16:24:00,2011-12-02 12:13:00
14093.0,1,391,433.86,433.86,95,2011-11-27 16:27:00,2011-11-27 16:27:00
14094.0,1,158,311.77,311.77,41,2010-09-26 11:58:00,2010-09-26 11:58:00
14095.0,1,1,2.95,2.95,1,2009-12-17 12:49:00,2009-12-17 12:49:00
14096.0,17,16352,65164.79,3833.2229411764706,5080,2011-08-30 10:49:00,2011-12-05 17:17:00
14097.0,2,352,422.86,211.43,40,2010-03-04 10:46:00,2010-08-15 14:20:00
14098.0,1,104,147.35,147.35,21,2011-11-03 10:13:00,2011-11-03 10:13:00
14099.0,20,3666,5750.91,287.5455,518,2009-12-10 11:55:00,2011-11-23 13:53:00
14100.0,1,63,191.95000000000002,191.95000000000002,24,2011-07-25 11:01:00,2011-07-25 11:01:00
14101.0,13,10542,9961.93,766.3023076923077,90,2010-03-28 13:36:00,2011-09-27 12:28:00
14102.0,5,769,1105.88,221.17600000000002,56,2011-10-26 12:46:00,2011-12-04 15:38:00
14104.0,5,496,743.53,148.706,129,2010-05-28 16:11:00,2011-07-08 12:50:00
14105.0,5,3534,5988.83,1197.766,279,2009-12-18 16:57:00,2011-04-14 17:58:00
14106.0,1,24,214.79999999999998,214.79999999999998,1,2009-12-02 14:09:00,2009-12-02 14:09:00
14107.0,11,3489,4877.3,443.39090909090913,236,2009-12-09 14:20:00,2011-10-19 12:12:00
14108.0,4,660,1044.96,261.24,52,2009-12-01 18:07:00,2011-11-09 10:41:00
14109.0,1,88,144.2,144.2,9,2011-09-28 10:18:00,2011-09-28 10:18:00
14110.0,33,5825,12987.95,393.57424242424247,399,2009-12-01 09:50:00,2011-12-06 12:26:00
14111.0,4,458,692.85,173.2125,10,2011-04-12 11:36:00,2011-11-25 13:44:00
14112.0,13,3539,5834.59,448.8146153846154,326,2010-02-23 14:16:00,2011-11-17 12:30:00
14113.0,16,3439,7092.610000000001,443.28812500000004,122,2009-12-08 07:42:00,2011-12-06 12:18:00
14114.0,7,650,1364.09,194.86999999999998,74,2010-04-12 11:07:00,2011-03-11 09:42:00
14115.0,2,509,622.6700000000001,311.33500000000004,22,2010-02-11 11:44:00,2010-07-26 12:36:00
14116.0,5,707,1382.74,276.548,72,2011-08-10 12:44:00,2011-11-20 10:29:00
14117.0,1,72,90.0,90.0,3,2011-07-19 09:49:00,2011-07-19 09:49:00
14118.0,1,97,458.45,458.45,15,2010-10-07 11:59:00,2010-10-07 11:59:00
14119.0,2,177,183.37,91.685,11,2009-12-21 14:52:00,2010-11-29 10:33:00
14121.0,4,2082,2780.15,695.0375,159,2011-10-11 10:39:00,2011-12-06 12:19:00
14122.0,3,114,362.42,120.80666666666667,13,2009-12-02 14:22:00,2010-10-29 15:11:00
14123.0,1,234,436.18,436.18,24,2009-12-06 15:35:00,2009-12-06 15:35:00
14124.0,1,1618,419.58000000000004,419.58000000000004,4,2011-09-16 13:32:00,2011-09-16 13:32:00
14125.0,3,1628,2720.63,906.8766666666667,166,2011-09-22 15:40:00,2011-11-29 12:47:00
14126.0,4,887,1172.46,293.115,43,2010-09-21 14:51:00,2011-12-02 11:45:00
14127.0,6,828,1900.08,316.68,117,2010-10-10 11:53:00,2011-08-09 10:49:00
14128.0,3,814,924.21,308.07,65,2010-06-06 14:05:00,2011-10-10 12:00:00
14129.0,9,1414,2591.34,287.9266666666667,109,2010-05-09 14:54:00,2011-12-08 11:02:00
14130.0,4,1215,1858.77,464.6925,219,2009-12-11 16:33:00,2011-01-24 16:05:00
14131.0,1,105,168.22,168.22,45,2010-03-01 11:59:00,2010-03-01 11:59:00
14132.0,11,3368,3586.0299999999997,326.00272727272727,200,2011-06-09 12:04:00,2011-12-07 13:35:00
14133.0,4,398,911.14,227.785,36,2009-12-06 12:10:00,2011-08-02 11:34:00
14134.0,15,5814,11123.35,741.5566666666667,180,2009-12-10 09:25:00,2010-11-22 12:26:00
14135.0,24,8534,8839.67,368.31958333333336,219,2009-12-02 08:58:00,2011-12-08 11:38:00
14136.0,5,1148,1570.8100000000002,314.16200000000003,106,2009-12-08 09:19:00,2010-11-04 11:53:00
14137.0,1,462,332.7,332.7,11,2010-01-13 12:30:00,2010-01-13 12:30:00
14138.0,2,600,965.8800000000001,482.94000000000005,46,2011-10-07 09:38:00,2011-12-08 12:44:00
14139.0,4,1049,1086.8,271.7,69,2010-06-15 09:17:00,2011-10-24 13:34:00
14140.0,2,811,935.05,467.525,66,2011-11-08 11:20:00,2011-12-06 09:05:00
14141.0,4,355,915.1300000000001,228.78250000000003,40,2011-08-26 14:40:00,2011-12-07 09:53:00
14142.0,2,518,671.34,335.67,44,2010-03-03 15:13:00,2010-12-01 16:33:00
14143.0,1,30,115.8,115.8,7,2011-07-29 09:48:00,2011-07-29 09:48:00
14144.0,1,12,30.599999999999998,30.599999999999998,1,2010-08-10 15:17:00,2010-08-10 15:17:00
14145.0,7,1655,7600.049999999999,1085.7214285714285,25,2010-04-08 09:47:00,2011-10-24 12:10:00
14146.0,12,5780,9450.3,787.525,456,2010-01-13 16:04:00,2011-12-01 10:18:00
14147.0,9,995,2590.2000000000003,287.8,30,2010-03-09 13:43:00,2011-09-22 18:10:00
14148.0,2,223,466.29,233.145,17,2010-10-21 14:08:00,2011-04-20 12:02:00
14149.0,1,218,446.62,446.62,28,2011-05-03 09:44:00,2011-05-03 09:44:00
14150.0,2,496,658.6400000000001,329.32000000000005,26,2010-12-15 10:04:00,2011-11-04 10:05:00
14151.0,2,405,679.45,339.725,44,2009-12-23 10:54:00,2010-02-04 15:35:00
14152.0,7,1844,1997.3400000000001,249.66750000000002,133,2010-02-18 13:57:00,2011-09-25 12:54:00
14153.0,1,312,233.4,233.4,17,2010-08-13 14:35:00,2010-08-13 14:35:00
14154.0,8,3222,6460.7,807.5875,292,2010-01-13 12:47:00,2011-04-14 16:26:00
14155.0,1,25,118.75,118.75,6,2011-03-18 14:13:00,2011-03-18 14:13:00
14156.0,156,164325,313437.62,2009.2155128205127,4034,2009-12-01 12:30:00,2011-11-30 10:54:00
14157.0,5,521,978.69,195.738,83,2010-03-03 16:49:00,2011-11-20 11:32:00
14158.0,1,781,507.66,507.66,41,2011-10-30 15:08:00,2011-10-30 15:08:00
14159.0,20,6520,7860.8,393.04,1789,2009-12-03 12:31:00,2011-11-20 12:36:00
14160.0,7,4661,8421.470000000001,1203.067142857143,107,2010-01-10 12:06:00,2010-04-08 14:30:00
14161.0,7,1480,2996.93,428.1328571428571,270,2009-12-13 11:46:00,2011-05-08 11:41:00
14162.0,2,142,289.36,144.68,25,2011-02-20 12:32:00,2011-06-19 11:36:00
14163.0,5,950,2594.62,518.924,58,2010-09-03 17:15:00,2011-09-13 15:18:00
14164.0,2,1033,1631.77,815.885,29,2011-09-20 12:18:00,2011-09-30 12:24:00
14165.0,1,53,120.44,120.44,23,2011-03-09 12:39:00,2011-03-09 12:39:00
14166.0,2,82,251.15,125.575,50,2010-03-23 15:10:00,2010-07-22 19:42:00
14167.0,8,340,1274.29,159.28625,107,2010-01-27 16:07:00,2011-10-31 14:29:00
14168.0,2,147,370.45,185.225,15,2010-05-24 12:28:00,2010-10-15 10:49:00
14169.0,2,205,621.51,310.755,60,2010-09-21 13:39:00,2010-10-05 08:45:00
14170.0,3,270,570.18,190.05999999999997,142,2010-11-09 14:06:00,2010-11-29 13:10:00
14171.0,2,211,498.79,249.395,63,2009-12-09 13:50:00,2011-09-02 16:43:00
14172.0,3,78,369.02,123.00666666666666,44,2010-03-07 10:58:00,2010-04-13 13:26:00
14173.0,6,194,586.0,97.66666666666667,33,2009-12-09 12:46:00,2011-11-29 11:54:00
14174.0,1,94,134.46,134.46,26,2011-11-06 13:17:00,2011-11-06 13:17:00
14175.0,8,3009,7678.88,959.86,331,2010-03-22 10:43:00,2011-10-11 11:55:00
14176.0,5,265,756.46,151.292,37,2010-11-23 13:21:00,2011-02-15 13:12:00
14177.0,13,1043,2209.69,169.97615384615386,202,2010-02-26 11:59:00,2011-09-14 15:11:00
14178.0,7,1494,1600.26,228.60857142857142,309,2011-06-10 12:51:00,2011-12-01 12:01:00
14179.0,2,319,701.57,350.785,145,2011-10-18 14:00:00,2011-10-30 12:07:00
14180.0,33,847,6117.5,185.37878787878788,289,2010-06-09 14:56:00,2011-11-29 10:56:00
14181.0,2,120,308.35,154.175,52,2010-05-26 12:32:00,2010-10-25 08:27:00
14182.0,4,174,678.77,169.6925,50,2010-04-22 15:36:00,2010-09-22 11:45:00
14183.0,2,60,278.34000000000003,139.17000000000002,33,2010-08-15 15:36:00,2010-10-24 14:45:00
14184.0,1,127,452.89,452.89,24,2011-10-04 12:43:00,2011-10-04 12:43:00
14185.0,1,6,197.65,197.65,3,2011-01-12 13:52:00,2011-01-12 13:52:00
14186.0,5,1550,1550.63,310.12600000000003,104,2010-03-05 11:17:00,2010-10-08 13:30:00
14187.0,1,50,123.5,123.5,8,2010-08-23 12:06:00,2010-08-23 12:06:00
14188.0,6,1162,2054.36,342.3933333333334,65,2011-02-02 13:46:00,2011-11-09 12:45:00
14189.0,16,4392,5503.15,343.946875,307,2010-11-16 09:28:00,2011-12-07 15:55:00
14190.0,1,2,79.9,79.9,1,2010-02-11 14:27:00,2010-02-11 14:27:00
14191.0,15,3724,4817.66,321.1773333333333,265,2009-12-11 10:48:00,2011-12-08 09:23:00
14192.0,1,218,293.74,293.74,14,2010-11-16 17:44:00,2010-11-16 17:44:00
14193.0,3,653,1210.19,403.3966666666667,64,2010-11-08 12:31:00,2011-10-03 09:34:00
14194.0,36,10037,18670.59,504.61054054054057,952,2010-01-06 12:16:00,2011-12-05 10:38:00
14195.0,6,2144,2615.6,435.93333333333334,16,2010-03-15 17:12:00,2011-05-22 10:29:00
14196.0,1,142,335.52,335.52,6,2011-08-25 10:25:00,2011-08-25 10:25:00
14197.0,1,143,390.05,390.05,20,2010-10-25 10:01:00,2010-10-25 10:01:00
14198.0,9,623,1569.73,174.41444444444446,91,2010-01-05 10:07:00,2011-11-21 16:35:00
14199.0,4,254,1091.6999999999998,272.92499999999995,18,2010-06-27 12:13:00,2011-05-05 13:44:00
14200.0,1,140,379.2,379.2,21,2010-04-01 13:01:00,2010-04-01 13:01:00
14201.0,10,806,1193.54,119.354,55,2010-04-30 13:00:00,2011-10-10 13:27:00
14202.0,3,166,847.76,282.58666666666664,29,2010-03-25 10:36:00,2010-11-23 17:13:00
14203.0,1,80,339.34,339.34,16,2010-11-07 13:35:00,2010-11-07 13:35:00
14204.0,4,469,1024.83,256.2075,215,2009-12-02 13:26:00,2011-12-07 13:38:00
14205.0,9,1342,2414.2,268.2444444444444,123,2010-03-07 12:20:00,2011-11-23 10:55:00
14206.0,3,930,1185.0099999999998,395.0033333333333,71,2010-11-02 11:37:00,2011-04-14 16:38:00
14207.0,1,36,157.8,157.8,2,2010-01-21 09:33:00,2010-01-21 09:33:00
14208.0,2,529,567.05,283.525,35,2010-06-06 13:11:00,2011-09-06 12:48:00
14209.0,15,1739,4993.27,332.8846666666667,231,2010-01-22 10:28:00,2011-11-29 10:18:00
14210.0,16,2511,5556.57,347.285625,314,2010-01-06 10:17:00,2011-08-26 12:36:00
14211.0,18,2575,4402.29,244.57166666666666,240,2009-12-09 12:48:00,2011-10-17 13:23:00
14212.0,2,2046,2190.14,1095.07,21,2010-09-20 11:48:00,2011-09-11 12:45:00
14213.0,1,244,1192.2,1192.2,5,2010-10-31 10:37:00,2010-10-31 10:37:00
14214.0,5,751,1004.38,200.876,67,2011-03-07 12:26:00,2011-11-09 10:31:00
14215.0,9,2181,3250.33,361.1477777777778,186,2009-12-08 09:35:00,2011-11-28 12:19:00
14216.0,5,712,2150.04,430.008,77,2010-10-21 15:07:00,2011-12-06 14:56:00
14217.0,23,1230,3298.59,143.41695652173914,174,2010-06-30 12:54:00,2011-12-08 11:53:00
14218.0,1,160,169.48000000000002,169.48000000000002,12,2011-10-28 10:00:00,2011-10-28 10:00:00
14219.0,3,363,633.8299999999999,211.27666666666664,43,2010-08-03 14:42:00,2011-12-05 16:23:00
14220.0,4,468,1515.0,378.75,38,2010-05-19 13:26:00,2011-04-06 13:23:00
14221.0,17,3808,6517.49,383.38176470588235,347,2010-04-06 14:10:00,2011-10-28 13:42:00
14222.0,1,607,683.17,683.17,41,2011-06-15 16:42:00,2011-06-15 16:42:00
14223.0,3,585,991.13,330.37666666666667,60,2011-03-20 16:02:00,2011-09-08 13:38:00
14224.0,9,826,1841.71,204.63444444444445,223,2010-06-13 13:46:00,2011-08-21 13:24:00
14225.0,4,1167,2031.07,507.7675,85,2010-01-12 15:02:00,2010-10-01 10:32:00
14226.0,6,1714,2985.13,497.5216666666667,96,2010-09-24 14:32:00,2011-11-11 11:34:00
14227.0,15,4048,6368.71,424.5806666666667,377,2010-02-08 09:38:00,2011-11-13 15:48:00
14228.0,3,260,745.5,248.5,38,2010-06-11 12:29:00,2010-09-28 09:45:00
14229.0,7,934,2594.04,324.255,72,2010-08-25 11:47:00,2011-10-19 10:04:00
14230.0,3,246,979.8,326.59999999999997,33,2010-06-09 13:56:00,2010-09-30 09:07:00
14231.0,4,610,1235.62,308.905,69,2010-09-15 09:52:00,2011-06-09 11:05:00
14232.0,5,1941,2048.07,409.61400000000003,115,2011-03-20 12:44:00,2011-10-28 11:09:00
14233.0,7,1261,2904.27,414.8957142857143,73,2010-03-05 16:35:00,2011-10-21 15:54:00
14234.0,4,951,754.12,188.53,135,2011-10-13 13:58:00,2011-11-17 17:53:00
14235.0,9,3014,4717.990000000001,524.2211111111112,148,2010-03-30 13:36:00,2011-09-25 14:37:00
14236.0,5,774,1555.3400000000001,311.06800000000004,47,2010-07-22 14:27:00,2011-09-20 09:13:00
14237.0,2,238,471.14,235.57,26,2010-04-28 10:04:00,2010-12-01 13:20:00
14238.0,3,189,434.23,144.74333333333334,13,2009-12-05 10:58:00,2011-01-17 14:40:00
14239.0,21,1729,4263.17,203.00809523809525,210,2009-12-05 12:36:00,2011-10-27 14:40:00
14240.0,3,655,1247.49,415.83,61,2010-10-12 12:48:00,2011-11-09 13:45:00
14241.0,2,242,333.70000000000005,166.85000000000002,12,2010-01-12 15:11:00,2011-06-09 11:46:00
14242.0,2,123,280.54999999999995,140.27499999999998,16,2011-01-18 08:53:00,2011-04-19 11:46:00
14243.0,17,3631,7217.75,424.5735294117647,363,2010-08-20 13:41:00,2011-12-01 11:12:00
14244.0,1,814,366.41999999999996,366.41999999999996,16,2010-02-17 11:40:00,2010-02-17 11:40:00
14245.0,2,976,1693.45,846.725,108,2011-03-21 10:41:00,2011-05-04 08:40:00
14246.0,3,804,1474.06,491.3533333333333,75,2011-04-08 08:25:00,2011-08-21 11:50:00
14247.0,5,378,753.56,150.712,108,2010-06-06 15:07:00,2011-03-06 15:21:00
14248.0,3,692,1032.95,344.31666666666666,47,2010-07-12 14:27:00,2011-01-25 14:45:00
14249.0,12,2383,5400.461,450.0384166666667,262,2010-01-29 14:21:00,2010-10-25 12:34:00
14250.0,3,1200,1904.05,634.6833333333333,111,2011-09-11 13:44:00,2011-12-02 14:30:00
14251.0,5,1674,2879.7,575.9399999999999,78,2011-10-13 12:46:00,2011-12-08 08:32:00
14252.0,1,111,350.99,350.99,10,2010-11-23 13:36:00,2010-11-23 13:36:00
14253.0,2,88,363.40000000000003,181.70000000000002,12,2010-03-26 15:08:00,2010-08-03 14:55:00
14254.0,1,263,601.03,601.03,23,2010-10-03 11:52:00,2010-10-03 11:52:00
14255.0,1,1,1000.63,1000.63,1,2010-06-11 15:54:00,2010-06-11 15:54:00
14256.0,5,1147,2460.79,492.158,133,2010-01-14 10:35:00,2011-03-24 13:17:00
14257.0,9,3332,5954.45,661.6055555555555,240,2010-03-01 15:36:00,2011-10-06 16:54:00
14258.0,25,17488,32051.34,1282.0536,300,2009-12-04 08:36:00,2011-11-30 15:27:00
14259.0,1,68,120.0,120.0,5,2011-07-21 10:44:00,2011-07-21 10:44:00
14260.0,3,544,824.28,274.76,51,2010-06-09 11:23:00,2010-08-25 14:55:00
14261.0,2,406,1163.45,581.725,52,2011-09-22 10:47:00,2011-10-20 10:04:00
14262.0,8,1645,2618.23,327.27875,143,2011-04-13 12:23:00,2011-12-01 14:17:00
14263.0,1,171,322.93,322.93,16,2010-10-12 14:09:00,2010-10-12 14:09:00
14264.0,6,553,1517.3600000000001,252.89333333333335,79,2010-04-07 13:21:00,2011-07-08 10:20:00
14265.0,4,715,1373.35,343.3375,79,2010-04-06 14:39:00,2011-08-22 13:32:00
14266.0,1,24,40.56,40.56,1,2010-10-07 13:32:00,2010-10-07 13:32:00
14267.0,3,530,1516.24,505.41333333333336,55,2011-03-24 11:38:00,2011-06-30 10:09:00
14268.0,1,147,354.85,354.85,19,2010-08-26 10:45:00,2010-08-26 10:45:00
14269.0,1,123,295.73,295.73,16,2010-09-26 12:53:00,2010-09-26 12:53:00
14270.0,1,197,492.65000000000003,492.65000000000003,29,2011-01-12 09:33:00,2011-01-12 09:33:00
14271.0,2,148,214.18,107.09,38,2010-10-26 17:01:00,2011-04-28 12:47:00
14272.0,4,1097,920.8100000000001,230.20250000000001,64,2010-05-06 14:01:00,2011-09-27 10:08:00
14273.0,4,264,559.97,139.9925,29,2011-04-11 13:24:00,2011-10-19 13:20:00
14274.0,1,178,256.6,256.6,15,2010-01-22 12:51:00,2010-01-22 12:51:00
14275.0,6,538,1189.3799999999999,198.23,23,2010-04-11 12:32:00,2010-11-09 09:06:00
14276.0,7,1406,2102.68,300.3828571428571,121,2010-02-17 13:10:00,2011-09-02 09:45:00
14277.0,9,89806,17197.61,1910.8455555555556,373,2009-12-13 15:43:00,2011-11-24 15:01:00
14278.0,1,131,205.83,205.83,13,2010-10-26 12:07:00,2010-10-26 12:07:00
14279.0,2,46,191.86,95.93,3,2010-01-27 16:34:00,2010-07-07 08:42:00
14280.0,1,52,134.04,134.04,8,2011-05-27 10:37:00,2011-05-27 10:37:00
14281.0,1,45,245.15,245.15,7,2010-10-27 14:45:00,2010-10-27 14:45:00
14282.0,25,5166,7250.76,290.0304,239,2010-02-15 11:22:00,2011-12-06 17:04:00
14283.0,4,550,628.44,157.11,41,2010-05-19 12:22:00,2010-09-02 14:46:00
14284.0,3,510,1299.65,433.2166666666667,67,2010-02-24 12:06:00,2011-11-09 08:11:00
14285.0,8,954,3284.42,410.5525,60,2009-12-08 14:13:00,2011-11-18 14:50:00
14286.0,7,8795,8479.76,1211.3942857142858,499,2009-12-04 08:40:00,2011-11-16 10:34:00
14287.0,3,261,176.63,58.876666666666665,9,2011-05-25 11:41:00,2011-12-01 13:25:00
14288.0,1,188,426.6,426.6,16,2011-05-10 13:22:00,2011-05-10 13:22:00
14289.0,6,292,911.26,151.87666666666667,47,2011-02-23 12:33:00,2011-12-01 11:44:00
14290.0,8,1600,4516.56,564.57,151,2009-12-08 11:44:00,2011-11-28 14:02:00
14291.0,23,6146,7904.1,343.6565217391304,494,2009-12-09 10:46:00,2011-12-08 10:26:00
14292.0,16,3429,9226.25,576.640625,193,2010-03-19 11:10:00,2011-12-02 11:50:00
14293.0,9,1558,2903.01,322.5566666666667,119,2009-12-10 10:57:00,2011-12-06 15:17:00
14294.0,1,190,375.34,375.34,23,2010-10-28 16:25:00,2010-10-28 16:25:00
14295.0,5,1029,2362.91,472.582,72,2009-12-08 09:49:00,2011-10-30 15:50:00
14296.0,2,314,456.4,228.2,27,2010-05-14 14:34:00,2010-10-14 14:14:00
14297.0,4,865,1305.33,326.3325,62,2011-03-10 08:31:00,2011-11-22 09:06:00
14298.0,82,100272,91194.49,1112.1279268292683,2864,2009-12-11 13:49:00,2011-12-01 13:12:00
14299.0,27,8136,14070.25,521.1203703703703,335,2009-12-02 10:58:00,2011-12-01 16:05:00
14300.0,1,32,43.2,43.2,3,2011-11-21 08:57:00,2011-11-21 08:57:00
14301.0,4,1686,1992.18,498.045,53,2010-02-11 13:07:00,2011-08-14 15:33:00
14302.0,3,298,742.9000000000001,247.63333333333335,28,2009-12-02 08:16:00,2010-10-05 08:10:00
14303.0,2,218,277.94,138.97,22,2010-10-01 10:31:00,2010-10-28 15:37:00
14304.0,3,775,1725.01,575.0033333333333,88,2010-05-18 10:50:00,2011-05-01 11:50:00
14305.0,3,1089,1858.96,619.6533333333333,105,2011-07-27 14:14:00,2011-09-29 15:29:00
14306.0,6,2065,3151.4,525.2333333333333,46,2010-01-31 13:42:00,2011-10-19 13:23:00
14307.0,10,2816,4287.92,428.79200000000003,262,2009-12-07 13:06:00,2011-09-12 09:38:00
14308.0,2,2,1147.02,573.51,2,2010-06-08 16:39:00,2010-06-08 16:48:00
14309.0,11,2583,3780.81,343.71,189,2010-06-07 10:24:00,2011-12-01 13:33:00
14310.0,1,230,492.1,492.1,22,2010-10-03 12:34:00,2010-10-03 12:34:00
14311.0,2,235,516.45,258.225,31,2010-05-21 10:28:00,2011-04-11 10:14:00
14312.0,11,1904,3090.29,280.93545454545455,180,2010-07-23 15:05:00,2011-10-24 09:46:00
14314.0,2,332,229.8,114.9,10,2010-10-05 08:00:00,2011-08-25 10:39:00
14315.0,8,1344,3197.8199999999997,399.72749999999996,133,2010-03-15 12:49:00,2011-10-26 12:06:00
14316.0,5,4494,1370.34,274.068,31,2010-03-19 15:18:00,2010-10-13 16:31:00
14317.0,1,255,508.58000000000004,508.58000000000004,24,2011-10-06 10:44:00,2011-10-06 10:44:00
14318.0,1,152,158.02,158.02,9,2010-09-05 15:32:00,2010-09-05 15:32:00
14319.0,1,329,494.85,494.85,26,2010-10-11 13:38:00,2010-10-11 13:38:00
14320.0,5,713,1346.75,269.35,81,2010-01-21 11:44:00,2011-05-17 09:24:00
14321.0,7,3275,2218.06,316.86571428571426,179,2010-08-23 12:56:00,2011-11-29 09:47:00
14322.0,4,158,474.1,118.525,13,2010-02-18 08:49:00,2010-10-06 15:17:00
14323.0,2,350,605.06,302.53,36,2011-04-15 11:44:00,2011-08-17 11:37:00
14324.0,2,402,701.61,350.805,41,2010-01-15 13:31:00,2010-10-26 11:44:00
14325.0,1,320,245.48000000000002,245.48000000000002,18,2010-05-19 09:20:00,2010-05-19 09:20:00
14326.0,3,572,940.98,313.66,57,2010-06-25 12:10:00,2011-04-11 15:04:00
14327.0,6,1296,1894.9299999999998,315.82166666666666,106,2010-01-08 14:04:00,2011-06-29 13:58:00
14328.0,1,1,445.05,445.05,1,2010-09-27 16:01:00,2010-09-27 16:01:00
14329.0,15,5913,9887.62,659.1746666666667,552,2009-12-16 15:31:00,2011-11-22 15:50:00
14330.0,1,103,200.63,200.63,13,2010-03-26 09:10:00,2010-03-26 09:10:00
14331.0,2,252,462.66,231.33,28,2011-07-27 15:14:00,2011-08-07 13:17:00
14332.0,5,875,1917.41,383.482,61,2010-10-19 13:01:00,2011-11-17 11:54:00
14333.0,1,58,415.2,415.2,15,2011-10-03 10:38:00,2011-10-03 10:38:00
14334.0,12,2986,4318.48,359.8733333333333,258,2010-05-20 10:04:00,2011-11-23 10:01:00
14335.0,2,375,454.86,227.43,59,2011-09-04 13:07:00,2011-11-23 13:41:00
14336.0,4,1759,1614.91,403.7275,90,2011-03-08 16:48:00,2011-11-23 11:40:00
14338.0,3,622,928.1,309.3666666666667,50,2010-06-21 10:32:00,2011-07-01 14:08:00
14339.0,2,456,620.27,310.135,23,2010-10-07 08:50:00,2011-04-11 11:06:00
14340.0,1,58,134.7,134.7,6,2011-05-05 09:44:00,2011-05-05 09:44:00
14341.0,18,2813,4452.02,247.33444444444447,264,2009-12-01 12:20:00,2011-10-25 15:48:00
14342.0,6,521,918.44,153.07333333333335,33,2010-08-24 13:03:00,2011-11-18 13:21:00
14343.0,4,626,1079.66,269.915,230,2010-01-18 16:47:00,2010-10-14 13:05:00
14344.0,20,1546,2993.05,149.6525,229,2010-03-23 15:47:00,2011-08-04 13:51:00
14345.0,1,50,108.97999999999999,108.97999999999999,6,2011-11-01 09:51:00,2011-11-01 09:51:00
14346.0,5,1878,2315.75,463.15,146,2010-07-30 10:44:00,2011-08-11 09:47:00
14347.0,1,48,82.6,82.6,6,2009-12-03 10:49:00,2009-12-03 10:49:00
14348.0,1,183,409.57,409.57,18,2011-03-24 16:23:00,2011-03-24 16:23:00
14349.0,1,86,133.5,133.5,31,2011-11-29 15:39:00,2011-11-29 15:39:00
14350.0,3,543,972.03,324.01,59,2010-10-05 15:52:00,2011-03-10 14:14:00
14351.0,1,12,51.0,51.0,1,2011-06-28 11:56:00,2011-06-28 11:56:00
14352.0,4,538,1078.96,269.74,45,2011-03-11 14:58:00,2011-07-05 15:41:00
14353.0,3,344,376.5,125.5,25,2010-10-04 12:38:00,2011-05-08 16:06:00
14354.0,2,210,163.62,81.81,9,2011-11-09 15:36:00,2011-12-04 11:32:00
14355.0,3,617,840.0500000000001,280.0166666666667,60,2010-03-22 15:08:00,2010-12-09 12:16:00
14356.0,2,277,701.23,350.615,33,2011-09-19 14:43:00,2011-09-21 09:18:00
14357.0,1,147,225.12,225.12,39,2011-10-27 16:23:00,2011-10-27 16:23:00
14358.0,2,338,400.05999999999995,200.02999999999997,25,2010-10-07 17:26:00,2010-11-15 15:51:00
14359.0,3,371,912.1800000000001,304.06,55,2011-09-13 09:03:00,2011-11-20 13:17:00
14360.0,4,1139,2118.0299999999997,529.5074999999999,117,2011-09-06 11:58:00,2011-11-08 09:12:00
14361.0,1,251,214.70999999999998,214.70999999999998,14,2010-05-10 12:29:00,2010-05-10 12:29:00
14362.0,1,96,151.5,151.5,37,2011-11-17 15:08:00,2011-11-17 15:08:00
14363.0,2,105,227.47,113.735,8,2010-09-14 14:39:00,2010-11-02 17:01:00
14364.0,8,1967,3717.35,464.66875,69,2011-05-12 12:56:00,2011-08-23 11:01:00
14365.0,2,557,634.6800000000001,317.34000000000003,51,2010-01-27 09:44:00,2010-11-10 09:52:00
14366.0,1,16,136.0,136.0,1,2010-07-02 17:23:00,2010-07-02 17:23:00
14367.0,16,4426,9227.82,576.73875,520,2011-03-08 14:12:00,2011-12-01 13:19:00
14368.0,1,36,155.0,155.0,8,2011-01-24 09:52:00,2011-01-24 09:52:00
14369.0,2,255,469.13,234.565,26,2010-02-16 10:28:00,2010-03-07 15:47:00
14370.0,6,266,1175.78,195.96333333333334,44,2010-02-01 08:35:00,2010-09-15 10:53:00
14371.0,1,34,100.5,100.5,4,2011-02-17 16:35:00,2011-02-17 16:35:00
14372.0,2,378,860.08,430.04,38,2010-04-19 15:57:00,2010-09-22 16:17:00
14373.0,1,17,76.55,76.55,4,2010-12-16 15:40:00,2010-12-16 15:40:00
14374.0,1,20,108.0,108.0,7,2010-06-16 14:25:00,2010-06-16 14:25:00
14375.0,3,647,1106.82,368.94,193,2010-06-16 14:34:00,2011-06-07 13:44:00
14376.0,1,50,215.46,215.46,17,2010-01-25 15:36:00,2010-01-25 15:36:00
14377.0,2,219,617.05,308.525,11,2011-03-22 13:38:00,2011-06-01 13:32:00
14378.0,1,57,131.25,131.25,9,2010-03-28 12:22:00,2010-03-28 12:22:00
14379.0,4,712,1265.1599999999999,316.28999999999996,123,2010-08-16 15:31:00,2011-10-26 16:43:00
14380.0,1,1,48.96,48.96,1,2010-01-26 17:11:00,2010-01-26 17:11:00
14381.0,2,449,625.94,312.97,112,2010-09-14 16:15:00,2011-10-18 17:10:00
14382.0,2,1667,1193.63,596.815,258,2010-11-14 16:32:00,2011-11-13 16:18:00
14383.0,3,817,1247.69,415.8966666666667,59,2011-06-29 10:18:00,2011-11-01 15:53:00
14384.0,1,30,58.5,58.5,3,2010-07-27 09:53:00,2010-07-27 09:53:00
14385.0,3,159,202.10999999999999,67.36999999999999,14,2011-11-16 11:55:00,2011-11-30 15:36:00
14386.0,1,54,142.4,142.4,7,2011-02-16 09:45:00,2011-02-16 09:45:00
14387.0,3,795,1727.6,575.8666666666667,138,2011-08-22 14:13:00,2011-11-07 12:29:00
14388.0,16,4190,6388.2,399.2625,393,2010-01-20 11:54:00,2011-11-29 13:32:00
14389.0,5,1388,1898.01,379.602,87,2010-04-28 14:57:00,2011-10-05 15:17:00
14390.0,13,2830,6150.03,473.0792307692308,453,2010-10-10 14:30:00,2011-11-29 13:49:00
14391.0,1,168,135.6,135.6,14,2010-05-12 09:42:00,2010-05-12 09:42:00
14392.0,1,114,266.4,266.4,14,2010-10-03 12:56:00,2010-10-03 12:56:00
14393.0,1,13,67.95,67.95,5,2011-05-05 18:16:00,2011-05-05 18:16:00
14394.0,1,58,93.8,93.8,6,2010-05-24 10:43:00,2010-05-24 10:43:00
14395.0,20,3872,7801.93,390.0965,756,2010-04-18 13:12:00,2011-12-07 14:34:00
14396.0,7,959,1969.38,281.34000000000003,243,2009-12-02 14:21:00,2011-10-05 16:09:00
14397.0,19,1890,2612.96,137.52421052631578,87,2011-05-10 12:25:00,2011-12-07 09:22:00
14398.0,2,267,707.79,353.895,53,2010-06-30 11:57:00,2010-11-03 13:46:00
14399.0,8,965,2108.21,263.52625,189,2010-02-03 13:09:00,2010-11-10 13:23:00
14400.0,3,1706,1732.47,577.49,73,2010-03-18 12:11:00,2011-07-13 15:50:00
14401.0,22,6401,6795.9,308.9045454545454,266,2009-12-14 13:22:00,2011-12-05 13:30:00
14402.0,1,240,285.6,285.6,8,2010-02-25 13:20:00,2010-02-25 13:20:00
14403.0,6,737,1880.51,313.41833333333335,25,2010-03-10 14:00:00,2011-08-01 12:57:00
14404.0,13,1577,2724.13,209.54846153846154,180,2009-12-20 14:40:00,2011-11-06 12:30:00
14405.0,1,100,195.0,195.0,2,2010-11-18 11:40:00,2010-11-18 11:40:00
14406.0,1,77,156.75,156.75,8,2011-08-12 16:54:00,2011-08-12 16:54:00
14407.0,6,1415,2157.73,359.62166666666667,73,2011-03-08 11:59:00,2011-08-24 14:02:00
14408.0,11,2438,4102.27,372.9336363636364,126,2009-12-07 12:18:00,2011-11-29 11:41:00
14409.0,9,2233,3427.29,380.81,104,2010-05-21 16:45:00,2011-09-29 18:18:00
14410.0,11,1369,2631.9,239.26363636363638,371,2010-09-28 15:46:00,2011-09-08 15:08:00
14411.0,1,196,1063.0,1063.0,14,2011-02-02 10:56:00,2011-02-02 10:56:00
14412.0,3,1428,1426.19,475.3966666666667,84,2010-10-11 12:33:00,2011-10-28 10:45:00
14413.0,4,277,764.52,191.13,96,2010-01-19 14:27:00,2010-12-12 13:37:00
14414.0,8,2877,2399.33,299.91625,118,2010-11-30 10:12:00,2011-09-09 12:09:00
14415.0,23,6263,11980.09,520.8734782608695,1199,2009-12-16 14:08:00,2011-12-08 14:38:00
14416.0,2,326,490.22,245.11,14,2011-10-28 15:10:00,2011-11-17 15:22:00
14417.0,1,543,524.65,524.65,106,2010-11-17 10:55:00,2010-11-17 10:55:00
14418.0,3,1711,1937.25,645.75,122,2011-08-23 17:18:00,2011-12-06 11:39:00
14419.0,7,552,1254.64,179.23428571428573,223,2010-11-22 11:09:00,2011-11-29 11:22:00
14420.0,4,1120,1639.17,409.7925,92,2010-01-17 12:41:00,2011-09-01 18:07:00
14421.0,6,1342,2469.37,411.56166666666667,96,2010-01-17 11:30:00,2011-10-13 13:24:00
14422.0,19,6067,10271.52,540.6063157894737,552,2009-12-17 12:12:00,2011-12-09 11:26:00
14423.0,3,419,916.6099999999999,305.53666666666663,15,2010-01-14 11:49:00,2011-05-05 15:12:00
14424.0,1,48,322.08,322.08,1,2011-11-22 11:48:00,2011-11-22 11:48:00
14425.0,3,325,661.39,220.46333333333334,39,2009-12-02 11:31:00,2010-10-01 10:24:00
14426.0,17,7023,11727.94,689.8788235294118,604,2010-03-04 14:36:00,2011-11-16 12:25:00
14427.0,4,538,1263.52,315.88,44,2010-03-18 09:49:00,2011-10-20 14:23:00
14428.0,5,428,1224.06,244.81199999999998,131,2011-01-18 16:39:00,2011-12-02 13:17:00
14429.0,1,286,516.28,516.28,22,2010-11-01 10:08:00,2010-11-01 10:08:00
14430.0,3,446,1220.9,406.9666666666667,35,2010-04-11 15:59:00,2010-07-16 11:35:00
14431.0,4,1202,2614.2,653.55,81,2010-01-21 10:49:00,2011-02-10 10:40:00
14432.0,6,2013,2248.5,374.75,372,2011-09-11 14:09:00,2011-11-30 08:04:00
14433.0,1,131,280.7,280.7,72,2010-08-31 12:35:00,2010-08-31 12:35:00
14434.0,6,368,1372.8,228.79999999999998,12,2011-09-28 15:31:00,2011-11-18 08:56:00
14435.0,1,282,90.42,90.42,3,2010-07-26 12:33:00,2010-07-26 12:33:00
14436.0,2,297,271.70000000000005,135.85000000000002,11,2010-06-04 11:32:00,2011-09-02 10:13:00
14437.0,5,420,873.34,174.668,42,2010-05-05 12:20:00,2010-12-09 09:27:00
14438.0,1,82,131.9,131.9,9,2011-02-06 14:56:00,2011-02-06 14:56:00
14439.0,5,2244,9443.039999999999,1888.6079999999997,129,2010-01-21 14:01:00,2011-01-24 11:39:00
14440.0,13,1605,5982.030000000001,460.15615384615387,128,2009-12-02 12:13:00,2011-12-01 15:42:00
14441.0,11,1260,4611.69,419.2445454545454,153,2010-01-18 10:40:00,2011-12-09 09:07:00
14442.0,7,1431,5367.0199999999995,766.7171428571428,183,2010-01-18 12:59:00,2011-05-19 11:36:00
14443.0,5,1357,2082.97,416.59399999999994,133,2010-11-25 14:18:00,2011-10-17 10:10:00
14444.0,1,172,120.44,120.44,11,2010-09-09 18:56:00,2010-09-09 18:56:00
14445.0,1,83,221.65,221.65,32,2010-09-10 11:09:00,2010-09-10 11:09:00
14446.0,5,1091,1200.28,240.05599999999998,307,2010-11-18 12:08:00,2011-12-09 11:34:00
14447.0,6,913,1711.73,285.28833333333336,106,2010-11-04 13:32:00,2011-11-21 08:28:00
14448.0,2,104,375.35,187.675,20,2010-12-10 17:26:00,2011-11-30 13:50:00
14449.0,8,1604,2230.96,278.87,465,2010-09-29 13:15:00,2011-11-21 12:06:00
14450.0,7,522,1128.44,161.2057142857143,76,2010-04-08 12:09:00,2011-06-12 10:46:00
14451.0,12,1737,3258.68,271.5566666666667,494,2010-01-17 10:35:00,2011-10-10 13:38:00
14452.0,4,285,658.95,164.7375,126,2010-07-06 13:13:00,2011-11-29 12:06:00
14453.0,1,49,119.93,119.93,22,2011-06-02 14:15:00,2011-06-02 14:15:00
14454.0,5,400,977.3,195.45999999999998,107,2009-12-06 12:56:00,2010-11-28 13:26:00
14455.0,4,706,617.72,154.43,74,2010-08-01 13:26:00,2010-10-03 15:48:00
14456.0,9,2885,3017.2799999999997,335.25333333333333,921,2011-07-20 13:06:00,2011-12-04 13:59:00
14457.0,1,88,113.64,113.64,4,2011-02-02 09:39:00,2011-02-02 09:39:00
14458.0,1,317,228.07,228.07,46,2010-11-24 12:43:00,2010-11-24 12:43:00
14459.0,2,2303,5375.741,2687.8705,113,2010-02-26 13:26:00,2011-07-07 13:35:00
14460.0,9,1879,1093.5,121.5,42,2009-12-15 19:06:00,2011-08-21 14:19:00
14461.0,13,3005,6676.91,513.6084615384615,632,2010-01-18 12:48:00,2011-07-14 17:11:00
14462.0,12,1063,2242.81,186.90083333333334,271,2010-10-03 14:13:00,2011-10-04 15:55:00
14463.0,4,210,786.5699999999999,196.64249999999998,8,2010-07-28 11:35:00,2011-09-02 15:20:00
14464.0,2,62,111.0,55.5,4,2010-03-22 15:20:00,2010-05-20 18:00:00
14465.0,11,2539,3925.85,356.8954545454545,190,2010-01-07 15:03:00,2011-04-07 12:38:00
14466.0,13,2507,4267.15,328.2423076923077,205,2009-12-13 15:44:00,2011-11-10 14:07:00
14467.0,12,1187,2203.24,183.60333333333332,298,2009-12-02 12:44:00,2011-11-22 12:48:00
14468.0,1,164,204.24,204.24,12,2009-12-06 12:21:00,2009-12-06 12:21:00
14469.0,4,973,2093.46,523.365,144,2010-01-29 11:12:00,2010-10-19 14:30:00
14470.0,3,282,712.04,237.34666666666666,60,2010-10-05 12:39:00,2011-11-28 10:31:00
14471.0,2,187,400.95,200.475,41,2009-12-07 12:26:00,2010-04-27 17:12:00
14472.0,9,1271,2118.72,235.4133333333333,294,2010-01-19 13:09:00,2011-08-28 11:01:00
14473.0,2,88,234.34000000000003,117.17000000000002,7,2011-03-02 13:56:00,2011-09-26 15:10:00
14474.0,2,448,1258.8899999999999,629.4449999999999,126,2010-05-09 12:12:00,2011-10-24 13:26:00
14475.0,4,541,1151.15,287.7875,48,2010-10-27 09:20:00,2011-09-29 10:46:00
14476.0,1,110,193.0,193.0,17,2011-03-27 15:39:00,2011-03-27 15:39:00
14477.0,7,1120,1969.6,281.37142857142857,14,2010-01-04 15:41:00,2011-11-20 11:11:00
14478.0,4,1226,1276.6599999999999,319.16499999999996,68,2009-12-01 13:20:00,2010-11-22 15:29:00
14479.0,4,562,1124.71,281.1775,135,2009-12-06 13:48:00,2011-03-31 09:07:00
14480.0,4,670,1299.52,324.88,65,2009-12-21 16:32:00,2011-11-28 16:35:00
14481.0,5,1568,2284.69,456.938,148,2010-01-31 12:43:00,2011-06-28 10:38:00
14482.0,12,2869,4306.72,358.8933333333334,233,2010-08-26 14:13:00,2011-11-21 13:14:00
14483.0,2,193,257.1,128.55,13,2009-12-03 10:16:00,2011-03-03 10:26:00
14484.0,4,744,1070.98,267.745,53,2009-12-17 10:57:00,2011-10-20 14:11:00
14485.0,1,70,162.8,162.8,44,2011-11-01 12:25:00,2011-11-01 12:25:00
14486.0,2,90,175.5,87.75,6,2010-06-04 10:30:00,2010-07-16 09:42:00
14487.0,7,761,1266.27,180.8957142857143,158,2010-11-25 13:36:00,2011-11-13 12:17:00
14488.0,1,799,1064.28,1064.28,46,2011-10-03 09:30:00,2011-10-03 09:30:00
14489.0,4,1011,1574.93,393.7325,100,2010-04-06 09:52:00,2011-05-16 14:51:00
14490.0,2,933,1273.47,636.735,80,2010-10-07 11:36:00,2010-10-29 15:04:00
14491.0,2,139,340.93,170.465,17,2010-12-02 12:10:00,2011-06-17 15:22:00
14492.0,7,751,1921.91,274.55857142857144,92,2010-03-30 14:23:00,2010-10-05 13:21:00
14493.0,10,3148,5087.860000000001,508.78600000000006,343,2010-03-08 08:33:00,2011-12-02 16:14:00
14494.0,3,210,401.46000000000004,133.82000000000002,17,2009-12-08 13:25:00,2011-11-14 09:21:00
14495.0,3,68,174.8,58.26666666666667,7,2010-02-18 08:49:00,2011-10-20 12:28:00
14496.0,7,905,2363.89,337.6985714285714,106,2010-03-16 13:15:00,2011-02-01 09:01:00
14497.0,2,332,697.06,348.53,40,2010-02-04 09:59:00,2011-02-03 17:01:00
14498.0,10,2120,3900.83,390.08299999999997,363,2010-06-07 16:05:00,2011-10-28 12:09:00
14499.0,7,1231,2101.79,300.2557142857143,300,2010-08-27 11:57:00,2011-11-13 13:01:00
14500.0,3,117,356.85,118.95,6,2011-06-03 10:08:00,2011-09-12 16:45:00
14501.0,2,161,251.21,125.605,10,2011-01-24 10:43:00,2011-06-09 12:02:00
14502.0,11,1480,2429.83,220.89363636363635,589,2011-01-30 15:52:00,2011-11-20 11:50:00
14503.0,6,2004,3543.26,590.5433333333334,164,2011-06-14 10:00:00,2011-12-06 13:30:00
14504.0,4,308,673.26,168.315,107,2011-03-06 14:38:00,2011-10-23 16:00:00
14505.0,19,5325,11879.08,625.2147368421053,1530,2009-12-09 14:48:00,2011-11-22 15:45:00
14506.0,7,936,2960.25,422.89285714285717,386,2010-04-19 08:27:00,2011-11-22 13:02:00
14507.0,11,1491,3216.74,292.4309090909091,253,2009-12-10 17:04:00,2011-11-16 12:21:00
14508.0,5,347,822.9200000000001,164.584,169,2010-06-17 13:02:00,2011-11-17 19:48:00
14509.0,1,38,110.95,110.95,25,2010-06-23 13:21:00,2010-06-23 13:21:00
14510.0,3,793,979.85,326.6166666666667,75,2010-09-29 13:35:00,2010-11-29 12:46:00
14511.0,5,784,1314.81,262.962,68,2011-07-29 12:13:00,2011-11-28 17:05:00
14512.0,7,736,1215.97,173.71,79,2009-12-07 13:49:00,2011-06-05 12:39:00
14513.0,6,593,788.01,131.335,19,2010-05-20 17:57:00,2011-08-31 11:25:00
14514.0,9,2362,4380.04,438.004,312,2009-12-13 13:21:00,2011-10-09 16:05:00
14515.0,12,1893,3724.06,310.3383333333333,173,2010-06-07 12:37:00,2011-11-22 11:37:00
14516.0,1,63,151.17,151.17,35,2010-07-11 14:07:00,2010-07-11 14:07:00
14517.0,2,91,330.45,165.225,18,2011-07-21 11:42:00,2011-11-06 14:20:00
14518.0,1,278,174.37,174.37,16,2011-10-06 14:43:00,2011-10-06 14:43:00
14519.0,2,81,203.14,101.57,38,2009-12-11 10:40:00,2010-01-25 11:18:00
14520.0,2,146,270.6,135.3,4,2011-02-22 09:15:00,2011-12-08 09:46:00
14521.0,1,211,199.45000000000002,199.45000000000002,17,2010-08-05 16:35:00,2010-08-05 16:35:00
14522.0,8,956,1748.42,218.5525,44,2010-01-24 13:55:00,2011-11-15 13:24:00
14523.0,1,251,241.09,241.09,12,2011-08-23 13:13:00,2011-08-23 13:13:00
14524.0,13,1169,2909.86,223.8353846153846,321,2010-10-19 11:44:00,2011-11-08 12:29:00
14525.0,17,5106,8026.54,472.14941176470586,512,2009-12-13 14:01:00,2011-11-20 11:37:00
14526.0,1,178,258.65,258.65,41,2010-11-15 13:32:00,2010-11-15 13:32:00
14527.0,122,6647,27246.88,221.51934959349595,2637,2009-12-02 12:06:00,2011-12-07 12:19:00
14528.0,1,278,364.21999999999997,364.21999999999997,18,2011-11-02 17:09:00,2011-11-02 17:09:00
14529.0,3,325,578.61,192.87,204,2011-08-21 14:10:00,2011-10-10 15:27:00
14530.0,16,2989,6088.87,380.554375,466,2010-01-21 11:25:00,2011-11-14 10:38:00
14531.0,1,260,376.34,376.34,29,2010-08-17 10:16:00,2010-08-17 10:16:00
14532.0,11,1111,3845.78,349.61636363636364,312,2010-01-10 11:47:00,2011-04-17 13:05:00
14533.0,11,6038,3466.37,315.12454545454545,89,2010-04-08 12:13:00,2011-11-15 12:05:00
14534.0,26,2822,6187.66,237.98692307692306,696,2010-03-15 14:16:00,2011-12-07 12:19:00
14535.0,9,3214,5973.23,663.6922222222222,814,2010-02-24 15:03:00,2011-10-10 15:39:00
14536.0,1,39,170.95,170.95,18,2011-03-25 12:21:00,2011-03-25 12:21:00
14537.0,2,228,641.4000000000001,320.70000000000005,23,2010-03-26 13:44:00,2011-10-13 10:54:00
14538.0,5,284,1370.8400000000001,274.168,52,2010-01-25 15:42:00,2011-10-06 10:31:00
14539.0,2,428,537.48,268.74,32,2011-10-26 12:03:00,2011-11-24 09:50:00
14540.0,11,1595,3709.6400000000003,337.24,254,2009-12-07 13:00:00,2011-11-30 10:15:00
14541.0,14,1123,2491.38,177.9557142857143,166,2010-01-07 11:59:00,2011-10-12 10:08:00
14542.0,1,19,103.25,103.25,5,2011-06-07 08:19:00,2011-06-07 08:19:00
14543.0,39,2639,14587.87,374.0479487179487,209,2009-12-01 13:47:00,2011-11-11 12:45:00
14544.0,3,2412,2938.5299999999997,979.5099999999999,178,2010-08-26 16:00:00,2011-11-15 15:06:00
14545.0,1,236,349.25,349.25,23,2010-02-03 15:23:00,2010-02-03 15:23:00
14546.0,11,2688,5184.84,471.34909090909093,782,2009-12-06 13:10:00,2011-12-04 13:00:00
14547.0,8,2639,3974.75,496.84375,347,2011-10-16 14:35:00,2011-12-06 11:06:00
14548.0,9,986,2541.29,282.36555555555555,103,2009-12-06 14:00:00,2011-07-12 12:19:00
14549.0,4,394,913.6,228.4,143,2009-12-02 14:06:00,2011-02-01 13:47:00
14550.0,4,771,1345.06,336.265,94,2010-08-13 12:05:00,2011-11-29 12:12:00
14551.0,7,486,878.09,125.44142857142857,77,2010-01-27 12:06:00,2011-11-21 13:36:00
14552.0,3,258,507.93,169.31,154,2010-04-26 13:44:00,2011-07-11 12:49:00
14553.0,9,1118,1818.6,202.06666666666666,278,2010-07-18 12:07:00,2011-11-20 13:20:00
14554.0,4,1443,2279.49,569.8725,189,2011-10-18 13:04:00,2011-11-29 16:44:00
14555.0,6,842,2304.03,384.00500000000005,112,2009-12-18 11:39:00,2011-10-13 16:24:00
14556.0,3,323,815.69,271.8966666666667,196,2010-01-20 11:49:00,2010-04-22 14:57:00
14557.0,1,510,788.38,788.38,16,2011-09-15 15:48:00,2011-09-15 15:48:00
14558.0,3,162,655.5,218.5,15,2009-12-08 10:41:00,2010-02-23 12:51:00
14559.0,1,72,75.6,75.6,2,2010-11-14 16:05:00,2010-11-14 16:05:00
14560.0,44,4580,6114.03,138.95522727272726,199,2009-12-02 10:15:00,2011-12-02 15:22:00
14561.0,3,1014,1080.76,360.25333333333333,69,2011-06-08 13:26:00,2011-09-25 12:39:00
14562.0,26,2574,6638.15,255.31346153846152,585,2010-02-07 14:10:00,2011-12-06 11:05:00
14563.0,2,279,640.54,320.27,103,2010-04-26 12:51:00,2010-07-18 12:01:00
14564.0,2,1295,2605.62,1302.81,107,2009-12-04 09:27:00,2010-10-01 09:02:00
14565.0,5,1940,3859.2200000000003,771.844,160,2010-08-23 09:48:00,2011-09-05 09:07:00
14566.0,4,2400,4092.0,1023.0,16,2010-06-24 10:34:00,2011-08-21 11:05:00
14567.0,2,412,1530.3600000000001,765.1800000000001,33,2011-08-01 13:48:00,2011-10-14 10:21:00
14568.0,1,645,919.7,919.7,47,2010-09-30 17:15:00,2010-09-30 17:15:00
14569.0,4,257,597.3299999999999,149.33249999999998,32,2010-04-15 11:49:00,2011-12-08 14:58:00
14570.0,3,431,613.75,204.58333333333334,66,2010-09-22 13:07:00,2011-03-04 10:58:00
14571.0,1,56,160.0,160.0,30,2010-10-10 15:06:00,2010-10-10 15:06:00
14572.0,11,2878,5526.88,502.44363636363636,478,2010-03-28 13:47:00,2011-12-06 14:40:00
14573.0,13,683,2163.12,166.39384615384614,306,2010-01-08 16:34:00,2011-06-13 11:15:00
14574.0,1,63,143.70000000000002,143.70000000000002,11,2009-12-07 12:42:00,2009-12-07 12:42:00
14575.0,1,163,420.22,420.22,71,2010-08-08 14:51:00,2010-08-08 14:51:00
14576.0,1,12,35.400000000000006,35.400000000000006,1,2010-12-02 17:51:00,2010-12-02 17:51:00
14577.0,7,569,1364.15,194.87857142857143,175,2009-12-11 12:09:00,2011-11-27 12:47:00
14578.0,1,240,168.63,168.63,24,2011-12-06 17:18:00,2011-12-06 17:18:00
14579.0,1,56,105.56,105.56,24,2010-10-03 14:36:00,2010-10-03 14:36:00
14580.0,1,3,14.850000000000001,14.850000000000001,1,2010-07-09 15:20:00,2010-07-09 15:20:00
14581.0,2,304,409.65,204.825,59,2010-06-13 15:48:00,2011-11-23 12:39:00
14582.0,1,73,114.11,114.11,6,2011-10-30 11:56:00,2011-10-30 11:56:00
14583.0,8,1071,1660.29,207.53625,437,2010-03-28 15:16:00,2011-12-04 12:32:00
14584.0,8,960,1738.16,217.27,216,2010-02-17 14:01:00,2011-06-23 18:33:00
14585.0,5,630,1143.27,228.654,111,2010-10-19 12:17:00,2011-10-20 14:33:00
14586.0,1,444,237.36,237.36,19,2011-03-08 10:04:00,2011-03-08 10:04:00
14587.0,9,749,1580.29,175.58777777777777,367,2011-01-12 13:16:00,2011-11-21 11:34:00
14588.0,1,62,135.39,135.39,16,2010-05-10 15:08:00,2010-05-10 15:08:00
14589.0,1,5,39.75,39.75,3,2010-12-03 11:42:00,2010-12-03 11:42:00
14590.0,20,901,2993.37,149.6685,200,2009-12-07 14:10:00,2010-10-11 12:06:00
14591.0,4,1228,1320.21,330.0525,164,2011-05-10 14:09:00,2011-11-24 13:57:00
14592.0,3,407,557.9399999999999,185.98,157,2011-10-06 18:08:00,2011-11-04 16:35:00
14593.0,12,1848,3665.5299999999997,305.4608333333333,573,2009-12-09 12:57:00,2011-11-18 12:48:00
14594.0,2,183,363.33,181.665,51,2010-12-01 13:54:00,2011-12-02 13:28:00
14595.0,8,1228,2164.4500000000003,270.55625000000003,136,2010-01-20 13:59:00,2011-11-20 12:12:00
14596.0,1,75,222.22000000000003,222.22000000000003,50,2010-03-23 12:13:00,2010-03-23 12:13:00
14597.0,6,1436,2184.63,364.105,87,2010-09-28 13:17:00,2011-11-28 13:13:00
14598.0,2,354,384.03999999999996,192.01999999999998,89,2010-05-19 13:07:00,2011-10-26 13:19:00
14599.0,2,292,457.89,228.945,77,2010-07-18 15:54:00,2010-11-14 14:49:00
14600.0,2,487,865.1700000000001,432.58500000000004,54,2010-11-11 15:56:00,2011-02-07 09:48:00
14601.0,1,168,213.96,213.96,7,2011-11-29 09:48:00,2011-11-29 09:48:00
14602.0,1,80,205.35999999999999,205.35999999999999,31,2010-02-21 15:47:00,2010-02-21 15:47:00
14603.0,1,400,660.0,660.0,2,2011-03-10 10:27:00,2011-03-10 10:27:00
14604.0,1,88,143.85999999999999,143.85999999999999,20,2010-03-16 13:00:00,2010-03-16 13:00:00
14605.0,4,416,921.5600000000001,230.39000000000001,104,2009-12-08 13:59:00,2010-11-30 14:07:00
14606.0,192,15217,29951.37,154.38850515463918,6298,2009-12-03 12:40:00,2011-12-08 19:28:00
14607.0,22,15335,23763.13,1080.1422727272727,202,2009-12-15 11:25:00,2011-11-24 10:35:00
14608.0,11,927,3352.94,304.8127272727273,43,2009-12-06 12:34:00,2011-12-05 16:52:00
14609.0,10,12720,1486.2,148.62,13,2010-02-09 09:48:00,2011-09-28 12:54:00
14610.0,2,15,24.35,12.175,10,2010-07-13 16:06:00,2010-11-09 10:58:00
14611.0,2,582,604.3299999999999,302.16499999999996,38,2010-04-20 10:19:00,2010-09-22 09:19:00
14612.0,1,134,877.7,877.7,14,2010-10-20 16:01:00,2010-10-20 16:01:00
14613.0,1,72,76.32000000000001,76.32000000000001,1,2010-01-28 13:02:00,2010-01-28 13:02:00
14614.0,1,189,295.13,295.13,19,2010-11-18 13:04:00,2010-11-18 13:04:00
14615.0,5,495,951.76,190.352,48,2010-06-09 13:59:00,2010-11-10 13:36:00
14616.0,5,170,527.78,105.556,5,2010-06-09 09:42:00,2011-04-11 09:54:00
14617.0,2,81,190.47000000000003,95.23500000000001,9,2010-10-20 10:40:00,2010-11-02 11:41:00
14618.0,7,704,1342.3200000000002,191.76000000000002,50,2010-06-11 10:11:00,2011-11-30 13:45:00
14619.0,2,594,1291.24,645.62,60,2010-06-16 14:41:00,2011-04-08 07:37:00
14620.0,2,214,412.78,206.39,26,2011-03-01 08:30:00,2011-05-18 11:58:00
14621.0,9,1706,3000.57,333.3966666666667,159,2010-01-25 09:08:00,2011-12-08 16:22:00
14622.0,1,146,320.58000000000004,320.58000000000004,21,2011-06-08 12:42:00,2011-06-08 12:42:00
14623.0,10,1025,2016.98,201.698,281,2010-04-16 17:12:00,2011-11-07 13:56:00
14624.0,6,645,814.07,135.67833333333334,51,2010-04-14 10:44:00,2011-10-13 13:44:00
14625.0,11,2155,4497.88,408.89818181818185,266,2009-12-16 13:23:00,2011-05-27 15:32:00
14626.0,11,3135,5410.92,491.9018181818182,232,2009-12-10 14:57:00,2011-11-16 10:37:00
14627.0,1,284,462.75,462.75,29,2010-11-25 16:32:00,2010-11-25 16:32:00
14628.0,5,1147,1998.0,399.6,86,2010-01-25 14:40:00,2011-09-09 14:58:00
14629.0,2,378,955.26,477.63,148,2011-10-23 16:13:00,2011-12-05 16:55:00
14630.0,1,111,338.65,338.65,21,2010-08-12 16:38:00,2010-08-12 16:38:00
14631.0,6,1407,2025.69,337.615,91,2010-08-09 14:45:00,2011-10-20 11:17:00
14632.0,1,96,114.56,114.56,8,2011-03-22 08:49:00,2011-03-22 08:49:00
14633.0,1,96,344.90000000000003,344.90000000000003,20,2011-03-18 17:07:00,2011-03-18 17:07:00
14634.0,4,1906,2124.46,531.115,109,2010-06-16 09:48:00,2010-09-28 10:40:00
14635.0,1,118,215.22,215.22,15,2010-09-12 10:47:00,2010-09-12 10:47:00
14636.0,2,241,609.85,304.925,28,2011-03-16 09:52:00,2011-11-03 16:12:00
14637.0,1,100,106.67999999999999,106.67999999999999,7,2010-01-31 15:52:00,2010-01-31 15:52:00
14638.0,1,166,443.6,443.6,16,2011-10-20 10:10:00,2011-10-20 10:10:00
14639.0,9,2410,4978.96,553.2177777777778,292,2010-02-16 12:35:00,2011-10-18 15:06:00
14640.0,10,1645,3649.36,364.93600000000004,203,2010-01-22 15:44:00,2011-11-15 13:07:00
14641.0,1,90,110.46,110.46,7,2011-11-18 10:42:00,2011-11-18 10:42:00
14642.0,1,76,96.12,96.12,2,2011-10-12 11:08:00,2011-10-12 11:08:00
14643.0,5,1377,1679.89,335.978,62,2009-12-11 11:52:00,2011-06-22 14:41:00
14644.0,7,770,2247.7200000000003,321.1028571428572,62,2009-12-03 16:24:00,2011-10-03 08:30:00
14645.0,3,587,876.8900000000001,292.2966666666667,48,2010-03-15 11:33:00,2011-07-06 09:15:00
14646.0,151,367193,528602.52,3500.678940397351,3846,2009-12-02 16:52:00,2011-12-08 12:12:00
14647.0,2,175,506.04,253.02,42,2010-07-04 13:27:00,2011-05-22 13:40:00
14648.0,15,3265,4466.65,297.77666666666664,405,2009-12-10 13:59:00,2010-10-19 13:12:00
14649.0,9,2415,3651.19,405.6877777777778,498,2010-01-20 13:10:00,2011-12-05 12:30:00
14650.0,1,22,62.5,62.5,4,2010-04-29 20:27:00,2010-04-29 20:27:00
14651.0,9,880,2025.52,225.05777777777777,278,2010-03-18 11:39:00,2011-10-03 15:52:00
14652.0,1,53,114.18,114.18,29,2011-09-23 14:21:00,2011-09-23 14:21:00
14653.0,12,1969,3593.06,276.3892307692308,380,2009-12-02 11:51:00,2011-12-08 13:45:00
14654.0,1,273,246.86,246.86,27,2009-12-01 12:57:00,2009-12-01 12:57:00
14655.0,7,2341,3878.51,554.0728571428572,103,2010-04-22 14:29:00,2011-12-01 16:28:00
14656.0,5,309,790.0,158.0,197,2010-04-15 12:10:00,2011-06-23 13:51:00
14657.0,6,879,1450.19,241.69833333333335,200,2010-09-30 19:57:00,2011-11-22 12:47:00
14658.0,2,47,247.15,123.575,29,2011-08-14 15:42:00,2011-12-04 15:35:00
14659.0,9,1195,2529.93,281.1033333333333,251,2011-01-28 12:43:00,2011-12-01 12:17:00
14660.0,2,228,285.74,142.87,30,2011-08-31 10:40:00,2011-09-14 11:34:00
14661.0,1,35,107.95,107.95,4,2011-11-13 11:51:00,2011-11-13 11:51:00
14662.0,7,907,1376.43,196.63285714285715,232,2009-12-03 16:47:00,2011-11-11 12:13:00
14663.0,2,397,490.6,245.3,63,2010-10-05 13:12:00,2010-10-05 13:21:00
14664.0,2,465,636.24,318.12,96,2011-11-06 14:56:00,2011-11-20 10:59:00
14665.0,7,1144,2749.65,392.8071428571429,132,2010-04-26 11:17:00,2011-10-10 09:14:00
14666.0,1,161,195.25,195.25,14,2011-11-15 12:57:00,2011-11-15 12:57:00
14667.0,54,11939,20395.34,377.6914814814815,1252,2009-12-02 12:38:00,2011-11-29 11:30:00
14668.0,1,49,111.63,111.63,10,2010-09-20 15:03:00,2010-09-20 15:03:00
14669.0,7,2043,3216.7799999999997,459.53999999999996,375,2009-12-02 13:06:00,2011-04-12 11:43:00
14670.0,3,423,583.3299999999999,194.4433333333333,174,2009-12-07 13:59:00,2011-03-04 14:13:00
14671.0,2,571,1127.45,563.725,53,2010-05-20 18:21:00,2010-06-08 13:39:00
14672.0,4,646,1113.1399999999999,278.28499999999997,105,2010-01-28 11:33:00,2011-04-19 10:19:00
14673.0,7,1822,3037.3199999999997,433.9028571428571,148,2010-10-26 10:14:00,2011-12-06 14:31:00
14674.0,1,103,173.66,173.66,14,2010-07-18 14:25:00,2010-07-18 14:25:00
14675.0,2,660,1015.58,507.79,207,2010-11-16 12:22:00,2011-11-23 12:58:00
14676.0,12,8792,8356.789999999999,696.3991666666666,133,2010-03-10 09:30:00,2011-11-08 13:29:00
14677.0,1,139,184.91,184.91,14,2010-04-26 09:48:00,2010-04-26 09:48:00
14678.0,1,179,403.39,403.39,24,2010-05-09 14:32:00,2010-05-09 14:32:00
14679.0,3,794,1289.44,429.81333333333333,63,2009-12-08 17:13:00,2010-11-23 11:51:00
14680.0,58,26894,55688.5,960.1465517241379,1263,2009-12-04 12:36:00,2011-11-14 16:59:00
14681.0,6,172,875.1500000000001,145.85833333333335,20,2010-02-24 08:54:00,2011-09-29 15:52:00
14682.0,6,949,1514.81,252.46833333333333,86,2010-02-05 14:47:00,2011-06-05 12:12:00
14683.0,1,386,146.56,146.56,21,2010-04-30 17:18:00,2010-04-30 17:18:00
14684.0,6,1005,1430.0300000000002,238.33833333333337,482,2010-11-14 14:07:00,2011-11-14 11:33:00
14685.0,8,1969,4536.64,567.08,179,2009-12-13 11:32:00,2010-05-12 13:08:00
14686.0,5,457,852.5300000000001,170.50600000000003,212,2010-02-18 18:29:00,2010-10-21 18:31:00
14687.0,3,850,1402.06,467.3533333333333,40,2010-06-06 10:36:00,2011-08-25 11:59:00
14688.0,28,5041,7190.42,247.94551724137932,485,2010-09-09 12:35:00,2011-12-02 12:26:00
14689.0,1,76,112.8,112.8,13,2011-05-15 11:22:00,2011-05-15 11:22:00
14690.0,4,341,777.6800000000001,194.42000000000002,103,2010-10-25 12:20:00,2011-10-26 15:39:00
14691.0,5,707,2114.33,422.866,71,2011-05-11 09:55:00,2011-11-09 12:30:00
14692.0,12,890,1715.14,142.92833333333334,153,2010-04-01 14:04:00,2011-07-25 15:08:00
14693.0,7,388,1165.3600000000001,166.48000000000002,75,2010-07-02 08:28:00,2011-03-20 12:50:00
14694.0,1,193,244.31,244.31,15,2010-04-01 19:46:00,2010-04-01 19:46:00
14695.0,3,661,1534.22,511.4066666666667,81,2009-12-07 11:05:00,2010-07-08 14:18:00
14696.0,8,1867,2473.28,309.16,154,2010-10-14 11:43:00,2011-12-05 13:43:00
14697.0,2,181,188.60999999999999,94.30499999999999,22,2011-05-05 15:29:00,2011-05-05 15:39:00
14698.0,5,602,1217.27,243.454,190,2011-10-19 12:54:00,2011-12-08 12:26:00
14699.0,4,484,702.6,175.65,50,2010-07-02 12:04:00,2011-05-09 14:54:00
14700.0,5,1606,3076.06,615.212,165,2010-08-11 12:19:00,2011-11-07 14:40:00
14701.0,15,1744,4487.110000000001,299.14066666666673,578,2010-01-24 12:15:00,2011-11-29 12:38:00
14702.0,29,2878,6368.78,219.61310344827587,677,2009-12-10 20:22:00,2011-12-08 19:29:00
14703.0,1,183,318.17,318.17,22,2011-11-25 09:23:00,2011-11-25 09:23:00
14704.0,11,1164,1752.92,159.35636363636365,423,2010-03-25 17:21:00,2011-11-28 12:51:00
14705.0,1,100,179.0,179.0,1,2011-05-25 12:39:00,2011-05-25 12:39:00
14706.0,1,246,367.54,367.54,25,2010-03-31 11:09:00,2010-03-31 11:09:00
14707.0,2,96,139.2,69.6,2,2010-05-12 11:07:00,2010-09-30 11:37:00
14708.0,5,1159,1793.22,358.644,41,2010-09-10 10:26:00,2011-12-07 08:21:00
14709.0,25,4141,8886.33,355.4532,357,2009-12-05 15:26:00,2011-11-24 15:41:00
14710.0,13,1135,1899.79,146.1376923076923,413,2009-12-03 17:12:00,2011-11-25 14:53:00
14711.0,11,966,2839.62,258.1472727272727,339,2011-03-22 13:32:00,2011-11-29 14:58:00
14712.0,4,411,1328.0700000000002,332.01750000000004,32,2010-10-17 14:49:00,2011-11-10 12:59:00
14713.0,21,3329,5115.76,243.60761904761907,673,2009-12-03 19:22:00,2011-11-30 16:26:00
14714.0,4,642,906.24,226.56,91,2010-01-21 11:51:00,2011-11-15 13:07:00
14715.0,8,1030,1825.45,228.18125,135,2010-01-19 12:18:00,2011-11-15 12:10:00
14716.0,3,643,543.28,181.09333333333333,92,2010-09-21 12:07:00,2011-10-27 17:29:00
14717.0,1,32,81.3,81.3,11,2009-12-06 13:05:00,2009-12-06 13:05:00
14718.0,1,202,226.42,226.42,11,2010-10-25 13:07:00,2010-10-25 13:07:00
14719.0,5,1025,1581.8400000000001,316.36800000000005,231,2011-04-04 14:17:00,2011-12-08 12:43:00
14720.0,3,219,663.8100000000001,221.27,37,2011-08-05 12:06:00,2011-12-04 12:02:00
14721.0,1,57,109.07,109.07,24,2010-11-25 13:08:00,2010-11-25 13:08:00
14722.0,3,214,489.52000000000004,163.17333333333335,87,2010-08-10 13:28:00,2011-07-15 14:58:00
14723.0,11,1168,1803.06,163.91454545454545,390,2009-12-04 11:22:00,2011-11-29 15:23:00
14724.0,1,184,341.9,341.9,40,2010-04-28 13:26:00,2010-04-28 13:26:00
14725.0,4,1335,1252.74,313.185,95,2010-06-23 11:34:00,2011-11-15 12:42:00
14726.0,1,82,116.5,116.5,15,2010-02-23 12:35:00,2010-02-23 12:35:00
14727.0,3,458,463.73,154.57666666666668,45,2010-06-11 13:23:00,2011-03-10 14:45:00
14728.0,1,68,190.58,190.58,14,2010-10-22 15:57:00,2010-10-22 15:57:00
14729.0,3,372,586.24,195.41333333333333,128,2010-03-24 13:30:00,2010-12-01 12:43:00
14730.0,8,1078,1897.57,237.19625,436,2011-03-08 12:49:00,2011-12-08 14:39:00
14731.0,3,256,380.02,126.67333333333333,44,2011-05-11 13:06:00,2011-10-23 15:54:00
14732.0,19,2273,5517.07,290.3721052631579,277,2009-12-09 10:48:00,2011-12-01 14:34:00
14733.0,15,5799,14335.15,955.6766666666666,318,2010-11-02 15:42:00,2011-11-23 15:39:00
14734.0,4,378,1056.42,264.105,63,2010-06-06 15:15:00,2010-10-10 12:04:00
14735.0,56,4513,12240.16,218.5742857142857,366,2009-12-04 11:32:00,2011-12-06 12:09:00
14736.0,2,148,374.04999999999995,187.02499999999998,86,2010-08-11 15:13:00,2010-08-11 15:21:00
14737.0,4,1071,3554.17,888.5425,45,2010-11-04 11:29:00,2011-12-06 10:16:00
14738.0,9,757,1821.9,202.43333333333334,79,2009-12-07 10:21:00,2011-10-28 08:56:00
14739.0,25,9696,11573.62,462.94480000000004,244,2009-12-02 13:23:00,2011-12-05 16:54:00
14740.0,11,2081,4161.06,378.27818181818185,231,2010-02-25 11:40:00,2011-05-26 18:17:00
14741.0,7,1006,1713.0900000000001,244.72714285714287,76,2010-10-18 09:33:00,2011-11-28 08:48:00
14742.0,1,374,579.85,579.85,34,2010-09-30 14:07:00,2010-09-30 14:07:00
14743.0,1,40,50.48,50.48,3,2010-04-26 10:26:00,2010-04-26 10:26:00
14744.0,14,2399,3660.08,261.4342857142857,118,2010-05-18 14:06:00,2011-11-23 12:51:00
14745.0,12,1969,2551.41,212.61749999999998,140,2010-03-12 10:33:00,2011-08-19 10:05:00
14746.0,4,398,593.5,148.375,9,2010-10-12 11:06:00,2010-10-29 14:44:00
14747.0,1,84,328.2,328.2,18,2011-04-04 14:09:00,2011-04-04 14:09:00
14748.0,10,2422,2681.9,268.19,159,2010-03-04 17:08:00,2011-11-10 18:33:00
14749.0,1,403,310.15,310.15,18,2010-08-17 12:36:00,2010-08-17 12:36:00
14750.0,1,65,112.03,112.03,32,2009-12-03 17:57:00,2009-12-03 17:57:00
14751.0,2,65,126.45,63.225,7,2009-12-13 14:08:00,2010-01-24 13:37:00
14752.0,1,260,389.64,389.64,5,2011-10-27 11:55:00,2011-10-27 11:55:00
14753.0,2,412,869.51,434.755,48,2010-09-05 11:04:00,2011-09-13 14:50:00
14754.0,6,1010,1547.9299999999998,257.9883333333333,136,2010-01-18 11:04:00,2011-10-26 12:01:00
14755.0,25,4401,9972.55,398.902,475,2009-12-03 16:51:00,2011-11-30 11:24:00
14756.0,3,1423,2653.76,884.5866666666667,119,2010-10-11 11:50:00,2011-11-24 18:13:00
14757.0,1,160,420.5,420.5,19,2011-09-25 14:36:00,2011-09-25 14:36:00
14758.0,7,840,2864.97,409.28142857142853,136,2010-04-08 08:27:00,2011-07-18 08:21:00
14759.0,3,569,1625.97,541.99,102,2011-04-21 10:55:00,2011-12-05 12:03:00
14760.0,1,40,89.2,89.2,5,2011-02-15 16:27:00,2011-02-15 16:27:00
14761.0,3,206,447.92,149.30666666666667,24,2010-09-21 14:22:00,2011-10-12 12:10:00
14762.0,2,428,417.57,208.785,30,2010-03-23 15:36:00,2011-03-21 08:20:00
14764.0,1,190,278.3,278.3,6,2011-10-24 11:54:00,2011-10-24 11:54:00
14765.0,3,135,254.11,84.70333333333333,39,2011-06-16 19:49:00,2011-11-10 19:53:00
14766.0,11,3999,6375.73,579.6118181818182,334,2010-06-06 11:11:00,2011-12-01 16:05:00
14767.0,1,117,382.81,382.81,18,2010-08-22 14:54:00,2010-08-22 14:54:00
14768.0,2,52,192.60000000000002,96.30000000000001,5,2011-08-04 13:25:00,2011-11-22 12:54:00
14769.0,17,11058,15514.11,861.895,1377,2009-12-16 09:17:00,2011-12-07 10:24:00
14770.0,8,1598,3637.64,454.705,197,2010-02-25 18:58:00,2011-04-21 14:21:00
14771.0,2,622,594.62,297.31,47,2009-12-03 09:44:00,2010-03-28 12:52:00
14772.0,1,82,139.26,139.26,9,2011-08-19 15:04:00,2011-08-19 15:04:00
14773.0,1,53,140.55,140.55,10,2010-04-26 10:29:00,2010-04-26 10:29:00
14774.0,1,99,241.45,241.45,13,2010-06-29 12:26:00,2010-06-29 12:26:00
14775.0,3,1174,1011.9,337.3,60,2010-12-02 16:38:00,2011-10-12 15:27:00
14776.0,15,4658,3708.3,247.22,190,2010-09-19 14:12:00,2011-10-19 15:34:00
14777.0,1,212,307.56,307.56,16,2010-11-01 12:50:00,2010-11-01 12:50:00
14778.0,2,306,730.86,365.43,35,2011-02-04 11:43:00,2011-08-04 15:23:00
14779.0,3,84,386.15,128.71666666666667,41,2011-01-20 12:04:00,2011-03-04 12:42:00
14780.0,2,310,447.68,223.84,27,2011-09-21 15:15:00,2011-10-16 12:46:00
14782.0,1,114,200.10000000000002,200.10000000000002,6,2011-01-24 11:12:00,2011-01-24 11:12:00
14783.0,1,262,307.3,307.3,17,2010-02-18 16:16:00,2010-02-18 16:16:00
14784.0,3,363,449.93,149.97666666666666,27,2010-11-15 09:49:00,2011-11-13 13:30:00
14785.0,2,84,77.4,38.7,3,2011-11-24 13:40:00,2011-11-29 13:21:00
14786.0,1,112,90.96,90.96,7,2010-06-07 13:42:00,2010-06-07 13:42:00
14787.0,1,59,110.65,110.65,14,2010-08-25 14:38:00,2010-08-25 14:38:00
14788.0,3,719,1156.32,385.44,58,2010-04-22 18:16:00,2011-12-02 17:06:00
14789.0,1,116,197.64,197.64,6,2011-11-11 08:59:00,2011-11-11 08:59:00
14790.0,10,2642,2526.62,252.66199999999998,145,2009-12-11 14:37:00,2011-11-23 09:28:00
14791.0,1,127,303.63,303.63,19,2010-04-12 10:24:00,2010-04-12 10:24:00
14792.0,1,2,6.2,6.2,2,2011-10-07 09:19:00,2011-10-07 09:19:00
14793.0,2,361,625.9000000000001,312.95000000000005,39,2010-06-22 16:54:00,2011-11-18 14:50:00
14794.0,10,783,1953.9,195.39000000000001,104,2010-08-09 15:44:00,2011-12-07 10:11:00
14795.0,1,17,131.45000000000002,131.45000000000002,6,2011-06-26 13:04:00,2011-06-26 13:04:00
14796.0,27,7188,10169.33,376.64185185185187,1470,2009-12-14 15:06:00,2011-12-08 15:31:00
14797.0,1,99,300.31,300.31,16,2010-07-20 14:07:00,2010-07-20 14:07:00
14798.0,8,601,724.3100000000001,90.53875000000001,49,2010-03-01 08:38:00,2011-10-18 10:58:00
14799.0,2,495,338.15,169.075,23,2009-12-02 11:18:00,2011-10-19 16:16:00
14800.0,17,6501,7191.33,423.01941176470586,593,2010-09-30 14:38:00,2011-10-23 12:46:00
14801.0,1,173,189.34,189.34,56,2011-10-09 15:24:00,2011-10-09 15:24:00
14802.0,2,2,1502.98,751.49,2,2010-09-27 16:32:00,2010-09-27 16:34:00
14803.0,3,370,845.55,281.84999999999997,41,2011-02-20 13:21:00,2011-06-30 13:58:00
14804.0,1,121,353.27,353.27,12,2011-12-01 11:20:00,2011-12-01 11:20:00
14805.0,7,416,1082.55,154.65,127,2010-03-28 12:34:00,2011-11-24 16:20:00
14806.0,2,423,303.43,151.715,20,2010-09-26 15:50:00,2011-09-25 15:32:00
14807.0,2,234,504.14,252.07,38,2010-02-28 11:33:00,2010-11-14 12:47:00
14808.0,8,2120,2718.6000000000004,339.82500000000005,222,2011-06-20 12:53:00,2011-10-31 12:21:00
14809.0,2,232,686.76,343.38,18,2010-03-28 15:42:00,2010-03-28 15:44:00
14810.0,13,1162,2354.03,181.07923076923078,298,2010-10-06 13:12:00,2011-10-30 11:19:00
14811.0,1,74,170.5,170.5,28,2010-11-17 13:09:00,2010-11-17 13:09:00
14812.0,1,135,178.85,178.85,36,2010-04-20 12:13:00,2010-04-20 12:13:00
14813.0,4,392,888.9100000000001,222.22750000000002,129,2010-04-08 11:49:00,2010-12-05 11:57:00
14814.0,1,93,154.21,154.21,28,2010-05-07 14:10:00,2010-05-07 14:10:00
14815.0,2,744,778.5,389.25,53,2011-10-03 11:36:00,2011-11-03 11:36:00
14816.0,1,5,271.85,271.85,4,2011-05-26 13:16:00,2011-05-26 13:16:00
14817.0,7,2462,3959.86,565.6942857142857,230,2010-03-22 12:10:00,2011-05-23 13:35:00
14818.0,6,543,1153.56,192.26,103,2010-03-02 12:48:00,2011-09-27 11:01:00
14819.0,4,170,456.40999999999997,114.10249999999999,53,2009-12-21 15:54:00,2011-10-06 13:41:00
14820.0,9,724,1274.76,141.64,64,2010-01-31 12:49:00,2011-11-18 15:41:00
14821.0,7,459,1230.1499999999999,175.73571428571427,68,2010-02-01 13:33:00,2010-12-08 08:43:00
14822.0,1,94,157.70000000000002,157.70000000000002,9,2010-08-11 12:52:00,2010-08-11 12:52:00
14823.0,3,88,321.43,107.14333333333333,70,2011-05-29 12:48:00,2011-06-12 13:12:00
14824.0,10,1954,4022.9100000000003,402.29100000000005,158,2010-03-12 13:07:00,2011-11-29 14:20:00
14825.0,24,2774,4735.08,197.295,294,2010-04-06 14:14:00,2011-12-06 11:38:00
14826.0,2,152,385.20000000000005,192.60000000000002,10,2010-01-13 13:08:00,2010-05-07 09:00:00
14828.0,13,9718,9839.46,756.8815384615384,101,2009-12-07 11:19:00,2011-05-27 10:16:00
14829.0,7,957,1455.87,207.98142857142855,91,2010-09-29 13:14:00,2011-11-10 16:16:00
14830.0,1,164,188.88,188.88,39,2011-10-17 14:29:00,2011-10-17 14:29:00
14831.0,3,885,1676.5700000000002,558.8566666666667,82,2009-12-02 09:21:00,2010-01-28 14:31:00
14832.0,1,1,322.69,322.69,1,2010-03-19 15:14:00,2010-03-19 15:14:00
14833.0,1,58,94.8,94.8,7,2010-07-29 10:06:00,2010-07-29 10:06:00
14834.0,7,872,2206.16,315.1657142857143,87,2010-10-28 17:37:00,2011-11-22 10:30:00
14835.0,2,180,297.0,148.5,2,2010-04-01 19:34:00,2010-06-29 10:08:00
14836.0,3,45,102.44999999999999,34.15,6,2011-11-09 13:26:00,2011-11-29 16:45:00
14837.0,9,3030,3460.32,384.48,209,2010-01-24 10:20:00,2011-09-11 10:58:00
14838.0,2,361,769.9200000000001,384.96000000000004,70,2009-12-03 09:52:00,2010-10-12 15:46:00
14839.0,3,927,915.28,305.0933333333333,74,2010-01-04 16:29:00,2010-10-17 13:01:00
14840.0,2,179,362.71000000000004,181.35500000000002,22,2010-06-18 15:42:00,2011-03-17 12:00:00
14841.0,14,4164,7163.0,511.64285714285717,300,2009-12-02 16:49:00,2011-10-17 15:03:00
14842.0,4,1166,2824.69,706.1725,145,2011-02-04 15:32:00,2011-10-27 12:37:00
14843.0,1,132,211.79999999999998,211.79999999999998,9,2010-09-29 12:39:00,2010-09-29 12:39:00
14844.0,10,4369,6702.43,670.243,277,2010-04-12 12:50:00,2011-10-07 10:41:00
14845.0,1,600,150.0,150.0,1,2010-04-19 10:19:00,2010-04-19 10:19:00
14846.0,1,193,437.4,437.4,12,2010-10-08 17:07:00,2010-10-08 17:07:00
14847.0,3,533,1348.9499999999998,449.6499999999999,62,2010-05-24 12:29:00,2011-07-14 10:52:00
14848.0,1,260,310.56,310.56,11,2010-10-31 12:22:00,2010-10-31 12:22:00
14849.0,43,11838,15407.61,358.316511627907,738,2010-01-10 11:40:00,2011-11-18 10:58:00
14850.0,7,1393,1770.96,252.99428571428572,182,2010-05-20 13:28:00,2011-02-01 11:21:00
14851.0,3,631,829.4100000000001,276.47,42,2010-03-19 11:52:00,2011-11-16 14:20:00
14852.0,18,4366,6132.43,340.6905555555556,309,2010-03-05 14:51:00,2011-10-12 13:20:00
14853.0,5,345,1376.8700000000001,275.374,31,2010-04-13 09:26:00,2011-11-15 16:56:00
14854.0,11,2987,4303.0599999999995,391.18727272727267,214,2010-01-22 09:48:00,2011-09-22 17:00:00
14855.0,7,3510,6520.3,931.4714285714286,206,2010-04-08 10:30:00,2011-08-12 14:02:00
14856.0,3,711,1290.53,430.1766666666667,65,2011-10-14 09:35:00,2011-11-03 14:53:00
14857.0,7,2081,3651.851,521.693,213,2010-03-15 11:00:00,2011-10-11 09:23:00
14858.0,1,105,180.75,180.75,11,2010-07-22 10:51:00,2010-07-22 10:51:00
14859.0,5,888,1705.64,341.12800000000004,66,2010-06-03 10:26:00,2011-11-27 11:18:00
14860.0,1,232,170.32,170.32,11,2011-11-20 14:17:00,2011-11-20 14:17:00
14861.0,10,1076,1380.73,138.073,86,2009-12-08 12:12:00,2011-10-18 12:54:00
14862.0,2,772,841.2,420.6,48,2011-07-14 11:20:00,2011-11-14 10:01:00
14863.0,1,132,266.76,266.76,11,2011-11-10 15:04:00,2011-11-10 15:04:00
14865.0,4,204,92.52000000000001,23.130000000000003,6,2009-12-01 16:05:00,2011-12-02 16:25:00
14866.0,19,9089,20746.54,1091.923157894737,136,2010-08-26 11:54:00,2011-11-29 11:45:00
14867.0,16,996,2952.06,184.50375,137,2009-12-05 15:47:00,2011-06-07 11:39:00
14868.0,12,2230,4184.01,348.6675,211,2010-10-15 14:52:00,2011-12-06 14:49:00
14869.0,6,2130,2778.14,463.0233333333333,239,2009-12-16 11:43:00,2011-12-01 12:36:00
14870.0,6,483,1838.95,306.4916666666667,65,2010-01-25 09:05:00,2011-03-23 10:51:00
14871.0,9,446,1228.17,136.46333333333334,192,2009-12-01 11:57:00,2011-12-06 13:42:00
14872.0,3,662,816.6,272.2,43,2010-03-16 14:41:00,2010-08-13 12:34:00
14873.0,2,311,854.1299999999999,427.06499999999994,49,2010-03-16 10:51:00,2011-05-13 13:52:00
14874.0,1,148,116.18,116.18,6,2010-06-22 14:58:00,2010-06-22 14:58:00
14875.0,3,1332,2862.3999999999996,715.5999999999999,89,2010-09-24 10:28:00,2011-08-24 12:20:00
14876.0,2,162,256.7,128.35,13,2010-05-27 13:49:00,2010-07-06 14:57:00
14877.0,2,168,425.85,212.925,61,2010-03-07 12:25:00,2010-10-17 13:09:00
14878.0,25,2416,4076.5,163.06,361,2010-02-21 11:14:00,2011-11-27 11:15:00
14879.0,1,104,185.06,185.06,27,2010-01-24 11:35:00,2010-01-24 11:35:00
14880.0,3,365,690.59,230.1966666666667,46,2011-02-24 12:27:00,2011-09-23 13:42:00
14881.0,1,316,255.4,255.4,17,2011-11-20 11:06:00,2011-11-20 11:06:00
14882.0,14,1614,3546.65,253.33214285714286,65,2010-03-30 15:02:00,2011-11-13 12:47:00
14883.0,6,790,761.59,126.93166666666667,53,2011-05-12 09:49:00,2011-11-21 10:23:00
14884.0,1,72,120.6,120.6,8,2010-02-08 12:56:00,2010-02-08 12:56:00
14885.0,3,1308,1598.12,532.7066666666666,31,2010-08-31 10:11:00,2011-07-31 12:05:00
14886.0,1,160,364.8,364.8,18,2011-04-01 08:56:00,2011-04-01 08:56:00
14887.0,1,1100,1862.0,1862.0,6,2011-09-21 15:32:00,2011-09-21 15:32:00
14888.0,1,184,369.2,369.2,20,2011-05-16 14:58:00,2011-05-16 14:58:00
14889.0,1,90,135.9,135.9,10,2011-01-07 15:19:00,2011-01-07 15:19:00
14890.0,3,636,817.25,272.4166666666667,57,2010-02-18 09:00:00,2011-03-31 11:57:00
14891.0,4,788,1106.73,276.6825,63,2010-09-29 12:41:00,2011-07-14 18:08:00
14892.0,1,79,202.35000000000002,202.35000000000002,13,2010-01-18 08:58:00,2010-01-18 08:58:00
14893.0,3,1047,1809.6100000000001,603.2033333333334,106,2010-04-01 09:03:00,2011-11-30 12:31:00
14894.0,3,603,1492.81,497.6033333333333,46,2009-12-02 10:42:00,2011-09-15 13:51:00
14895.0,38,10714,25119.54,661.0405263157895,899,2009-12-10 14:22:00,2011-12-02 09:23:00
14896.0,8,931,1826.0,228.25,248,2009-12-06 12:42:00,2011-05-19 10:20:00
14897.0,8,1162,3140.54,392.5675,127,2009-12-15 17:05:00,2011-12-02 10:32:00
14898.0,14,2207,3365.95,240.42499999999998,277,2009-12-03 16:40:00,2011-11-16 14:54:00
14899.0,1,570,1331.38,1331.38,126,2010-11-09 15:20:00,2010-11-09 15:20:00
14900.0,1,48,13.919999999999998,13.919999999999998,1,2010-07-05 15:09:00,2010-07-05 15:09:00
14901.0,12,880,1919.0,159.91666666666666,133,2010-07-29 11:11:00,2011-11-28 17:09:00
14902.0,3,716,1035.6200000000001,345.2066666666667,59,2010-06-04 12:35:00,2011-11-14 10:34:00
14903.0,5,1531,2795.33,559.066,347,2011-03-06 11:50:00,2011-11-18 16:07:00
14904.0,4,2522,1630.49,407.6225,133,2010-10-08 12:48:00,2011-12-07 12:55:00
14905.0,8,1009,1971.39,246.42375,78,2009-12-03 14:36:00,2011-07-05 12:41:00
14906.0,1,1,68.44,68.44,1,2010-09-20 16:30:00,2010-09-20 16:30:00
14907.0,16,2583,5547.72,346.7325,268,2010-04-16 13:40:00,2011-12-06 14:14:00
14908.0,2,182,381.90000000000003,190.95000000000002,14,2010-09-02 16:39:00,2011-09-26 12:56:00
14909.0,3,888,1404.6799999999998,468.22666666666663,80,2010-02-14 15:47:00,2010-09-28 16:56:00
14910.0,4,238,434.35,108.5875,30,2011-10-16 11:06:00,2011-12-07 10:06:00
14911.0,398,147972,291420.81,728.552025,11077,2009-12-01 11:41:00,2011-12-08 15:54:00
14912.0,6,1819,1889.25,314.875,63,2010-01-26 16:29:00,2011-11-23 09:20:00
14913.0,8,3955,4073.13,509.14125,247,2010-08-11 08:40:00,2011-11-04 08:29:00
14915.0,11,707,1811.25,164.6590909090909,90,2009-12-03 10:17:00,2011-09-09 13:34:00
14916.0,8,2415,3042.9500000000003,380.36875000000003,134,2010-04-01 10:57:00,2011-09-30 09:20:00
14917.0,2,891,1123.75,561.875,29,2010-04-22 09:44:00,2010-04-22 11:28:00
14918.0,9,2551,5955.81,661.7566666666667,141,2010-04-08 11:18:00,2011-08-16 11:50:00
14919.0,1,129,359.35,359.35,13,2010-06-18 13:06:00,2010-06-18 13:06:00
14920.0,3,886,1607.17,535.7233333333334,97,2010-05-23 15:25:00,2011-05-11 10:32:00
14921.0,2,953,1316.07,658.035,78,2011-05-22 12:51:00,2011-11-09 13:17:00
14922.0,2,376,843.74,421.87,50,2010-07-20 09:45:00,2010-11-11 11:14:00
14923.0,1,418,749.1,749.1,44,2011-10-20 11:51:00,2011-10-20 11:51:00
14924.0,3,312,931.01,310.33666666666664,31,2010-03-10 12:51:00,2011-04-08 09:25:00
14926.0,2,204,359.4,179.7,3,2010-04-20 09:59:00,2010-11-23 07:13:00
14927.0,1,196,308.2,308.2,20,2010-11-08 12:30:00,2010-11-08 12:30:00
14928.0,1,268,223.91000000000003,223.91000000000003,21,2010-03-22 09:14:00,2010-03-22 09:14:00
14929.0,2,487,836.69,418.345,34,2010-10-14 12:22:00,2011-11-07 17:21:00
14930.0,6,2193,5236.7300000000005,872.7883333333334,278,2010-04-12 11:22:00,2011-08-23 10:31:00
14931.0,5,417,1257.68,251.536,41,2011-04-13 09:32:00,2011-12-05 10:19:00
14932.0,2,257,666.13,333.065,32,2010-11-19 09:16:00,2010-12-09 11:48:00
14933.0,4,600,1770.0,442.5,4,2010-09-21 17:29:00,2010-09-22 10:47:00
14934.0,5,2100,3503.5,700.7,185,2010-09-24 12:08:00,2011-09-19 10:10:00
14935.0,2,1931,2849.83,1424.915,26,2010-03-30 11:48:00,2011-02-15 14:44:00
14936.0,12,6274,12410.81,1034.2341666666666,527,2010-05-05 12:26:00,2011-11-06 10:30:00
14937.0,3,484,1621.8799999999999,540.6266666666667,34,2011-08-01 14:16:00,2011-10-14 12:29:00
14938.0,2,1369,2322.43,1161.215,71,2010-05-26 13:35:00,2010-05-26 13:38:00
14940.0,2,384,531.49,265.745,32,2009-12-06 15:46:00,2010-10-18 10:47:00
14941.0,1,80,182.1,182.1,7,2010-05-10 11:30:00,2010-05-10 11:30:00
14942.0,4,354,746.56,186.64,19,2009-12-10 10:32:00,2010-11-03 10:51:00
14943.0,1,46,107.62,107.62,5,2010-02-14 16:04:00,2010-02-14 16:04:00
14944.0,19,4864,9784.67,514.9826315789473,303,2010-02-17 08:47:00,2011-11-10 09:10:00
14945.0,1,156,179.4,179.4,11,2010-10-22 11:26:00,2010-10-22 11:26:00
14946.0,1,22,100.9,100.9,3,2011-11-25 13:33:00,2011-11-25 13:33:00
14947.0,6,416,1049.79,174.965,54,2010-03-25 11:29:00,2011-09-28 15:48:00
14948.0,6,673,1101.9699999999998,183.66166666666663,63,2011-05-04 14:52:00,2011-11-16 17:16:00
14949.0,4,250,515.0,128.75,27,2009-12-18 15:28:00,2010-08-27 15:38:00
14950.0,1,136,371.2,371.2,19,2011-11-20 13:48:00,2011-11-20 13:48:00
14951.0,1,311,311.69,311.69,20,2011-09-21 15:15:00,2011-09-21 15:15:00
14952.0,32,6977,17629.35,550.9171875,307,2009-12-03 15:34:00,2011-10-11 10:33:00
14953.0,4,1014,971.3199999999999,242.82999999999998,239,2010-09-30 12:16:00,2011-11-14 14:59:00
14954.0,2,209,462.12,231.06,116,2010-01-05 16:38:00,2011-11-27 14:30:00
14955.0,1,74,163.77,163.77,30,2009-12-07 11:35:00,2009-12-07 11:35:00
14956.0,1,2500,1325.0,1325.0,4,2010-10-14 16:40:00,2010-10-14 16:40:00
14957.0,2,97,261.69,130.845,27,2010-03-05 10:50:00,2011-03-31 17:59:00
14958.0,6,248,941.99,156.99833333333333,71,2009-12-03 16:02:00,2011-07-15 14:20:00
14959.0,4,494,695.42,173.855,58,2011-02-16 13:00:00,2011-10-06 18:23:00
14960.0,2,221,221.26999999999998,110.63499999999999,23,2011-06-21 13:38:00,2011-12-01 12:54:00
14961.0,22,8372,16410.15,745.9159090909092,670,2009-12-04 11:32:00,2011-11-29 09:42:00
14962.0,4,123,366.91,91.7275,14,2010-05-04 14:57:00,2011-03-14 09:42:00
14963.0,12,2287,3123.5699999999997,260.29749999999996,457,2010-07-02 12:43:00,2011-11-30 12:16:00
14964.0,1,143,206.21,206.21,13,2011-04-06 14:13:00,2011-04-06 14:13:00
14965.0,2,363,596.0899999999999,298.04499999999996,80,2011-09-04 13:15:00,2011-09-04 13:20:00
14966.0,6,1060,1064.26,177.37666666666667,146,2009-12-15 13:48:00,2011-11-25 12:20:00
14967.0,6,652,1982.6100000000001,330.435,29,2009-12-03 14:07:00,2011-10-21 11:06:00
14968.0,2,257,501.24,250.62,84,2010-09-07 13:28:00,2011-11-09 13:58:00
14969.0,1,665,906.23,906.23,13,2010-01-05 12:43:00,2010-01-05 12:43:00
14970.0,12,982,4919.35,378.4115384615385,113,2010-02-14 13:37:00,2011-10-02 13:44:00
14971.0,3,639,1097.98,365.99333333333334,150,2011-10-27 13:33:00,2011-11-04 17:07:00
14972.0,2,40,145.07,72.535,20,2010-11-23 16:17:00,2011-08-03 14:54:00
14973.0,3,369,1314.45,438.15000000000003,32,2011-04-28 12:22:00,2011-08-24 15:51:00
14974.0,1,37,89.94,89.94,17,2011-11-02 13:01:00,2011-11-02 13:01:00
14975.0,2,507,472.39,236.195,26,2010-10-14 14:11:00,2011-10-13 14:08:00
14976.0,7,234,790.86,112.98,72,2011-01-17 11:09:00,2011-10-13 16:37:00
14977.0,1,17,31.929999999999996,31.929999999999996,4,2009-12-14 10:37:00,2009-12-14 10:37:00
14978.0,10,736,3112.19,311.219,288,2010-04-28 10:50:00,2011-09-28 13:07:00
14979.0,1,209,429.66,429.66,42,2009-12-04 12:54:00,2009-12-04 12:54:00
14980.0,1,79,150.68,150.68,24,2009-12-02 14:09:00,2009-12-02 14:09:00
14981.0,2,241,372.92,186.46,22,2010-10-12 11:04:00,2011-04-07 13:45:00
14982.0,1,125,237.78,237.78,39,2010-05-16 15:52:00,2010-05-16 15:52:00
14983.0,1,90,183.20000000000002,183.20000000000002,30,2010-01-19 17:32:00,2010-01-19 17:32:00
14984.0,6,348,1260.51,210.085,54,2010-01-11 13:22:00,2011-11-20 14:28:00
14985.0,2,256,292.01,146.005,82,2010-12-16 19:51:00,2011-05-25 14:29:00
14986.0,2,338,563.1,281.55,96,2010-01-24 15:54:00,2010-11-28 15:25:00
14987.0,8,607,1550.6499999999999,193.83124999999998,15,2009-12-02 14:56:00,2011-11-24 09:59:00
14988.0,7,1260,2038.65,291.2357142857143,231,2010-04-16 13:34:00,2011-05-12 12:05:00
14989.0,1,200,342.4,342.4,18,2010-02-16 10:40:00,2010-02-16 10:40:00
14990.0,2,129,304.16999999999996,152.08499999999998,42,2009-12-09 13:31:00,2010-04-06 13:54:00
14991.0,1,191,314.67,314.67,21,2010-10-05 13:01:00,2010-10-05 13:01:00
14992.0,1,145,210.5,210.5,27,2010-09-23 17:48:00,2010-09-23 17:48:00
14993.0,1,21,36.13,36.13,9,2010-05-25 12:47:00,2010-05-25 12:47:00
14994.0,5,568,946.72,189.344,290,2010-03-26 14:16:00,2010-11-22 12:59:00
14995.0,2,102,231.98000000000002,115.99000000000001,60,2011-03-04 13:14:00,2011-11-01 11:39:00
14996.0,2,404,442.29,147.43,38,2010-08-15 13:41:00,2010-08-15 13:44:00
14997.0,4,1408,776.6,194.15,38,2010-02-22 12:11:00,2011-10-24 13:28:00
14998.0,4,352,753.18,188.295,123,2010-04-13 16:07:00,2011-06-22 17:30:00
14999.0,1,88,129.48000000000002,129.48000000000002,9,2010-04-26 10:47:00,2010-04-26 10:47:00
15000.0,1,218,490.52,490.52,76,2011-10-23 11:42:00,2011-10-23 11:42:00
15001.0,2,70,199.10999999999999,99.55499999999999,44,2010-11-10 13:31:00,2010-11-10 13:51:00
15002.0,9,2214,4138.08,459.78666666666663,331,2010-01-12 11:40:00,2011-08-16 10:44:00
15003.0,6,525,1027.03,171.17166666666665,327,2010-01-26 13:04:00,2010-08-23 15:44:00
15004.0,1,623,1220.77,1220.77,154,2011-07-15 14:05:00,2011-07-15 14:05:00
15005.0,56,8666,13754.58,241.3084210526316,2333,2009-12-01 14:19:00,2011-11-24 12:25:00
15006.0,2,387,757.78,378.89,168,2010-09-12 13:03:00,2011-10-19 15:08:00
15007.0,1,69,156.91,156.91,12,2011-07-03 16:00:00,2011-07-03 16:00:00
15008.0,2,1500,360.0,180.0,12,2010-03-12 11:13:00,2010-08-16 13:09:00
15009.0,3,639,1259.43,419.81,178,2011-11-14 17:40:00,2011-11-27 13:35:00
15010.0,1,184,308.94,308.94,20,2011-11-04 12:42:00,2011-11-04 12:42:00
15011.0,2,289,416.6,208.3,20,2010-10-19 12:05:00,2010-11-09 11:10:00
15012.0,3,383,646.26,215.42,182,2010-05-12 11:49:00,2011-10-17 12:22:00
15013.0,10,1715,1610.82,161.082,322,2010-01-31 12:15:00,2010-08-09 12:05:00
15014.0,2,149,257.66999999999996,128.83499999999998,29,2011-06-16 19:40:00,2011-10-27 20:07:00
15015.0,13,1584,2354.97,181.15153846153845,291,2009-12-14 14:46:00,2010-07-26 13:50:00
15016.0,5,243,620.89,124.178,104,2010-06-14 13:06:00,2011-06-20 12:06:00
15017.0,1,63,125.58,125.58,20,2011-11-06 10:33:00,2011-11-06 10:33:00
15018.0,3,189,496.21000000000004,165.40333333333334,31,2010-12-07 10:47:00,2011-11-01 12:47:00
15019.0,1,150,252.81,252.81,64,2011-03-18 12:35:00,2011-03-18 12:35:00
15020.0,1,111,198.47,198.47,27,2010-11-25 13:29:00,2010-11-25 13:29:00
15021.0,12,1079,2500.59,208.38250000000002,608,2010-07-29 16:35:00,2011-12-01 11:53:00
15022.0,5,640,1133.44,226.68800000000002,131,2010-01-31 16:02:00,2011-11-28 12:35:00
15023.0,20,4758,11578.65,578.9325,940,2010-02-03 15:45:00,2011-12-06 17:23:00
15024.0,16,1924,3559.39,222.461875,312,2010-10-11 16:14:00,2011-11-30 12:06:00
15025.0,2,503,979.79,489.895,138,2010-05-20 13:28:00,2011-11-06 15:20:00
15026.0,5,655,1048.8899999999999,209.77799999999996,136,2010-09-17 13:52:00,2011-09-20 13:52:00
15027.0,10,2782,3195.6,319.56,90,2010-03-25 14:39:00,2011-11-09 10:16:00
15028.0,6,673,962.94,160.49,101,2010-11-10 14:32:00,2011-12-01 14:06:00
15029.0,1,234,365.1,365.1,10,2010-03-30 12:16:00,2010-03-30 12:16:00
15030.0,8,1225,1979.91,247.48875,33,2010-03-04 17:10:00,2011-09-29 10:50:00
15031.0,14,1576,3102.94,221.63857142857142,389,2009-12-08 13:38:00,2011-12-05 14:19:00
15032.0,8,6601,11010.05,1376.25625,93,2009-12-10 15:27:00,2011-03-28 15:03:00
15033.0,10,1672,2557.18,255.718,481,2011-01-14 13:28:00,2011-12-05 12:40:00
15034.0,14,4748,8231.2,587.9428571428572,744,2010-05-11 13:30:00,2011-11-24 12:11:00
15035.0,1,245,252.73000000000002,252.73000000000002,26,2011-09-11 11:08:00,2011-09-11 11:08:00
15036.0,3,316,429.56,143.18666666666667,115,2011-06-13 12:19:00,2011-09-28 15:42:00
15037.0,2,298,397.76,198.88,40,2010-11-28 12:14:00,2010-11-28 13:05:00
15038.0,9,381,1146.53,127.39222222222222,230,2010-10-10 14:35:00,2011-10-12 11:33:00
15039.0,93,17780,39141.48,420.8761290322581,2658,2009-12-10 11:39:00,2011-11-30 11:31:00
15040.0,1,1,7.49,7.49,1,2010-06-16 11:40:00,2010-06-16 11:40:00
15041.0,2,194,289.4,144.7,101,2010-09-21 13:16:00,2011-06-22 16:16:00
15042.0,2,238,315.45000000000005,157.72500000000002,9,2010-04-23 14:01:00,2011-05-24 16:25:00
15043.0,6,1019,2870.3199999999997,478.3866666666666,50,2010-06-24 15:50:00,2011-11-08 14:26:00
15044.0,35,5241,16024.150000000001,457.83285714285716,868,2009-12-16 15:13:00,2011-11-20 13:20:00
15045.0,2,114,735.66,367.83,12,2011-03-27 11:44:00,2011-07-11 11:33:00
15046.0,25,4585,7623.79,304.9516,390,2010-01-14 14:29:00,2011-11-30 15:50:00
15047.0,1,222,343.62,343.62,22,2011-03-15 10:49:00,2011-03-15 10:49:00
15048.0,4,192,381.0,95.25,94,2010-12-06 12:15:00,2011-10-05 14:55:00
15049.0,1,63,121.17000000000002,121.17000000000002,3,2011-03-11 12:13:00,2011-03-11 12:13:00
15050.0,5,2600,4087.19,817.438,140,2010-08-16 12:00:00,2011-11-14 16:17:00
15051.0,9,3052,3926.91,436.3233333333333,279,2009-12-01 13:29:00,2011-11-16 15:38:00
15052.0,1,79,207.73000000000002,207.73000000000002,27,2011-01-24 15:52:00,2011-01-24 15:52:00
15053.0,3,984,693.95,231.3166666666667,67,2011-03-03 12:06:00,2011-12-05 12:08:00
15054.0,2,198,302.1,151.05,112,2011-10-30 14:33:00,2011-11-27 15:02:00
15055.0,3,225,549.12,183.04,77,2009-12-16 15:48:00,2010-08-22 11:06:00
15056.0,1,69,113.64999999999999,113.64999999999999,6,2010-07-07 15:58:00,2010-07-07 15:58:00
15057.0,5,1394,3255.96,651.192,70,2009-12-05 15:27:00,2011-03-09 15:17:00
15058.0,16,1645,3387.58,211.72375,336,2010-02-24 14:07:00,2011-11-14 14:57:00
15059.0,19,1599,3491.2,183.7473684210526,582,2009-12-06 12:17:00,2011-10-30 11:35:00
15060.0,4,257,294.25,73.5625,111,2011-11-30 14:03:00,2011-12-01 13:47:00
15061.0,127,74280,126389.01999999999,995.1891338582676,898,2009-12-01 12:18:00,2011-12-06 12:06:00
15062.0,8,1872,2585.62,323.2025,159,2010-04-08 15:41:00,2011-09-29 16:51:00
15063.0,1,56,370.79999999999995,370.79999999999995,5,2011-05-10 13:25:00,2011-05-10 13:25:00
15064.0,4,810,1254.41,313.6025,81,2009-12-22 16:17:00,2010-10-25 14:32:00
15065.0,5,1446,3326.86,665.3720000000001,166,2010-10-25 09:13:00,2011-11-02 09:45:00
15066.0,1,317,893.59,893.59,42,2011-10-17 13:25:00,2011-10-17 13:25:00
15067.0,5,2151,3862.8799999999997,772.5759999999999,177,2010-04-11 15:54:00,2011-09-22 13:20:00
15068.0,4,832,1174.9,293.725,216,2010-03-28 13:18:00,2011-10-24 14:47:00
15069.0,1,520,1109.53,1109.53,70,2011-06-13 14:16:00,2011-06-13 14:16:00
15070.0,3,339,737.0500000000001,245.68333333333337,32,2009-12-15 13:49:00,2010-12-02 11:23:00
15071.0,4,416,1455.5600000000002,363.89000000000004,54,2010-05-18 12:45:00,2011-09-07 11:43:00
15072.0,1,164,187.51999999999998,187.51999999999998,13,2010-08-17 15:46:00,2010-08-17 15:46:00
15073.0,8,1410,2788.02,348.5025,159,2010-01-27 08:48:00,2011-11-30 10:44:00
15074.0,3,1039,1553.1299999999999,517.7099999999999,72,2010-08-29 11:47:00,2011-08-26 14:45:00
15075.0,1,447,773.03,773.03,27,2011-09-23 12:27:00,2011-09-23 12:27:00
15076.0,3,866,1447.7400000000002,482.5800000000001,80,2010-07-05 14:11:00,2011-06-20 08:23:00
15077.0,2,528,2428.08,1214.04,32,2009-12-09 17:10:00,2010-08-02 11:13:00
15078.0,53,8777,17286.73,326.1647169811321,771,2009-12-04 12:03:00,2011-12-02 15:41:00
15079.0,11,1459,3625.4,329.58181818181816,141,2009-12-08 11:22:00,2011-05-11 12:45:00
15080.0,2,287,546.25,273.125,31,2010-07-26 10:03:00,2010-10-08 11:52:00
15081.0,12,749,1854.57,154.54749999999999,101,2010-06-22 10:25:00,2011-11-17 17:08:00
15082.0,1,43,93.35000000000001,93.35000000000001,6,2010-02-09 10:23:00,2010-02-09 10:23:00
15083.0,1,38,88.2,88.2,5,2011-03-28 12:18:00,2011-03-28 12:18:00
15084.0,2,600,965.1999999999999,482.59999999999997,31,2010-03-04 10:45:00,2010-11-25 11:58:00
15085.0,1,169,347.54,347.54,9,2009-12-10 11:47:00,2009-12-10 11:47:00
15086.0,2,95,218.53,109.265,11,2010-03-24 13:56:00,2010-05-24 12:27:00
15087.0,1,470,306.94,306.94,15,2011-03-03 10:34:00,2011-03-03 10:34:00
15088.0,2,460,1160.0700000000002,580.0350000000001,57,2011-10-03 14:05:00,2011-11-18 13:14:00
15089.0,6,1359,2420.84,403.47333333333336,145,2011-08-03 14:14:00,2011-11-29 16:31:00
15090.0,1,208,381.32,381.32,23,2011-02-04 14:03:00,2011-02-04 14:03:00
15091.0,3,582,1046.6100000000001,348.87000000000006,57,2010-02-03 11:46:00,2011-10-03 12:47:00
15092.0,3,230,776.46,258.82,45,2010-09-03 12:33:00,2011-05-08 14:10:00
15093.0,23,10778,13702.380000000001,595.7556521739131,315,2009-12-08 12:46:00,2011-11-21 13:09:00
15094.0,2,28,83.0,41.5,5,2010-03-05 12:56:00,2010-09-02 16:55:00
15095.0,10,2233,3141.64,314.164,124,2010-01-21 09:37:00,2011-08-28 12:01:00
15096.0,1,120,219.39000000000001,219.39000000000001,11,2011-10-28 10:27:00,2011-10-28 10:27:00
15097.0,3,424,908.3499999999999,302.7833333333333,65,2010-05-05 14:22:00,2011-12-05 14:03:00
15098.0,3,121,39916.5,13305.5,3,2011-06-10 15:22:00,2011-06-10 15:33:00
15099.0,1,343,410.48,410.48,23,2011-09-16 13:13:00,2011-09-16 13:13:00
15100.0,7,270,2193.8999999999996,313.41428571428565,16,2010-01-07 14:33:00,2011-01-10 10:35:00
15101.0,6,676,1477.94,246.32333333333335,58,2010-04-28 15:00:00,2011-12-01 10:18:00
15102.0,2,339,554.67,277.335,27,2010-06-11 10:16:00,2010-06-27 12:16:00
15103.0,2,329,703.36,351.68,35,2011-09-14 13:54:00,2011-11-08 14:53:00
15104.0,2,635,993.54,496.77,67,2011-03-02 14:16:00,2011-05-27 12:29:00
15105.0,9,1747,3094.91,343.87888888888887,151,2010-03-23 12:18:00,2011-11-21 16:54:00
15106.0,5,1181,1422.52,284.504,100,2011-03-15 12:52:00,2011-11-22 09:16:00
15107.0,9,330,824.35,91.59444444444445,42,2010-09-14 10:47:00,2011-02-01 14:46:00
15108.0,4,499,1300.25,325.0625,60,2011-04-26 10:54:00,2011-07-21 10:24:00
15109.0,3,258,983.0999999999999,327.7,48,2009-12-04 12:33:00,2011-04-08 09:58:00
15110.0,6,337,1505.8500000000001,250.97500000000002,53,2010-08-11 15:49:00,2011-11-16 11:16:00
15111.0,5,1058,2442.37,488.474,135,2010-04-26 13:12:00,2011-11-10 16:58:00
15112.0,1,72,209.4,209.4,7,2010-04-07 14:17:00,2010-04-07 14:17:00
15113.0,3,2344,3509.43,1169.81,93,2011-10-16 15:27:00,2011-11-30 08:23:00
15114.0,12,3532,3400.12,283.3433333333333,231,2010-10-14 16:44:00,2011-11-09 15:05:00
15115.0,2,245,531.85,265.925,35,2009-12-07 11:20:00,2011-11-21 14:59:00
15116.0,4,648,1352.75,338.1875,45,2011-05-19 08:50:00,2011-11-22 12:25:00
15117.0,8,3093,2485.9700000000003,310.74625000000003,131,2010-03-15 13:39:00,2011-11-25 08:12:00
15118.0,1,1440,244.8,244.8,1,2011-07-28 14:54:00,2011-07-28 14:54:00
15119.0,1,88,266.4,266.4,14,2011-04-08 09:08:00,2011-04-08 09:08:00
15120.0,1,296,358.82,358.82,21,2011-07-29 09:48:00,2011-07-29 09:48:00
15121.0,2,199,457.71999999999997,228.85999999999999,28,2011-02-24 12:41:00,2011-10-20 14:51:00
15122.0,11,2033,4487.27,407.9336363636364,227,2010-03-30 14:05:00,2011-08-17 16:48:00
15123.0,5,2524,4656.17,931.234,183,2010-03-16 09:49:00,2011-12-02 13:12:00
15124.0,4,462,450.82,112.705,31,2010-02-26 10:49:00,2011-11-17 10:09:00
15125.0,24,8433,17024.87,709.3695833333333,240,2010-03-31 13:29:00,2011-11-14 13:57:00
15126.0,2,273,449.49,224.745,25,2010-01-21 17:09:00,2010-06-21 12:31:00
15127.0,2,464,711.5,355.75,28,2010-07-08 10:07:00,2011-10-05 10:30:00
15128.0,5,1583,1783.6799999999998,356.736,123,2010-10-05 16:46:00,2011-10-10 13:54:00
15129.0,23,4002,6860.18,298.2686956521739,207,2010-04-08 17:15:00,2011-10-20 14:40:00
15130.0,1,197,330.11,330.11,22,2011-06-23 10:15:00,2011-06-23 10:15:00
15131.0,1,88,80.28,80.28,7,2010-11-10 12:07:00,2010-11-10 12:07:00
15132.0,5,679,977.9300000000001,195.586,52,2011-03-22 12:02:00,2011-11-21 17:10:00
15133.0,5,960,1806.9,361.38,49,2010-07-07 12:31:00,2011-08-04 10:44:00
15134.0,10,1057,1596.29,159.629,85,2010-10-13 12:44:00,2011-11-25 08:55:00
15135.0,2,84,305.68,152.84,20,2010-06-01 13:33:00,2011-04-14 19:16:00
15136.0,4,776,1286.7,321.675,68,2011-09-04 16:05:00,2011-12-07 12:26:00
15137.0,2,596,823.4,411.7,34,2010-01-28 15:45:00,2010-07-07 09:41:00
15138.0,1,300,502.52,502.52,31,2010-11-11 09:16:00,2010-11-11 09:16:00
15139.0,2,208,178.96,89.48,13,2011-01-07 12:44:00,2011-04-14 11:39:00
15140.0,8,2010,3243.69,405.46125,112,2010-09-23 13:07:00,2011-10-18 14:07:00
15141.0,7,1197,1388.47,198.35285714285715,80,2010-03-28 15:58:00,2010-09-08 11:33:00
15142.0,6,2155,2619.92,436.65333333333336,142,2010-07-27 09:05:00,2011-10-24 12:51:00
15143.0,2,320,563.63,281.815,31,2010-10-03 13:58:00,2011-04-28 12:03:00
15144.0,29,5251,12160.31,419.3210344827586,349,2009-12-13 11:35:00,2011-12-01 15:12:00
15145.0,4,756,1194.73,298.6825,67,2011-04-05 15:20:00,2011-12-05 17:21:00
15146.0,2,1473,1327.16,663.58,91,2011-02-21 13:07:00,2011-06-28 12:09:00
15147.0,1,366,623.5,623.5,28,2011-04-13 15:57:00,2011-04-13 15:57:00
15148.0,1,187,301.29,301.29,20,2011-11-29 08:21:00,2011-11-29 08:21:00
15149.0,5,380,1554.6100000000001,310.922,69,2010-02-28 11:13:00,2011-07-29 10:58:00
15150.0,13,6167,8977.94,690.6107692307693,573,2010-06-14 12:01:00,2011-11-22 12:52:00
15151.0,2,795,2085.61,1042.805,57,2010-07-18 12:19:00,2010-10-12 16:37:00
15152.0,14,2994,5263.83,375.98785714285714,300,2010-01-07 15:15:00,2011-11-30 12:32:00
15153.0,1,198,329.25,329.25,22,2011-11-08 17:09:00,2011-11-08 17:09:00
15154.0,3,333,1343.72,447.9066666666667,167,2010-08-18 17:41:00,2011-09-25 16:05:00
15155.0,1,192,383.96999999999997,383.96999999999997,24,2010-11-21 12:59:00,2010-11-21 12:59:00
15156.0,3,597,961.49,320.49666666666667,55,2011-11-06 12:41:00,2011-12-08 18:22:00
15157.0,5,3466,2654.11,530.822,152,2009-12-10 14:44:00,2011-12-06 11:28:00
15158.0,2,219,606.02,303.01,11,2010-11-03 13:46:00,2011-10-25 13:53:00
15159.0,34,13512,22116.73,650.4920588235294,810,2010-10-04 09:31:00,2011-12-08 12:05:00
15160.0,4,307,589.27,147.3175,23,2010-10-14 15:26:00,2010-12-17 14:15:00
15161.0,1,144,119.92,119.92,33,2010-11-16 16:08:00,2010-11-16 16:08:00
15162.0,1,74,312.9,312.9,12,2009-12-08 13:14:00,2009-12-08 13:14:00
15163.0,2,186,304.47,152.235,29,2011-05-31 15:22:00,2011-11-21 13:10:00
15164.0,9,912,2028.1100000000001,225.34555555555556,344,2010-01-18 13:34:00,2011-10-02 12:05:00
15165.0,1,160,487.75,487.75,27,2010-12-01 14:03:00,2010-12-01 14:03:00
15166.0,1,140,167.16,167.16,12,2010-08-29 12:31:00,2010-08-29 12:31:00
15167.0,5,863,1627.62,325.524,297,2010-02-04 14:13:00,2011-01-23 12:41:00
15168.0,1,52,106.56,106.56,5,2011-11-14 11:26:00,2011-11-14 11:26:00
15169.0,2,356,569.22,284.61,58,2009-12-13 11:16:00,2010-11-22 13:04:00
15170.0,1,33,81.15,81.15,4,2010-10-29 10:34:00,2010-10-29 10:34:00
15171.0,1,290,1289.5,1289.5,5,2011-01-12 15:36:00,2011-01-12 15:36:00
15172.0,5,1611,1624.05,324.81,110,2011-04-17 11:56:00,2011-12-01 11:51:00
15173.0,7,840,1494.6,213.5142857142857,86,2010-04-01 12:26:00,2010-11-24 10:21:00
15174.0,2,382,481.46,240.73,34,2010-10-25 09:40:00,2011-01-21 09:06:00
15175.0,1,454,224.14,224.14,23,2011-09-29 11:31:00,2011-09-29 11:31:00
15176.0,1,448,988.04,988.04,52,2010-02-10 10:36:00,2010-02-10 10:36:00
15177.0,1,485,948.93,948.93,26,2010-10-10 12:48:00,2010-10-10 12:48:00
15178.0,1,30,40.5,40.5,3,2011-03-24 15:12:00,2011-03-24 15:12:00
15179.0,13,5416,7491.92,576.3015384615385,314,2009-12-03 12:27:00,2011-11-21 12:53:00
15180.0,3,654,816.9300000000001,272.31,52,2010-04-29 15:27:00,2010-12-07 14:57:00
15181.0,5,688,1200.2,240.04000000000002,20,2009-12-08 19:02:00,2011-10-04 13:58:00
15182.0,11,1186,2998.952,272.632,125,2010-02-21 12:03:00,2011-07-08 13:37:00
15183.0,3,297,639.9300000000001,213.31000000000003,38,2010-05-04 11:31:00,2010-06-10 10:43:00
15184.0,4,462,685.39,171.3475,84,2009-12-16 12:06:00,2011-11-10 13:41:00
15185.0,1,666,310.62,310.62,21,2011-09-30 14:06:00,2011-09-30 14:06:00
15186.0,5,716,1403.2,280.64,52,2010-01-12 10:14:00,2011-11-25 14:58:00
15187.0,16,1887,4777.18,298.57375,91,2011-05-11 13:49:00,2011-12-08 11:56:00
15188.0,1,233,310.43,310.43,23,2009-12-14 13:30:00,2009-12-14 13:30:00
15189.0,46,6902,17524.38,380.96478260869566,241,2010-07-18 13:37:00,2011-12-08 13:22:00
15190.0,1,790,834.4399999999999,834.4399999999999,40,2010-10-01 13:09:00,2010-10-01 13:09:00
15191.0,3,287,588.05,196.01666666666665,35,2010-01-20 12:35:00,2010-09-02 15:37:00
15192.0,5,1448,1666.39,333.278,91,2010-01-29 10:13:00,2011-08-12 11:41:00
15193.0,1,144,499.32,499.32,19,2011-10-10 08:23:00,2011-10-10 08:23:00
15194.0,28,8922,12021.53,429.34035714285716,476,2009-12-03 10:37:00,2011-12-06 15:10:00
15195.0,1,1404,3861.0,3861.0,1,2011-12-07 12:20:00,2011-12-07 12:20:00
15196.0,2,130,313.7,156.85,40,2009-12-13 11:14:00,2010-10-03 10:50:00
15197.0,6,1058,1877.5100000000002,312.91833333333335,59,2009-12-11 12:56:00,2011-11-29 10:00:00
15198.0,5,327,571.35,114.27000000000001,31,2010-01-19 10:01:00,2011-09-08 14:42:00
15199.0,10,894,3122.4,312.24,51,2010-05-13 10:14:00,2011-10-11 15:12:00
15200.0,1,195,549.05,549.05,30,2010-08-02 09:38:00,2010-08-02 09:38:00
15201.0,7,1660,1842.95,263.2785714285714,100,2010-04-07 14:50:00,2011-09-13 14:53:00
15202.0,3,3,6001.49,2000.4966666666667,3,2010-10-15 12:39:00,2010-10-15 13:05:00
15203.0,15,4182,4400.18,293.3453333333334,343,2009-12-08 18:06:00,2011-11-14 08:16:00
15204.0,1,258,316.58,316.58,9,2010-12-17 13:49:00,2010-12-17 13:49:00
15205.0,2,378,653.24,326.62,37,2011-08-04 16:07:00,2011-09-15 19:36:00
15206.0,4,162,420.3,105.075,9,2011-03-09 08:59:00,2011-11-29 13:41:00
15207.0,3,428,683.92,227.97333333333333,24,2010-06-10 17:29:00,2010-10-19 13:29:00
15208.0,6,356,970.52,161.75333333333333,48,2010-10-12 12:17:00,2011-12-08 17:24:00
15209.0,1,94,178.98000000000002,178.98000000000002,13,2009-12-09 17:26:00,2009-12-09 17:26:00
15210.0,3,841,1176.19,392.06333333333333,67,2010-05-13 14:42:00,2011-04-28 16:11:00
15211.0,2,240,894.4100000000001,447.20500000000004,52,2010-12-09 16:08:00,2011-10-10 13:31:00
15212.0,2,84,208.27999999999997,104.13999999999999,10,2010-11-28 10:45:00,2011-04-12 13:45:00
15213.0,2,272,328.34999999999997,164.17499999999998,24,2011-01-14 11:05:00,2011-01-25 12:21:00
15214.0,8,1254,1661.44,207.68,110,2011-04-11 09:46:00,2011-12-08 12:07:00
15215.0,7,776,2422.43,346.06142857142856,113,2010-04-06 11:21:00,2011-10-24 11:41:00
15216.0,2,217,486.09000000000003,243.04500000000002,24,2010-03-31 09:52:00,2011-09-13 11:41:00
15217.0,1,190,426.24,426.24,28,2010-05-25 13:51:00,2010-05-25 13:51:00
15218.0,22,6530,11468.83,521.3104545454545,389,2010-01-26 11:33:00,2011-11-29 11:48:00
15219.0,2,271,685.45,342.725,26,2010-03-01 11:33:00,2011-06-16 16:57:00
15220.0,6,1393,1778.96,296.49333333333334,117,2011-03-04 10:24:00,2011-10-19 12:39:00
15221.0,4,244,2062.2,515.55,29,2010-03-12 10:40:00,2010-12-08 13:08:00
15222.0,11,4458,3550.91,322.81,138,2009-12-16 13:49:00,2011-01-25 08:03:00
15223.0,5,385,1417.95,283.59000000000003,34,2009-12-05 11:19:00,2011-04-28 11:31:00
15224.0,5,443,871.36,174.272,35,2010-01-15 16:14:00,2010-12-16 15:02:00
15225.0,1,226,409.40000000000003,409.40000000000003,23,2011-04-19 14:51:00,2011-04-19 14:51:00
15226.0,1,71,154.41,154.41,8,2011-02-02 11:41:00,2011-02-02 11:41:00
15227.0,9,1217,2488.4900000000002,276.4988888888889,120,2010-03-16 08:23:00,2011-11-03 11:59:00
15228.0,6,3375,5580.27,930.0450000000001,234,2010-07-28 10:21:00,2011-10-04 13:56:00
15229.0,1,114,160.5,160.5,9,2010-05-02 13:50:00,2010-05-02 13:50:00
15230.0,2,351,429.6,214.8,23,2011-04-13 11:04:00,2011-04-14 14:39:00
15231.0,1,190,250.26,250.26,14,2010-03-28 15:12:00,2010-03-28 15:12:00
15232.0,2,686,612.06,306.03,31,2011-07-22 12:21:00,2011-08-18 16:27:00
15233.0,1,12,59.400000000000006,59.400000000000006,1,2010-11-03 13:36:00,2010-11-03 13:36:00
15234.0,1,196,197.0,197.0,14,2011-03-08 08:53:00,2011-03-08 08:53:00
15235.0,16,1676,2772.76,173.2975,178,2010-11-16 12:48:00,2011-05-06 09:44:00
15236.0,1,269,321.05,321.05,15,2011-02-14 10:52:00,2011-02-14 10:52:00
15237.0,4,1071,1412.3200000000002,353.08000000000004,99,2011-04-26 15:04:00,2011-12-08 09:46:00
15238.0,3,692,1071.99,357.33,50,2011-06-08 16:00:00,2011-11-10 14:28:00
15239.0,2,594,780.59,390.295,49,2011-09-22 09:53:00,2011-11-29 14:14:00
15240.0,12,3214,4459.98,371.66499999999996,224,2009-12-05 14:57:00,2011-10-26 09:50:00
15241.0,11,3328,3050.16,277.2872727272727,184,2010-02-23 13:59:00,2011-10-04 09:05:00
15242.0,1,196,302.04,302.04,4,2010-10-13 15:33:00,2010-10-13 15:33:00
15243.0,2,543,927.28,463.64,61,2010-09-30 17:28:00,2011-09-26 14:12:00
15244.0,3,472,912.0799999999999,304.02666666666664,48,2010-02-11 14:48:00,2011-10-05 13:19:00
15245.0,8,3021,4610.84,576.355,148,2010-04-23 14:23:00,2011-07-28 18:56:00
15246.0,3,359,780.4000000000001,260.1333333333334,51,2010-06-02 11:28:00,2011-04-15 14:45:00
15247.0,3,514,976.06,325.3533333333333,17,2010-06-20 14:08:00,2011-08-09 12:52:00
15248.0,3,1065,1893.93,631.3100000000001,106,2010-06-23 14:34:00,2010-10-24 13:09:00
15249.0,18,4980,9266.0,514.7777777777778,502,2010-03-26 14:51:00,2011-11-08 11:45:00
15250.0,1,48,60.0,60.0,3,2010-03-09 07:35:00,2010-03-09 07:35:00
15251.0,21,12108,20324.54,967.8352380952381,230,2010-01-29 12:42:00,2011-11-30 15:02:00
15252.0,5,1430,2103.41,420.68199999999996,118,2010-04-07 10:24:00,2011-11-03 13:30:00
15253.0,8,1588,2055.0899999999997,256.88624999999996,116,2010-05-02 11:17:00,2011-11-23 16:22:00
15254.0,3,711,1088.35,362.7833333333333,67,2010-05-28 10:08:00,2011-08-04 15:04:00
15255.0,9,2214,3706.02,411.78,187,2009-12-03 09:10:00,2011-10-04 12:43:00
15256.0,2,92,170.4,85.2,10,2010-05-27 11:41:00,2011-07-14 11:47:00
15257.0,2,71,685.9,342.95,12,2010-10-21 14:03:00,2011-03-01 12:58:00
15258.0,2,142,623.1600000000001,311.58000000000004,34,2011-05-06 14:16:00,2011-06-24 12:30:00
15259.0,4,631,1182.3799999999999,295.59499999999997,57,2010-01-26 09:41:00,2010-07-15 08:47:00
15260.0,25,4468,8767.73,350.7092,381,2009-12-06 11:45:00,2011-08-31 13:55:00
15261.0,4,806,1508.0,377.0,92,2010-10-01 11:59:00,2011-07-27 15:20:00
15262.0,3,218,418.82,139.60666666666665,26,2010-08-08 15:55:00,2011-01-20 12:16:00
15263.0,1,89,156.51,156.51,12,2011-08-25 10:26:00,2011-08-25 10:26:00
15264.0,2,443,848.4000000000001,424.20000000000005,55,2010-06-27 13:29:00,2011-10-06 13:49:00
15265.0,4,1570,3345.64,836.41,193,2009-12-01 17:08:00,2011-07-11 14:46:00
15266.0,5,236,852.21,170.442,45,2010-01-07 12:19:00,2011-01-05 13:40:00
15267.0,5,944,1717.36,343.472,11,2011-06-10 10:24:00,2011-11-17 15:59:00
15268.0,3,428,961.9000000000001,320.6333333333334,22,2010-04-13 11:27:00,2010-08-18 10:33:00
15269.0,3,372,1225.3600000000001,306.34000000000003,35,2010-11-14 12:58:00,2011-11-16 09:32:00
15270.0,21,4010,8524.86,405.9457142857143,166,2009-12-17 15:02:00,2011-11-24 09:24:00
15271.0,24,2412,4528.54,188.68916666666667,547,2010-08-05 14:57:00,2011-12-02 14:11:00
15272.0,6,665,2030.95,338.4916666666667,283,2010-02-14 13:39:00,2011-10-13 12:59:00
15273.0,1,216,228.96,228.96,1,2010-04-19 11:31:00,2010-04-19 11:31:00
15274.0,2,619,716.57,358.285,47,2011-11-21 14:17:00,2011-12-05 16:57:00
15275.0,1,498,615.14,615.14,41,2011-11-02 11:20:00,2011-11-02 11:20:00
15276.0,4,317,619.8,154.95,166,2010-10-01 12:24:00,2011-10-04 16:39:00
15277.0,2,373,476.34,238.17,26,2010-10-10 16:02:00,2011-10-24 10:08:00
15278.0,4,458,496.15999999999997,124.03999999999999,29,2010-02-12 14:53:00,2010-05-27 10:03:00
15279.0,5,802,1580.54,316.108,94,2010-02-02 10:15:00,2010-12-20 10:48:00
15280.0,3,507,397.52,132.50666666666666,59,2010-05-17 14:17:00,2011-06-20 17:14:00
15281.0,16,5233,8543.57,533.973125,522,2010-10-08 12:14:00,2011-10-12 09:10:00
15282.0,1,395,348.59,348.59,27,2010-05-18 16:27:00,2010-05-18 16:27:00
15283.0,3,27,148.33,49.443333333333335,9,2010-07-09 15:46:00,2010-11-14 14:54:00
15284.0,1,5,24.75,24.75,1,2010-07-27 13:25:00,2010-07-27 13:25:00
15285.0,1,120,94.92,94.92,6,2010-10-28 09:46:00,2010-10-28 09:46:00
15286.0,1,55,240.55,240.55,3,2011-10-21 11:08:00,2011-10-21 11:08:00
15287.0,5,1010,856.0300000000001,171.20600000000002,36,2009-12-02 12:13:00,2011-11-17 15:34:00
15288.0,10,1336,3715.38,371.538,151,2010-02-12 15:27:00,2011-10-27 16:58:00
15289.0,5,1627,1593.0900000000001,318.61800000000005,97,2010-03-28 11:45:00,2011-11-10 13:49:00
15290.0,26,6567,10496.28,403.70307692307694,292,2010-02-24 10:15:00,2011-12-05 11:39:00
15291.0,40,4905,13517.76,337.944,244,2009-12-03 11:09:00,2011-11-14 11:02:00
15292.0,1,55,178.39,178.39,24,2011-05-22 15:00:00,2011-05-22 15:00:00
15293.0,1,178,247.5,247.5,19,2010-02-12 11:54:00,2010-02-12 11:54:00
15294.0,1,97,233.35,233.35,15,2010-10-25 11:45:00,2010-10-25 11:45:00
15295.0,1,139,207.04,207.04,50,2010-02-23 13:03:00,2010-02-23 13:03:00
15296.0,12,5452,10323.029999999999,860.2524999999999,534,2010-01-21 13:48:00,2011-10-20 11:47:00
15297.0,3,292,641.94,213.98000000000002,39,2011-10-07 09:42:00,2011-11-29 16:32:00
15298.0,23,6000,9061.77,393.99,425,2009-12-08 17:04:00,2011-12-07 17:17:00
15299.0,10,3356,6156.53,615.653,10,2010-01-12 11:34:00,2011-10-03 14:19:00
15300.0,1,292,496.44,496.44,28,2011-10-06 17:08:00,2011-10-06 17:08:00
15301.0,17,3763,6909.67,406.4511764705882,345,2010-09-15 15:41:00,2011-10-20 09:57:00
15302.0,1,102,308.0,308.0,15,2009-12-09 13:11:00,2009-12-09 13:11:00
15303.0,3,514,1224.1799999999998,408.05999999999995,69,2010-01-25 09:42:00,2011-02-22 13:59:00
15304.0,9,112,796.4,88.48888888888888,24,2010-10-14 10:24:00,2011-10-10 10:23:00
15305.0,1,40,93.6,93.6,5,2010-06-02 13:50:00,2010-06-02 13:50:00
15306.0,9,3074,3484.73,387.1922222222222,162,2010-02-18 17:12:00,2011-10-06 12:56:00
15307.0,1,37,205.3,205.3,12,2011-09-05 11:38:00,2011-09-05 11:38:00
15308.0,1,175,310.47,310.47,19,2011-03-10 13:08:00,2011-03-10 13:08:00
15309.0,4,440,797.96,199.49,54,2009-12-04 13:01:00,2010-04-08 11:11:00
15310.0,1,1476,1634.64,1634.64,45,2010-08-18 11:38:00,2010-08-18 11:38:00
15311.0,208,70149,114966.42,552.7231730769231,4290,2009-12-01 11:21:00,2011-12-09 12:00:00
15312.0,12,1693,2930.19,244.1825,163,2009-12-16 09:23:00,2011-09-25 13:10:00
15313.0,1,25,52.0,52.0,1,2011-08-21 16:02:00,2011-08-21 16:02:00
15314.0,3,750,820.45,273.48333333333335,50,2010-10-07 15:41:00,2011-05-24 14:39:00
15315.0,2,862,570.5,285.25,37,2011-08-15 15:17:00,2011-10-06 12:51:00
15316.0,1,100,165.0,165.0,1,2011-01-17 11:34:00,2011-01-17 11:34:00
15317.0,1,45,129.75,129.75,5,2010-01-31 15:55:00,2010-01-31 15:55:00
15318.0,1,642,312.62,312.62,33,2011-12-06 11:30:00,2011-12-06 11:30:00
15319.0,1,175,204.5,204.5,16,2011-03-01 12:48:00,2011-03-01 12:48:00
15320.0,1,326,267.13,267.13,36,2011-10-26 13:27:00,2011-10-26 13:27:00
15321.0,12,3653,6709.7300000000005,559.1441666666667,309,2010-02-03 09:47:00,2011-09-30 09:40:00
15322.0,2,971,1390.86,695.43,83,2010-08-20 13:10:00,2011-09-15 09:34:00
15323.0,3,188,434.6,144.86666666666667,29,2010-02-16 09:21:00,2010-05-26 10:01:00
15324.0,1,74,140.22000000000003,140.22000000000003,8,2010-01-07 14:37:00,2010-01-07 14:37:00
15325.0,8,1382,1601.46,200.1825,221,2010-02-16 13:30:00,2011-08-28 11:55:00
15326.0,5,1351,1700.52,340.104,129,2009-12-01 13:19:00,2011-01-10 11:38:00
15327.0,1,116,208.75,208.75,10,2011-10-18 11:55:00,2011-10-18 11:55:00
15328.0,1,88,107.24,107.24,8,2010-10-28 09:05:00,2010-10-28 09:05:00
15329.0,11,1217,2958.83,268.98454545454547,154,2009-12-14 12:18:00,2011-10-31 15:36:00
15330.0,2,1312,714.96,357.48,13,2011-10-10 12:30:00,2011-11-07 17:50:00
15331.0,3,701,767.9100000000001,255.97000000000003,44,2010-04-09 14:26:00,2010-07-28 09:42:00
15332.0,6,2306,4892.68,815.4466666666667,154,2010-07-14 13:01:00,2010-12-08 14:43:00
15333.0,1,344,1028.56,1028.56,16,2011-05-15 13:27:00,2011-05-15 13:27:00
15334.0,3,273,350.82,116.94,96,2011-06-19 13:51:00,2011-07-06 11:22:00
15335.0,1,79,170.22,170.22,34,2011-10-17 12:50:00,2011-10-17 12:50:00
15336.0,1,84,240.5,240.5,15,2010-11-03 12:39:00,2010-11-03 12:39:00
15337.0,1,200,373.02,373.02,21,2010-10-24 15:29:00,2010-10-24 15:29:00
15338.0,1,148,277.93,277.93,56,2010-01-31 14:25:00,2010-01-31 14:25:00
15339.0,7,1138,1821.02,260.1457142857143,214,2010-02-08 13:38:00,2011-10-04 12:51:00
15340.0,1,76,105.5,105.5,7,2010-05-27 10:27:00,2010-05-27 10:27:00
15341.0,2,1008,2402.72,1201.36,24,2010-09-16 16:41:00,2011-09-20 09:40:00
15342.0,1,283,406.09,406.09,24,2011-08-02 10:19:00,2011-08-02 10:19:00
15343.0,1,84,364.5,364.5,21,2011-09-13 13:55:00,2011-09-13 13:55:00
15344.0,3,116,563.9399999999999,187.98,26,2011-09-26 14:48:00,2011-12-09 10:45:00
15345.0,1,81,393.54,393.54,20,2011-10-25 11:28:00,2011-10-25 11:28:00
15346.0,3,260,596.12,198.70666666666668,37,2010-10-04 15:11:00,2011-01-11 11:18:00
15347.0,4,542,1162.0,290.5,36,2010-09-28 12:50:00,2010-12-08 15:25:00
15348.0,1,84,158.04,158.04,9,2011-09-28 13:17:00,2011-09-28 13:17:00
15349.0,2,321,463.90999999999997,231.95499999999998,70,2011-06-05 15:46:00,2011-07-04 16:06:00
15350.0,2,272,547.6,273.8,30,2010-11-21 15:14:00,2010-12-01 13:33:00
15351.0,10,1350,3430.2200000000003,343.02200000000005,304,2010-10-03 12:18:00,2011-11-27 12:52:00
15352.0,1,40,111.15,111.15,34,2010-06-09 11:28:00,2010-06-09 11:28:00
15353.0,7,1391,2794.47,399.21,351,2009-12-02 11:33:00,2011-03-30 12:15:00
15354.0,3,3,284.4,94.8,3,2010-04-15 16:17:00,2010-04-15 16:24:00
15355.0,2,45,277.05,138.525,14,2011-10-17 15:22:00,2011-11-10 13:44:00
15356.0,13,1892,3239.57,249.1976923076923,656,2010-10-13 13:12:00,2011-11-08 13:11:00
15358.0,42,14902,16425.86,391.0919047619048,1089,2009-12-07 12:19:00,2011-12-05 09:04:00
15359.0,8,145,181.35,22.66875,16,2010-01-15 11:30:00,2010-02-15 10:47:00
15360.0,1,223,427.93,427.93,13,2011-10-31 09:35:00,2011-10-31 09:35:00
15361.0,4,373,689.07,172.2675,10,2010-06-14 13:27:00,2010-12-13 09:52:00
15362.0,2,368,613.0799999999999,306.53999999999996,40,2009-12-01 09:08:00,2010-09-17 10:37:00
15363.0,2,383,678.11,339.055,35,2010-08-04 08:41:00,2010-12-02 12:28:00
15364.0,2,493,913.19,456.595,29,2011-03-30 13:39:00,2011-09-05 09:46:00
15365.0,13,2131,4557.13,350.54846153846154,218,2010-02-04 16:43:00,2011-11-14 08:29:00
15366.0,7,2447,2389.08,341.29714285714283,138,2010-02-26 10:10:00,2011-09-25 15:01:00
15367.0,11,2944,5081.33,461.9390909090909,279,2009-12-10 14:20:00,2011-10-13 14:13:00
15368.0,2,406,722.74,361.37,8,2010-11-10 15:52:00,2011-11-18 14:42:00
15369.0,11,3288,6251.259999999999,568.2963636363636,59,2009-12-08 07:43:00,2010-08-04 13:54:00
15370.0,8,1397,3739.01,467.37625,143,2010-10-25 12:08:00,2011-10-30 10:58:00
15371.0,1,12,59.400000000000006,59.400000000000006,1,2010-02-15 13:14:00,2010-02-15 13:14:00
15372.0,8,6410,6017.0599999999995,752.1324999999999,57,2010-02-14 11:24:00,2011-07-25 16:39:00
15373.0,17,726,3084.54,181.4435294117647,187,2010-05-02 11:57:00,2011-12-01 15:05:00
15374.0,2,290,307.32,153.66,9,2010-03-25 12:03:00,2011-08-03 09:59:00
15375.0,1,84,60.959999999999994,60.959999999999994,6,2010-01-18 15:38:00,2010-01-18 15:38:00
15376.0,3,615,1221.56,407.18666666666667,115,2011-05-01 13:45:00,2011-10-30 15:04:00
15377.0,4,253,1211.75,302.9375,21,2010-10-20 11:42:00,2010-11-22 08:55:00
15378.0,2,130,246.5,123.25,12,2010-07-26 08:47:00,2010-09-03 11:30:00
15379.0,8,3000,4877.84,609.73,263,2010-11-04 11:59:00,2011-06-23 13:13:00
15380.0,11,954,3248.96,295.36,52,2009-12-01 13:50:00,2011-12-01 12:13:00
15381.0,5,802,1890.57,378.114,24,2010-05-05 14:35:00,2011-05-10 11:55:00
15382.0,12,9178,13733.55,1144.4624999999999,632,2009-12-04 14:13:00,2011-11-25 10:58:00
15384.0,4,1767,2027.79,506.9475,118,2010-04-26 12:38:00,2011-06-23 10:57:00
15385.0,3,428,942.0799999999999,314.02666666666664,21,2010-01-31 13:02:00,2011-10-30 15:11:00
15386.0,1,446,394.14,394.14,31,2011-06-06 13:47:00,2011-06-06 13:47:00
15387.0,1,335,468.65,468.65,20,2010-08-04 16:05:00,2010-08-04 16:05:00
15388.0,1,88,140.54,140.54,10,2011-03-14 13:53:00,2011-03-14 13:53:00
15389.0,5,3940,2733.8,546.76,6,2010-01-27 12:44:00,2011-06-20 16:18:00
15390.0,2,894,1216.66,608.33,77,2010-10-26 17:23:00,2010-11-08 15:19:00
15391.0,1,109,289.87,289.87,12,2010-05-04 15:04:00,2010-05-04 15:04:00
15392.0,7,2144,2911.62,415.94571428571425,144,2010-10-04 12:50:00,2011-12-05 11:01:00
15393.0,5,378,891.34,178.268,44,2009-12-15 17:56:00,2011-11-23 16:48:00
15394.0,11,2372,5286.8,480.6181818181818,227,2009-12-15 19:05:00,2011-11-30 11:49:00
15395.0,1,17,107.45,107.45,7,2011-01-18 12:40:00,2011-01-18 12:40:00
15396.0,2,278,796.3800000000001,398.19000000000005,16,2010-05-05 09:04:00,2011-08-19 10:56:00
15397.0,1,20,94.0,94.0,6,2011-02-23 09:25:00,2011-02-23 09:25:00
15398.0,2,769,1345.5300000000002,672.7650000000001,73,2011-09-22 14:56:00,2011-11-23 16:47:00
15399.0,3,611,815.77,271.92333333333335,50,2011-09-21 15:57:00,2011-12-08 13:04:00
15400.0,8,662,1302.3,162.7875,27,2010-05-28 08:33:00,2011-09-08 13:57:00
15401.0,2,93,216.95000000000002,108.47500000000001,14,2010-05-20 10:56:00,2010-09-13 13:42:00
15402.0,6,2034,1830.54,305.09,130,2010-04-27 12:12:00,2011-07-14 12:17:00
15403.0,2,492,170.88,85.44,8,2009-12-09 12:45:00,2010-08-05 12:21:00
15404.0,1,334,257.06,257.06,16,2010-11-29 11:03:00,2010-11-29 11:03:00
15405.0,2,348,659.84,329.92,30,2010-05-12 15:56:00,2011-06-03 14:44:00
15406.0,4,547,975.87,195.174,119,2010-09-12 13:06:00,2011-11-08 13:22:00
15407.0,4,552,1046.74,261.685,146,2011-02-07 13:18:00,2011-11-06 11:55:00
15408.0,1,106,267.18,267.18,34,2011-03-20 15:02:00,2011-03-20 15:02:00
15409.0,1,59,131.25,131.25,9,2009-12-18 15:35:00,2009-12-18 15:35:00
15410.0,10,1902,4685.72,425.9745454545455,162,2010-04-19 08:57:00,2011-09-16 14:47:00
15411.0,4,529,1348.93,337.2325,97,2011-06-10 12:30:00,2011-11-13 15:19:00
15412.0,1,108,190.53,190.53,10,2011-06-21 15:24:00,2011-06-21 15:24:00
15413.0,5,2694,6798.72,1359.7440000000001,25,2009-12-01 10:18:00,2010-01-17 11:33:00
15414.0,3,443,774.9000000000001,258.3,39,2011-04-11 13:45:00,2011-11-30 09:50:00
15415.0,1,551,559.61,559.61,46,2011-01-30 14:13:00,2011-01-30 14:13:00
15416.0,7,2420,4572.82,653.26,228,2010-02-01 11:55:00,2011-10-06 09:38:00
15417.0,1,284,508.8,508.8,28,2011-09-15 15:26:00,2011-09-15 15:26:00
15418.0,2,264,449.42,224.71,64,2010-05-02 11:31:00,2010-10-10 13:38:00
15419.0,1,230,135.86,135.86,8,2011-11-15 09:23:00,2011-11-15 09:23:00
15420.0,6,844,743.0,123.83333333333333,56,2009-12-05 13:29:00,2010-10-01 15:46:00
15421.0,10,1927,3805.34,380.534,311,2009-12-07 15:10:00,2011-10-12 09:20:00
15422.0,7,710,1619.97,231.42428571428573,118,2010-02-07 11:52:00,2011-01-20 16:17:00
15423.0,3,198,266.89,88.96333333333332,14,2010-03-28 13:42:00,2011-11-01 14:01:00
15424.0,3,873,597.78,199.26,33,2010-09-02 17:17:00,2011-03-30 13:02:00
15425.0,4,1041,1941.1200000000001,485.28000000000003,140,2010-02-14 12:36:00,2010-11-04 18:13:00
15426.0,9,1041,2156.35,239.59444444444443,417,2010-05-02 15:10:00,2011-11-20 15:36:00
15427.0,3,967,1430.54,476.84666666666664,273,2011-10-23 14:47:00,2011-11-06 14:29:00
15428.0,4,347,762.75,190.6875,44,2009-12-17 17:46:00,2011-11-24 16:54:00
15429.0,2,380,397.35,198.675,79,2011-09-25 13:42:00,2011-11-13 12:28:00
15430.0,2,309,954.75,477.375,36,2010-06-29 15:04:00,2010-08-29 10:42:00
15431.0,1,84,153.24,153.24,2,2010-07-25 12:44:00,2010-07-25 12:44:00
15432.0,2,92,320.76,160.38,16,2010-06-16 14:34:00,2011-11-16 16:30:00
15433.0,2,534,533.3,266.65,41,2011-03-17 14:12:00,2011-05-10 10:45:00
15434.0,11,1423,2567.06,233.36909090909091,134,2010-01-24 15:35:00,2011-12-01 13:33:00
15435.0,1,54,149.29,149.29,29,2011-11-17 16:39:00,2011-11-17 16:39:00
15436.0,3,574,1067.75,355.9166666666667,277,2011-04-19 16:52:00,2011-11-27 16:05:00
15437.0,2,177,393.45000000000005,196.72500000000002,56,2010-03-09 10:45:00,2011-03-22 13:11:00
15438.0,1,59,156.57999999999998,156.57999999999998,25,2011-07-31 14:19:00,2011-07-31 14:19:00
15439.0,4,572,1269.0500000000002,317.26250000000005,57,2010-02-24 12:05:00,2010-10-31 10:38:00
15440.0,3,197,383.68,127.89333333333333,60,2011-05-15 11:30:00,2011-10-16 12:16:00
15441.0,3,587,1254.21,418.07,57,2009-12-09 14:55:00,2010-11-08 15:50:00
15442.0,1,120,594.0,594.0,2,2011-04-05 12:24:00,2011-04-05 12:24:00
15443.0,14,2699,5114.23,365.3021428571428,595,2010-03-07 12:10:00,2011-12-08 10:40:00
15444.0,2,759,1411.21,705.605,212,2011-10-30 16:12:00,2011-11-30 17:37:00
15445.0,2,118,284.5,142.25,14,2010-04-28 15:00:00,2011-03-20 15:06:00
15446.0,3,265,399.75,133.25,106,2009-12-13 13:53:00,2010-11-28 11:59:00
15447.0,5,228,492.88,98.576,29,2010-03-24 14:40:00,2011-01-13 11:26:00
15448.0,2,487,788.81,394.405,49,2010-02-03 13:29:00,2011-01-31 10:42:00
15449.0,3,812,974.52,324.84,60,2011-03-23 10:43:00,2011-11-13 15:02:00
15450.0,1,376,429.84,429.84,30,2011-11-09 17:11:00,2011-11-09 17:11:00
15451.0,2,76,226.86,113.43,60,2010-04-19 14:08:00,2010-10-01 13:40:00
15452.0,6,1087,1785.1100000000001,297.5183333333334,192,2010-07-16 14:23:00,2011-11-10 12:13:00
15453.0,7,837,1371.77,195.96714285714285,264,2011-06-05 12:37:00,2011-12-08 10:59:00
15454.0,2,146,305.99,152.995,38,2010-03-31 13:15:00,2010-12-12 14:21:00
15455.0,1,3,38.25,38.25,2,2010-04-21 12:43:00,2010-04-21 12:43:00
15456.0,10,2727,2091.52,209.152,227,2009-12-08 12:54:00,2011-03-01 13:51:00
15457.0,1,132,237.07,237.07,56,2011-03-22 15:31:00,2011-03-22 15:31:00
15458.0,2,300,370.43999999999994,185.21999999999997,13,2010-11-02 19:50:00,2011-11-14 13:08:00
15459.0,2,121,202.82999999999998,101.41499999999999,7,2010-07-30 14:31:00,2010-10-18 15:25:00
15460.0,1,107,214.26,214.26,53,2010-12-20 16:08:00,2010-12-20 16:08:00
15461.0,2,230,429.7,214.85,2,2010-03-18 12:40:00,2010-09-05 12:31:00
15462.0,4,495,737.05,184.2625,41,2010-09-20 10:23:00,2011-09-06 13:11:00
15463.0,1,106,126.14,126.14,7,2011-11-10 12:57:00,2011-11-10 12:57:00
15464.0,1,348,1044.65,1044.65,155,2011-01-05 15:56:00,2011-01-05 15:56:00
15465.0,32,2638,12100.4,378.1375,255,2009-12-10 09:42:00,2011-11-20 10:11:00
15466.0,4,941,1560.46,390.115,256,2009-12-03 12:28:00,2011-09-15 14:08:00
15467.0,3,310,524.88,174.96,51,2011-07-10 14:42:00,2011-11-30 14:17:00
15468.0,3,1400,1430.48,476.82666666666665,80,2010-11-12 09:39:00,2011-10-19 13:49:00
15469.0,3,287,874.25,291.4166666666667,43,2010-09-27 10:09:00,2011-10-20 16:21:00
15470.0,1,232,63.419999999999995,63.419999999999995,4,2010-05-13 09:35:00,2010-05-13 09:35:00
15471.0,3,670,1292.01,430.67,138,2010-06-07 12:17:00,2011-12-07 14:12:00
15472.0,1,251,371.56,371.56,76,2011-08-18 15:17:00,2011-08-18 15:17:00
15473.0,8,776,2046.0,255.75,14,2010-09-21 09:14:00,2011-11-25 15:15:00
15474.0,1,55,150.35,150.35,19,2010-04-23 11:14:00,2010-04-23 11:14:00
15475.0,1,319,454.10999999999996,454.10999999999996,29,2011-09-23 15:20:00,2011-09-23 15:20:00
15476.0,4,1174,2209.9799999999996,552.4949999999999,79,2010-09-23 14:00:00,2010-11-24 15:17:00
15477.0,1,216,368.4,368.4,2,2010-02-28 10:37:00,2010-02-28 10:37:00
15478.0,3,894,1983.48,661.16,68,2010-05-13 18:49:00,2011-10-30 14:19:00
15479.0,1,38,147.4,147.4,9,2009-12-06 15:08:00,2009-12-06 15:08:00
15480.0,5,1852,6279.0,1255.8,215,2010-02-01 14:52:00,2011-08-15 14:32:00
15481.0,1,1450,1993.34,1993.34,38,2010-11-03 14:52:00,2010-11-03 14:52:00
15482.0,19,6516,14417.359999999999,758.8084210526315,148,2009-12-02 16:59:00,2011-11-24 10:46:00
15483.0,10,905,817.8199999999999,81.782,248,2010-01-24 15:42:00,2011-07-01 13:07:00
15484.0,6,4074,4652.1,775.35,240,2009-12-05 15:18:00,2011-12-08 15:03:00
15485.0,7,2153,4810.92,687.2742857142857,136,2009-12-01 17:31:00,2011-11-09 14:31:00
15486.0,1,40,102.0,102.0,1,2010-06-30 13:15:00,2010-06-30 13:15:00
15487.0,1,144,231.32,231.32,14,2010-01-29 12:07:00,2010-01-29 12:07:00
15488.0,5,251,431.92,86.384,11,2010-05-05 13:03:00,2011-09-08 10:11:00
15489.0,8,1264,2419.61,302.45125,114,2010-01-15 16:58:00,2011-11-17 08:53:00
15490.0,1,82,210.85,210.85,22,2010-10-05 13:11:00,2010-10-05 13:11:00
15491.0,6,1646,3100.09,516.6816666666667,154,2011-04-18 10:04:00,2011-09-05 15:56:00
15492.0,2,483,659.46,329.73,35,2011-09-26 14:02:00,2011-11-11 14:53:00
15493.0,9,1206,4121.68,457.9644444444445,585,2010-02-23 11:14:00,2011-11-07 12:04:00
15494.0,5,3052,3702.6,740.52,361,2009-12-10 20:16:00,2011-11-18 14:51:00
15495.0,1,194,246.5,246.5,20,2010-11-25 13:46:00,2010-11-25 13:46:00
15496.0,1,98,146.14000000000001,146.14000000000001,22,2010-03-18 13:16:00,2010-03-18 13:16:00
15497.0,9,2937,8657.39,961.9322222222222,121,2009-12-18 15:08:00,2011-11-22 11:51:00
15498.0,44,12134,24972.86,567.565,940,2009-12-16 17:27:00,2011-12-07 12:48:00
15499.0,1,59,158.65,158.65,40,2009-12-16 12:17:00,2009-12-16 12:17:00
15500.0,4,572,1131.56,282.89,68,2011-09-19 13:47:00,2011-12-01 13:47:00
15501.0,2,205,399.95,199.975,68,2010-10-20 12:47:00,2010-10-31 11:15:00
15502.0,14,5559,13003.869999999999,928.847857142857,324,2010-06-03 11:12:00,2011-11-24 12:48:00
15503.0,2,130,257.3,128.65,116,2009-12-13 11:34:00,2010-12-12 10:57:00
15504.0,4,141,402.7,100.675,56,2010-02-12 12:34:00,2011-09-19 13:45:00
15505.0,5,2390,3610.96,722.192,97,2011-07-07 13:33:00,2011-10-18 07:56:00
15506.0,6,1637,2030.33,338.3883333333333,255,2010-08-19 12:38:00,2011-11-17 12:11:00
15507.0,1,160,475.86,475.86,41,2011-06-21 11:19:00,2011-06-21 11:19:00
15508.0,6,440,1000.27,166.71166666666667,92,2011-04-18 15:31:00,2011-06-03 15:43:00
15509.0,1,58,152.41,152.41,26,2010-11-24 14:48:00,2010-11-24 14:48:00
15510.0,1,2,250.0,250.0,1,2011-01-13 12:10:00,2011-01-13 12:10:00
15511.0,5,269,900.53,180.106,151,2011-09-15 15:05:00,2011-11-28 09:43:00
15512.0,4,235,331.58000000000004,82.89500000000001,30,2010-02-01 13:23:00,2011-07-07 10:20:00
15513.0,35,10477,26437.05,755.3442857142857,547,2010-01-13 14:59:00,2011-11-06 14:36:00
15514.0,18,4087,6392.0599999999995,355.1144444444444,306,2009-12-04 16:37:00,2011-11-27 14:40:00
15515.0,1,131,171.81,171.81,7,2010-11-17 13:39:00,2010-11-17 13:39:00
15516.0,3,27,62.43,20.81,15,2011-10-24 11:33:00,2011-10-26 10:51:00
15517.0,1,293,267.03,267.03,27,2011-04-20 14:02:00,2011-04-20 14:02:00
15518.0,15,2810,4189.99,279.3326666666666,442,2009-12-20 12:21:00,2011-10-06 13:05:00
15519.0,2,116,344.61,172.305,37,2010-09-19 13:57:00,2010-11-21 14:35:00
15520.0,1,314,343.5,343.5,18,2011-12-08 10:58:00,2011-12-08 10:58:00
15521.0,16,4507,7098.24,443.64,399,2010-01-05 10:19:00,2011-10-30 13:42:00
15522.0,2,572,397.99,198.995,55,2011-09-13 12:26:00,2011-11-07 11:26:00
15523.0,16,15633,17259.19,1078.699375,210,2009-12-02 15:16:00,2011-09-16 16:29:00
15524.0,2,28,591.4,295.7,9,2010-04-12 09:19:00,2011-11-15 12:09:00
15525.0,4,527,890.22,222.555,169,2010-11-22 12:10:00,2011-12-07 14:43:00
15526.0,2,24,148.44,74.22,4,2011-11-06 15:01:00,2011-11-06 15:04:00
15527.0,23,2211,5554.89,241.51695652173913,326,2009-12-15 17:31:00,2011-11-21 12:17:00
15528.0,1,123,229.33,229.33,26,2011-03-30 16:14:00,2011-03-30 16:14:00
15529.0,12,4271,4783.66,398.6383333333333,774,2010-11-10 14:26:00,2011-11-17 11:29:00
15530.0,5,1328,1808.68,361.736,134,2010-07-15 11:10:00,2011-11-18 12:25:00
15531.0,2,1085,1972.3899999999999,986.1949999999999,213,2011-11-09 17:47:00,2011-12-01 18:43:00
15532.0,10,1337,3738.8500000000004,373.88500000000005,611,2010-06-08 14:52:00,2011-11-14 14:51:00
15533.0,3,289,807.5699999999999,269.19,83,2011-09-11 15:41:00,2011-11-20 15:35:00
15534.0,1,63,162.25,162.25,8,2009-12-14 12:48:00,2009-12-14 12:48:00
15535.0,6,314,1044.37,174.06166666666664,129,2010-09-16 20:04:00,2011-06-19 16:02:00
15536.0,1,242,259.09,259.09,16,2010-10-26 16:31:00,2010-10-26 16:31:00
15537.0,1,29,110.92,110.92,24,2011-06-29 13:10:00,2011-06-29 13:10:00
15538.0,6,1016,3358.4,559.7333333333333,14,2010-02-14 12:38:00,2010-06-20 10:49:00
15539.0,1,410,538.46,538.46,41,2011-12-02 13:36:00,2011-12-02 13:36:00
15540.0,2,444,460.68,230.34,31,2010-11-29 11:10:00,2011-11-28 13:51:00
15541.0,1,49,85.13000000000001,85.13000000000001,29,2011-08-17 14:58:00,2011-08-17 14:58:00
15542.0,3,418,855.71,285.2366666666667,223,2009-12-02 11:53:00,2010-07-15 13:32:00
15543.0,2,167,242.26,121.13,54,2010-09-06 11:28:00,2011-02-24 15:26:00
15544.0,20,6745,7807.89,390.3945,531,2010-01-28 14:39:00,2011-11-30 16:43:00
15545.0,2,162,288.97,144.485,80,2010-12-03 17:28:00,2011-10-16 13:24:00
15546.0,2,198,1079.1000000000001,539.5500000000001,12,2010-04-12 11:45:00,2010-04-12 11:51:00
15547.0,26,7278,10057.05,386.80961538461537,1287,2009-12-06 13:40:00,2011-12-02 12:52:00
15548.0,1,64,158.09,158.09,23,2010-04-23 12:20:00,2010-04-23 12:20:00
15549.0,8,936,2334.16,291.77,154,2010-01-11 13:16:00,2011-09-23 16:22:00
15550.0,12,1139,2211.05,184.2541666666667,231,2009-12-03 15:15:00,2011-12-05 15:38:00
15551.0,7,796,1679.81,239.97285714285712,139,2010-06-07 15:05:00,2011-11-03 12:37:00
15552.0,2,166,252.52,126.26,30,2010-03-26 16:17:00,2011-05-06 14:47:00
15553.0,1,449,428.93,428.93,51,2011-10-10 14:02:00,2011-10-10 14:02:00
15554.0,1,74,217.2,217.2,14,2011-03-07 09:00:00,2011-03-07 09:00:00
15555.0,36,8511,11243.91,312.3308333333333,1561,2009-12-06 11:58:00,2011-11-27 16:19:00
15556.0,1,236,279.77,279.77,31,2011-11-15 16:08:00,2011-11-15 16:08:00
15557.0,1,213,468.91,468.91,16,2011-11-11 12:46:00,2011-11-11 12:46:00
15558.0,1,73,202.68,202.68,23,2010-03-10 15:25:00,2010-03-10 15:25:00
15559.0,1,526,1109.4,1109.4,62,2010-05-20 14:06:00,2010-05-20 14:06:00
15560.0,2,72,153.51999999999998,76.75999999999999,10,2010-11-07 10:14:00,2010-11-07 10:15:00
15561.0,8,1334,1934.3899999999999,241.79874999999998,88,2010-02-14 12:22:00,2011-11-28 11:07:00
15562.0,3,560,671.4300000000001,223.81000000000003,32,2009-12-13 15:17:00,2010-12-23 09:55:00
15563.0,7,3005,2859.46,408.4942857142857,255,2010-01-28 11:36:00,2011-11-17 14:50:00
15564.0,2,42,70.74000000000001,35.370000000000005,4,2010-02-01 15:58:00,2010-09-02 15:52:00
15565.0,2,60,173.16000000000003,86.58000000000001,8,2011-09-30 10:44:00,2011-10-20 14:33:00
15566.0,2,153,227.87,113.935,12,2009-12-15 14:53:00,2010-11-12 12:11:00
15567.0,1,223,186.01,186.01,7,2011-11-21 10:48:00,2011-11-21 10:48:00
15568.0,3,461,758.29,252.76333333333332,53,2011-09-27 14:37:00,2011-12-07 11:27:00
15569.0,10,1734,3583.45,358.34499999999997,139,2010-02-28 10:55:00,2011-08-28 10:15:00
15570.0,25,4079,8736.49,349.45959999999997,696,2010-03-28 14:04:00,2011-12-02 14:47:00
15571.0,14,2411,3892.35,278.025,580,2009-12-06 12:10:00,2011-11-28 10:02:00
15572.0,10,2089,3965.2,396.52,335,2010-04-14 14:38:00,2011-12-05 10:09:00
15573.0,5,770,1188.4199999999998,237.68399999999997,201,2009-12-10 14:19:00,2011-11-08 11:38:00
15574.0,6,750,1101.44,183.57333333333335,220,2010-09-01 14:37:00,2011-06-15 12:01:00
15575.0,1,6,30.1,30.1,3,2010-03-30 12:50:00,2010-03-30 12:50:00
15576.0,1,394,921.37,921.37,43,2011-11-02 12:03:00,2011-11-02 12:03:00
15577.0,5,120,396.03,79.20599999999999,59,2009-12-13 16:17:00,2011-07-11 17:03:00
15578.0,1,52,127.1,127.1,13,2011-06-30 13:03:00,2011-06-30 13:03:00
15579.0,5,713,1250.63,250.12600000000003,155,2010-10-03 14:37:00,2011-10-02 12:45:00
15580.0,8,955,1375.39,171.92375,214,2010-02-07 11:21:00,2010-11-28 11:00:00
15581.0,38,3028,7480.4,196.85263157894735,671,2009-12-02 12:19:00,2011-08-11 09:38:00
15582.0,3,453,682.9100000000001,227.63666666666668,44,2011-05-03 13:36:00,2011-11-15 09:55:00
15583.0,1,56,95.96,95.96,37,2010-11-28 15:04:00,2010-11-28 15:04:00
15584.0,6,483,1268.2,211.36666666666667,216,2010-02-07 12:16:00,2011-11-16 10:55:00
15585.0,1,320,455.3,455.3,31,2011-06-16 08:38:00,2011-06-16 08:38:00
15586.0,3,1338,1139.1000000000001,379.70000000000005,38,2010-01-08 10:02:00,2010-04-26 11:00:00
15587.0,7,528,1522.08,217.44,14,2010-08-05 08:44:00,2011-10-20 13:37:00
15588.0,1,96,579.6,579.6,4,2010-01-31 12:19:00,2010-01-31 12:19:00
15589.0,3,243,478.53,159.51,29,2011-02-02 10:46:00,2011-03-29 09:54:00
15590.0,5,832,1496.6,299.32,87,2010-04-12 10:09:00,2010-11-22 14:49:00
15591.0,3,58,217.9,72.63333333333334,7,2010-02-04 09:20:00,2010-05-06 09:23:00
15592.0,1,354,388.58,388.58,24,2011-10-24 08:59:00,2011-10-24 08:59:00
15593.0,1,60,199.8,199.8,5,2011-09-30 11:46:00,2011-09-30 11:46:00
15594.0,5,983,1771.78,354.356,103,2011-04-19 10:08:00,2011-11-24 08:53:00
15595.0,1,144,357.6,357.6,4,2010-08-09 12:27:00,2010-08-09 12:27:00
15596.0,9,1208,2727.72,303.08,155,2010-07-28 11:46:00,2011-08-31 10:55:00
15597.0,2,393,563.37,281.685,37,2010-05-13 13:10:00,2011-11-04 13:26:00
15598.0,2,404,548.02,274.01,36,2010-10-08 09:20:00,2011-10-17 16:04:00
15599.0,3,1098,1250.06,416.68666666666667,83,2010-09-20 10:15:00,2011-11-13 11:44:00
15600.0,4,657,1199.31,299.8275,71,2010-04-25 11:50:00,2010-10-07 14:30:00
15601.0,30,10395,14191.74,473.058,824,2009-12-01 14:53:00,2011-11-28 15:15:00
15602.0,16,2292,3137.96,196.1225,125,2009-12-02 09:35:00,2011-12-01 14:14:00
15603.0,2,128,88.48,44.24,4,2010-03-01 16:02:00,2011-09-22 10:04:00
15604.0,1,159,216.39,216.39,17,2011-10-18 14:47:00,2011-10-18 14:47:00
15605.0,9,641,1741.95,193.55,99,2010-01-14 14:03:00,2011-11-03 14:17:00
15606.0,17,1615,5230.99,307.70529411764704,145,2010-03-02 14:48:00,2011-10-09 15:47:00
15607.0,9,1470,1708.97,189.88555555555556,109,2010-01-08 12:16:00,2011-01-07 12:44:00
15608.0,5,1262,1785.98,357.196,105,2010-10-20 10:10:00,2011-11-11 13:20:00
15609.0,1,148,298.48,298.48,16,2011-06-08 13:00:00,2011-06-08 13:00:00
15610.0,1,66,112.46000000000001,112.46000000000001,6,2011-10-19 10:36:00,2011-10-19 10:36:00
15611.0,26,747,2997.28,115.28,94,2010-01-25 14:50:00,2011-11-30 12:36:00
15612.0,2,52,195.15,97.575,6,2011-10-09 12:49:00,2011-11-03 14:52:00
15613.0,1,700,433.71999999999997,433.71999999999997,27,2010-04-08 12:51:00,2010-04-08 12:51:00
15614.0,4,1632,3147.36,786.84,81,2010-03-23 11:13:00,2010-09-28 10:46:00
15615.0,47,12090,21373.97,454.7653191489362,901,2009-12-02 15:28:00,2011-11-29 14:42:00
15616.0,1,137,317.11,317.11,13,2010-09-27 13:10:00,2010-09-27 13:10:00
15617.0,3,485,828.55,276.18333333333334,42,2010-07-20 13:16:00,2010-11-08 16:07:00
15618.0,4,454,776.851,194.21275,45,2011-07-26 10:13:00,2011-11-07 08:34:00
15619.0,1,136,336.40000000000003,336.40000000000003,3,2011-11-29 08:14:00,2011-11-29 08:14:00
15620.0,4,1249,1942.36,485.59,129,2010-10-26 11:32:00,2011-10-14 12:41:00
15621.0,4,501,1293.03,323.2575,15,2011-11-18 11:49:00,2011-12-05 14:01:00
15622.0,17,4091,7852.61,461.9182352941176,426,2010-03-04 10:29:00,2011-10-27 16:44:00
15623.0,8,1087,2437.05,304.63125,108,2009-12-10 14:46:00,2011-07-21 17:26:00
15624.0,4,357,588.13,147.0325,34,2011-03-28 13:32:00,2011-08-15 11:38:00
15625.0,9,3020,3236.3999999999996,359.59999999999997,171,2010-06-15 15:23:00,2011-08-28 10:21:00
15626.0,3,1138,1067.52,355.84,80,2010-10-14 17:16:00,2011-09-26 10:03:00
15627.0,2,344,566.9000000000001,283.45000000000005,24,2010-07-05 11:56:00,2010-09-08 14:14:00
15628.0,17,3569,5333.08,313.7105882352941,299,2009-12-13 13:39:00,2011-12-05 10:24:00
15629.0,4,1518,2240.9,560.225,77,2010-06-25 11:39:00,2010-09-15 13:46:00
15630.0,3,987,1481.4,493.8,80,2010-03-05 14:30:00,2011-10-25 15:36:00
15631.0,1,525,596.67,596.67,39,2010-03-07 14:52:00,2010-03-07 14:52:00
15632.0,8,2109,3285.31,410.66375,167,2011-03-10 08:29:00,2011-11-24 09:51:00
15633.0,13,2048,4335.96,333.5353846153846,176,2009-12-08 17:51:00,2010-07-18 13:54:00
15634.0,2,227,554.6500000000001,277.32500000000005,34,2010-11-21 15:30:00,2011-11-22 16:28:00
15635.0,1,5,100.35,100.35,2,2010-11-09 08:58:00,2010-11-09 08:58:00
15636.0,4,560,1444.58,361.145,57,2010-05-19 11:37:00,2011-09-11 11:17:00
15637.0,5,651,797.59,159.518,41,2009-12-15 17:54:00,2011-10-18 08:28:00
15638.0,6,1134,2265.2,377.5333333333333,25,2010-04-08 14:37:00,2010-11-26 11:52:00
15639.0,3,849,1065.08,355.02666666666664,68,2010-04-13 13:11:00,2011-07-28 14:30:00
15640.0,29,12140,23494.31,810.1486206896552,745,2009-12-14 16:36:00,2011-12-05 14:35:00
15641.0,12,4422,5345.55,445.46250000000003,311,2009-12-06 15:31:00,2011-08-26 14:04:00
15642.0,1,270,105.78000000000002,105.78000000000002,6,2009-12-10 11:51:00,2009-12-10 11:51:00
15643.0,3,246,664.0,221.33333333333334,33,2011-03-02 14:34:00,2011-06-01 07:38:00
15644.0,4,550,803.54,200.885,226,2011-03-23 15:37:00,2011-06-26 14:54:00
15645.0,3,396,1055.17,351.72333333333336,66,2010-10-10 12:51:00,2011-11-21 11:55:00
15646.0,5,821,784.8100000000001,156.96200000000002,68,2010-10-25 13:06:00,2011-07-05 09:53:00
15647.0,1,124,169.0,169.0,11,2010-10-20 15:09:00,2010-10-20 15:09:00
15648.0,2,218,639.5,319.75,24,2011-03-17 18:59:00,2011-05-19 15:53:00
15649.0,4,365,1660.35,415.0875,11,2010-11-17 16:22:00,2011-01-07 13:34:00
15650.0,2,210,553.88,276.94,36,2010-03-21 11:46:00,2010-07-06 10:41:00
15651.0,5,871,1259.06,251.81199999999998,60,2010-04-22 13:26:00,2011-11-03 08:41:00
15652.0,5,657,1405.94,281.188,102,2010-08-11 16:58:00,2011-09-09 14:22:00
15653.0,2,1200,877.4399999999999,438.71999999999997,6,2011-08-16 09:50:00,2011-09-08 10:49:00
15654.0,2,475,922.53,461.265,21,2011-11-13 15:15:00,2011-11-30 13:08:00
15655.0,1,324,560.67,560.67,34,2011-04-10 15:25:00,2011-04-10 15:25:00
15656.0,4,343,748.5,187.125,47,2011-02-28 15:32:00,2011-10-25 14:56:00
15657.0,1,24,30.0,30.0,1,2011-11-17 12:19:00,2011-11-17 12:19:00
15658.0,8,627,2117.27,264.65875,102,2009-12-03 11:19:00,2011-06-02 15:22:00
15659.0,3,161,532.49,177.49666666666667,21,2010-02-24 13:32:00,2011-10-27 09:23:00
15660.0,15,1783,2603.69,173.57933333333332,151,2010-02-05 16:01:00,2011-11-14 16:58:00
15661.0,8,779,1215.9499999999998,151.99374999999998,44,2010-05-10 07:59:00,2011-01-26 13:56:00
15662.0,2,145,283.73,141.865,12,2009-12-01 13:49:00,2010-02-16 16:47:00
15663.0,1,106,138.14,138.14,9,2011-08-25 15:50:00,2011-08-25 15:50:00
15664.0,4,530,1254.03,313.5075,70,2010-02-28 12:50:00,2011-10-20 10:57:00
15665.0,5,2777,3987.0699999999997,797.414,279,2010-03-14 15:07:00,2011-06-24 14:57:00
15666.0,2,469,632.94,316.47,65,2010-08-01 15:41:00,2010-08-24 16:14:00
15667.0,1,240,301.32,301.32,13,2011-10-31 10:56:00,2011-10-31 10:56:00
15668.0,1,72,76.32000000000001,76.32000000000001,1,2011-05-06 10:39:00,2011-05-06 10:39:00
15669.0,4,342,684.34,171.085,33,2011-03-21 09:13:00,2011-10-30 16:03:00
15670.0,2,132,325.20000000000005,162.60000000000002,19,2010-06-01 15:34:00,2011-02-16 10:50:00
15671.0,7,1699,2657.13,379.59000000000003,78,2011-03-14 09:37:00,2011-11-21 12:43:00
15672.0,1,10,45.300000000000004,45.300000000000004,3,2009-12-14 16:52:00,2009-12-14 16:52:00
15673.0,9,3274,6204.32,689.3688888888888,257,2010-02-22 14:28:00,2011-09-12 16:12:00
15674.0,13,3648,6948.23,534.4792307692308,351,2009-12-08 17:08:00,2011-09-27 15:17:00
15675.0,4,624,542.04,135.51,35,2010-10-31 14:14:00,2011-09-19 13:48:00
15676.0,3,2252,3435.76,1145.2533333333333,202,2011-03-01 10:19:00,2011-11-21 12:40:00
15677.0,3,675,1305.63,435.21000000000004,72,2010-09-02 12:08:00,2011-10-21 15:36:00
15678.0,3,1022,1825.94,608.6466666666666,86,2010-07-05 12:49:00,2011-10-18 09:25:00
15679.0,4,1170,781.28,195.32,110,2011-06-10 08:24:00,2011-11-15 16:19:00
15680.0,10,2743,4028.69,402.869,236,2009-12-02 12:15:00,2011-11-30 13:46:00
15681.0,14,1392,2989.7,213.54999999999998,88,2010-05-24 14:18:00,2011-11-14 16:30:00
15682.0,2,222,318.24,159.12,25,2010-01-21 14:37:00,2010-04-19 15:30:00
15683.0,2,332,524.54,262.27,26,2010-08-23 12:01:00,2011-08-14 12:56:00
15684.0,3,77,173.95,57.98333333333333,11,2009-12-04 16:13:00,2010-06-10 18:51:00
15685.0,1,36,55.980000000000004,55.980000000000004,17,2010-09-15 13:43:00,2010-09-15 13:43:00
15686.0,1,72,90.0,90.0,1,2010-10-15 13:50:00,2010-10-15 13:50:00
15687.0,9,1310,2993.1,332.56666666666666,166,2011-01-13 15:13:00,2011-12-01 08:33:00
15688.0,1,95,190.57,190.57,26,2010-10-17 12:06:00,2010-10-17 12:06:00
15689.0,3,207,521.03,173.67666666666665,24,2010-04-01 09:53:00,2011-08-12 09:37:00
15690.0,2,408,239.76,119.88,19,2011-08-31 11:40:00,2011-12-05 15:59:00
15691.0,4,212,571.3,142.825,14,2009-12-06 16:01:00,2011-04-01 15:13:00
15692.0,1,138,191.04,191.04,12,2011-11-11 14:12:00,2011-11-11 14:12:00
15693.0,1,30,37.5,37.5,1,2010-02-18 14:37:00,2010-02-18 14:37:00
15694.0,24,2467,9978.48,415.77,143,2009-12-07 15:43:00,2011-12-09 09:44:00
15695.0,4,484,1131.04,282.76,59,2010-01-27 10:56:00,2011-03-18 08:32:00
15696.0,13,1386,3881.2200000000003,298.55538461538464,216,2010-01-24 14:36:00,2011-11-06 14:02:00
15697.0,1,127,246.75,246.75,14,2010-01-19 09:10:00,2010-01-19 09:10:00
15698.0,1,60,46.2,46.2,2,2010-03-25 17:38:00,2010-03-25 17:38:00
15699.0,1,113,309.65,309.65,18,2011-11-22 08:26:00,2011-11-22 08:26:00
15700.0,2,357,696.68,348.34,85,2011-06-19 15:36:00,2011-06-20 16:53:00
15701.0,4,912,1529.0,382.25,223,2011-08-21 12:36:00,2011-12-07 14:39:00
15702.0,2,103,140.39000000000001,70.19500000000001,30,2010-01-26 17:23:00,2010-08-20 14:50:00
15703.0,1,66,211.5,211.5,5,2011-03-20 10:51:00,2011-03-20 10:51:00
15704.0,6,1709,3734.66,622.4433333333333,201,2010-05-05 14:51:00,2011-07-22 13:35:00
15705.0,1,62,143.1,143.1,6,2011-05-22 15:37:00,2011-05-22 15:37:00
15706.0,4,321,1060.56,265.14,55,2011-08-15 14:32:00,2011-10-07 10:09:00
15707.0,4,594,916.98,229.245,194,2011-09-14 14:19:00,2011-11-04 14:35:00
15708.0,9,1465,3887.15,431.90555555555557,322,2010-10-10 11:33:00,2011-10-30 10:54:00
15709.0,2,169,327.85,163.925,26,2010-04-29 18:31:00,2011-03-01 10:38:00
15710.0,1,641,898.87,898.87,110,2010-10-18 17:05:00,2010-10-18 17:05:00
15711.0,2,199,420.25,210.125,25,2010-01-24 12:13:00,2010-06-01 12:14:00
15712.0,12,1277,3472.4100000000003,289.3675,166,2009-12-01 11:17:00,2011-11-30 14:09:00
15713.0,4,451,839.6400000000001,209.91000000000003,52,2009-12-16 09:41:00,2011-07-19 13:34:00
15714.0,5,361,783.96,156.792,48,2010-06-02 12:08:00,2011-11-28 11:26:00
15715.0,5,246,658.02,131.60399999999998,38,2010-03-30 12:17:00,2010-06-02 09:56:00
15716.0,11,1379,2485.26,225.9327272727273,272,2009-12-07 12:42:00,2011-07-17 11:59:00
15717.0,5,224,607.0,121.4,24,2010-04-26 10:41:00,2011-04-19 13:21:00
15718.0,1,95,293.79,293.79,18,2010-06-17 16:20:00,2010-06-17 16:20:00
15719.0,31,5356,10195.97,328.9022580645161,1763,2009-12-01 12:47:00,2011-11-07 12:29:00
15720.0,2,327,739.22,369.61,153,2010-06-07 15:40:00,2011-11-15 14:48:00
15721.0,1,388,471.40000000000003,471.40000000000003,80,2011-11-28 12:14:00,2011-11-28 12:14:00
15722.0,11,2279,5234.0,475.8181818181818,175,2010-03-09 15:05:00,2011-11-04 11:43:00
15723.0,4,427,930.7,232.675,121,2010-05-14 12:55:00,2010-12-10 11:12:00
15724.0,3,117,310.85,103.61666666666667,17,2010-11-04 10:22:00,2011-05-22 14:40:00
15725.0,1,221,415.25,415.25,32,2011-11-24 14:51:00,2011-11-24 14:51:00
15726.0,1,123,321.91,321.91,23,2010-11-14 16:12:00,2010-11-14 16:12:00
15727.0,15,5908,9371.710000000001,624.7806666666668,665,2010-01-24 12:12:00,2011-11-23 12:36:00
15728.0,2,132,544.6,272.3,12,2010-09-21 14:46:00,2010-11-25 10:39:00
15729.0,3,47,192.55,64.18333333333334,11,2010-11-01 13:44:00,2011-05-11 12:36:00
15730.0,5,1061,1726.58,345.316,111,2010-10-04 14:15:00,2011-10-05 12:31:00
15731.0,1,122,125.3,125.3,8,2010-06-04 10:10:00,2010-06-04 10:10:00
15732.0,10,1264,1543.97,154.397,99,2010-02-04 10:10:00,2011-05-11 14:24:00
15733.0,1,62,162.3,162.3,10,2011-03-02 09:05:00,2011-03-02 09:05:00
15734.0,4,516,2263.3,565.825,43,2010-06-10 14:25:00,2011-08-17 10:50:00
15735.0,1,206,327.68,327.68,19,2010-10-14 13:38:00,2010-10-14 13:38:00
15736.0,2,1208,1767.12,883.56,99,2010-09-30 14:19:00,2010-09-30 14:20:00
15737.0,8,597,1188.1200000000001,148.51500000000001,71,2011-04-11 10:01:00,2011-11-25 11:21:00
15738.0,41,9030,13043.32,318.12975609756097,481,2009-12-10 15:52:00,2011-11-21 08:26:00
15739.0,1,472,449.12,449.12,8,2011-10-04 13:42:00,2011-10-04 13:42:00
15740.0,1,152,154.88,154.88,9,2011-10-21 14:29:00,2011-10-21 14:29:00
15741.0,2,70,208.62,104.31,12,2010-03-31 11:55:00,2010-09-07 16:21:00
15742.0,1,51,156.87,156.87,41,2010-03-30 15:25:00,2010-03-30 15:25:00
15743.0,4,214,775.96,193.99,84,2011-06-08 10:14:00,2011-11-23 17:19:00
15744.0,1,120,34.8,34.8,3,2011-09-23 09:52:00,2011-09-23 09:52:00
15745.0,4,421,1094.5900000000001,273.64750000000004,62,2011-04-17 13:04:00,2011-11-20 13:45:00
15746.0,1,178,196.88,196.88,28,2011-07-28 15:21:00,2011-07-28 15:21:00
15747.0,9,1344,2499.81,277.75666666666666,210,2010-01-18 11:21:00,2011-11-27 12:26:00
15748.0,3,261,609.8100000000001,203.27,35,2010-09-16 16:52:00,2011-10-30 12:51:00
15749.0,3,18028,44534.3,14844.766666666668,10,2011-01-11 12:55:00,2011-04-18 13:20:00
15750.0,18,4281,6452.991,358.4995,622,2009-12-01 17:19:00,2011-12-07 12:34:00
15751.0,11,443,1380.44,125.49454545454546,130,2009-12-06 13:08:00,2010-09-05 12:44:00
15752.0,9,2792,3924.91,436.1011111111111,577,2010-09-08 11:56:00,2011-10-31 11:37:00
15753.0,1,144,79.2,79.2,1,2011-02-08 12:41:00,2011-02-08 12:41:00
15754.0,9,1762,3037.61,337.51222222222225,131,2010-02-22 13:31:00,2011-10-19 14:40:00
15755.0,17,4034,5993.12,352.53647058823526,371,2009-12-04 08:24:00,2011-11-29 14:57:00
15756.0,4,241,528.01,132.0025,190,2011-04-04 14:00:00,2011-10-09 13:30:00
15757.0,6,1757,2940.36,490.06,193,2010-06-10 13:47:00,2011-10-05 12:14:00
15758.0,1,47,205.25,205.25,9,2011-11-15 10:48:00,2011-11-15 10:48:00
15759.0,7,523,830.9300000000001,118.70428571428572,17,2009-12-02 10:08:00,2011-05-05 15:13:00
15760.0,2,2,13916.34,6958.17,2,2010-03-19 11:35:00,2010-03-19 11:45:00
15761.0,1,31,143.05,143.05,5,2010-09-23 09:33:00,2010-09-23 09:33:00
15762.0,2,251,583.75,291.875,37,2011-09-23 15:17:00,2011-10-05 16:15:00
15763.0,2,271,1086.92,543.46,61,2011-09-23 12:10:00,2011-11-08 09:44:00
15764.0,8,2945,4503.08,562.885,249,2010-08-18 13:58:00,2011-09-12 17:58:00
15765.0,1,335,370.63,370.63,25,2010-02-11 10:25:00,2010-02-11 10:25:00
15766.0,3,334,831.06,277.02,26,2010-01-26 15:55:00,2011-10-06 17:03:00
15768.0,34,4215,15308.89,450.2614705882353,1179,2009-12-03 12:10:00,2011-08-16 10:48:00
15769.0,46,49068,88612.52,1926.3591304347826,223,2009-12-11 09:58:00,2011-12-02 13:52:00
15770.0,1,67,321.45,321.45,18,2010-04-06 11:47:00,2010-04-06 11:47:00
15771.0,3,512,1006.54,335.5133333333333,28,2010-01-15 12:14:00,2010-04-14 13:56:00
15772.0,1,110,280.88,280.88,16,2010-10-17 13:33:00,2010-10-17 13:33:00
15773.0,2,410,774.5200000000001,387.26000000000005,47,2010-10-26 15:27:00,2011-12-04 12:48:00
15774.0,6,465,1288.34,214.72333333333333,109,2010-02-21 12:57:00,2011-10-02 12:04:00
15775.0,2,260,150.5,75.25,9,2010-03-18 07:32:00,2011-04-08 12:56:00
15776.0,1,138,241.62,241.62,18,2011-07-29 13:46:00,2011-07-29 13:46:00
15777.0,7,599,1762.61,251.80142857142854,39,2010-05-20 10:37:00,2011-04-12 16:43:00
15778.0,1,101,307.95,307.95,17,2010-10-04 15:10:00,2010-10-04 15:10:00
15779.0,2,20,124.08,62.04,8,2010-06-25 15:55:00,2010-09-02 16:40:00
15780.0,3,220,475.28000000000003,158.42666666666668,29,2010-12-17 11:43:00,2011-06-09 12:01:00
15781.0,3,180,345.46000000000004,115.15333333333335,20,2011-02-07 09:15:00,2011-11-14 14:57:00
15782.0,4,1844,4014.1,1003.525,61,2010-10-05 15:43:00,2011-11-30 10:49:00
15783.0,1,212,246.3,246.3,14,2011-11-29 09:50:00,2011-11-29 09:50:00
15784.0,2,381,848.3299999999999,424.16499999999996,43,2010-02-05 14:42:00,2010-08-29 10:38:00
15785.0,16,4479,5969.93,373.120625,225,2009-12-15 16:28:00,2011-11-07 11:33:00
15786.0,5,5957,8501.62,1700.324,465,2010-06-21 10:13:00,2011-10-24 14:13:00
15787.0,3,534,933.26,311.08666666666664,193,2011-10-09 13:11:00,2011-11-13 14:55:00
15788.0,1,115,221.82999999999998,221.82999999999998,14,2010-07-19 12:48:00,2010-07-19 12:48:00
15789.0,6,2499,1962.01,327.00166666666667,138,2010-03-26 11:21:00,2010-12-16 14:35:00
15790.0,1,113,218.75,218.75,34,2011-11-29 14:53:00,2011-11-29 14:53:00
15791.0,5,1970,3608.34,721.668,167,2010-03-08 09:41:00,2011-10-27 10:14:00
15792.0,2,606,933.84,466.92,57,2010-03-31 09:42:00,2010-11-05 08:21:00
15793.0,8,1685,2399.57,299.94625,30,2009-12-01 12:54:00,2011-11-25 09:31:00
15794.0,2,288,777.0,388.5,15,2009-12-02 15:10:00,2009-12-03 13:04:00
15795.0,8,1411,1979.87,247.48375,131,2010-01-18 11:31:00,2011-07-13 10:43:00
15796.0,17,1733,5171.63,304.21352941176474,287,2010-03-31 13:10:00,2011-12-08 19:55:00
15797.0,6,1281,2821.08,470.18,12,2010-01-27 13:12:00,2011-08-18 17:04:00
15798.0,3,915,1535.37,511.78999999999996,83,2010-01-27 11:55:00,2010-08-04 09:13:00
15799.0,4,1341,1421.34,355.335,149,2010-10-17 14:26:00,2011-09-25 12:46:00
15800.0,7,575,1227.07,175.29571428571427,228,2010-03-31 13:17:00,2011-08-24 14:23:00
15801.0,3,570,1063.95,354.65000000000003,64,2011-08-22 09:53:00,2011-10-24 13:52:00
15802.0,1,1,451.42,451.42,1,2011-07-20 11:38:00,2011-07-20 11:38:00
15803.0,4,1030,1929.6599999999999,482.41499999999996,51,2010-02-01 16:29:00,2011-10-19 14:56:00
15804.0,13,2565,4206.39,323.5684615384616,262,2011-05-25 10:12:00,2011-12-09 12:31:00
15805.0,30,6205,10148.93,338.29766666666666,529,2009-12-10 12:57:00,2011-11-16 16:32:00
15806.0,3,602,784.58,261.5266666666667,31,2011-03-08 09:24:00,2011-10-24 14:35:00
15807.0,5,1532,1817.52,363.504,88,2010-02-11 15:32:00,2011-10-20 14:10:00
15808.0,21,6753,17180.25,818.1071428571429,759,2009-12-01 16:30:00,2011-02-06 14:33:00
15809.0,7,700,1274.44,182.06285714285715,58,2010-06-22 14:23:00,2011-11-03 16:40:00
15810.0,8,1653,2999.04,374.88,166,2010-02-04 18:18:00,2011-09-22 09:38:00
15811.0,7,1781,3486.15,498.0214285714286,251,2010-11-16 16:46:00,2011-11-17 15:31:00
15812.0,12,3450,5201.47,433.4558333333334,124,2009-12-15 13:40:00,2011-08-24 14:19:00
15813.0,2,603,1303.9099999999999,651.9549999999999,40,2011-04-14 09:09:00,2011-05-16 08:13:00
15814.0,6,1728,2634.44,439.0733333333333,98,2010-04-15 14:31:00,2011-11-23 08:17:00
15815.0,5,1856,2100.6,420.12,49,2011-03-25 08:43:00,2011-10-07 12:42:00
15816.0,2,54,144.14999999999998,72.07499999999999,11,2010-06-15 12:54:00,2010-06-15 13:36:00
15817.0,3,1596,2766.3999999999996,922.1333333333332,152,2010-06-14 13:31:00,2010-10-15 11:07:00
15818.0,1,284,340.5,340.5,11,2010-04-30 12:58:00,2010-04-30 12:58:00
15819.0,10,2928,3934.79,357.7081818181818,260,2010-03-18 11:08:00,2011-10-21 14:50:00
15820.0,1,128,206.98,206.98,17,2011-01-24 12:00:00,2011-01-24 12:00:00
15821.0,2,202,570.96,285.48,62,2011-10-09 13:28:00,2011-10-26 15:48:00
15822.0,6,950,1840.06,306.6766666666667,63,2009-12-06 15:12:00,2011-12-06 14:50:00
15823.0,3,1774,3882.17,1294.0566666666666,155,2009-12-08 15:12:00,2010-12-02 15:08:00
15824.0,2,478,890.94,445.47,26,2010-06-25 15:10:00,2010-09-12 13:20:00
15825.0,1,220,532.94,532.94,20,2011-06-20 13:27:00,2011-06-20 13:27:00
15826.0,4,1824,2598.28,649.57,119,2010-05-20 17:00:00,2011-10-14 16:05:00
15827.0,28,1715,3603.1400000000003,128.68357142857144,217,2010-01-08 11:25:00,2011-09-27 15:35:00
15828.0,1,367,1108.82,1108.82,74,2010-11-29 16:41:00,2010-11-29 16:41:00
15829.0,2,996,636.14,318.07,51,2011-07-22 10:23:00,2011-09-01 16:45:00
15830.0,1,415,576.0,576.0,39,2011-11-02 10:40:00,2011-11-02 10:40:00
15831.0,3,1092,794.64,264.88,65,2011-01-19 14:52:00,2011-10-12 13:14:00
15832.0,1,465,836.79,836.79,54,2011-03-30 15:29:00,2011-03-30 15:29:00
15833.0,1,24,80.4,80.4,5,2009-12-02 11:59:00,2009-12-02 11:59:00
15834.0,7,1815,3764.39,537.77,363,2010-10-11 14:05:00,2011-09-30 14:41:00
15835.0,4,439,954.09,238.5225,50,2011-01-13 10:35:00,2011-10-26 15:47:00
15836.0,1,26,137.37,137.37,10,2011-10-20 17:13:00,2011-10-20 17:13:00
15837.0,2,405,777.01,388.505,52,2010-08-11 10:16:00,2011-10-06 09:01:00
15838.0,34,64114,73205.5,2153.1029411764707,205,2009-12-15 09:51:00,2011-11-28 14:00:00
15839.0,3,675,1048.49,349.49666666666667,62,2011-07-14 16:35:00,2011-11-06 13:54:00
15840.0,2,396,355.56,177.78,27,2011-06-20 11:42:00,2011-10-12 09:08:00
15841.0,9,2391,2742.4100000000003,304.71222222222224,92,2009-12-10 08:29:00,2011-09-28 12:15:00
15842.0,2,296,548.8,274.4,25,2010-06-30 09:06:00,2010-11-11 14:08:00
15843.0,1,27,118.95000000000002,118.95000000000002,8,2011-02-09 10:19:00,2011-02-09 10:19:00
15844.0,1,134,130.73999999999998,130.73999999999998,11,2011-10-24 15:19:00,2011-10-24 15:19:00
15845.0,11,2128,4426.28,402.3890909090909,174,2010-01-26 14:44:00,2011-11-22 09:42:00
15846.0,1,79,107.01,107.01,27,2010-11-19 14:40:00,2010-11-19 14:40:00
15847.0,5,643,822.57,164.514,48,2010-03-08 08:47:00,2011-11-01 14:41:00
15848.0,1,45,137.99,137.99,34,2010-03-28 10:54:00,2010-03-28 10:54:00
15850.0,6,1334,1006.75,167.79166666666666,295,2009-12-13 13:27:00,2011-11-20 14:14:00
15851.0,1,67,109.73,109.73,8,2010-07-01 12:34:00,2010-07-01 12:34:00
15852.0,3,60,257.26,85.75333333333333,33,2010-07-01 10:16:00,2011-06-06 11:22:00
15853.0,1,135,110.8,110.8,29,2011-10-19 10:38:00,2011-10-19 10:38:00
15854.0,21,1691,5578.28,265.6323809523809,256,2009-12-10 12:08:00,2011-12-05 13:39:00
15855.0,6,712,1052.72,175.45333333333335,94,2010-08-20 17:15:00,2011-07-26 10:20:00
15856.0,52,19550,32275.95,620.6913461538462,1088,2009-12-03 14:02:00,2011-12-05 17:09:00
15857.0,2,584,570.48,285.24,24,2010-10-05 16:43:00,2011-11-21 12:18:00
15858.0,13,2715,3552.41,273.2623076923077,431,2009-12-10 11:42:00,2011-11-24 12:48:00
15859.0,1,174,438.46,438.46,22,2010-10-03 12:52:00,2010-10-03 12:52:00
15860.0,17,1259,2361.3,138.9,330,2009-12-06 12:31:00,2011-10-30 11:25:00
15861.0,12,3837,4369.2,336.09230769230766,779,2010-01-28 19:41:00,2011-11-27 15:59:00
15862.0,13,1520,2512.29,193.25307692307692,488,2009-12-17 11:33:00,2011-12-01 13:28:00
15863.0,5,162,355.1,71.02000000000001,77,2009-12-17 10:20:00,2011-11-14 12:49:00
15864.0,7,1486,2180.76,311.5371428571429,23,2010-11-23 15:02:00,2011-11-17 13:32:00
15865.0,5,1141,2241.42,448.284,126,2010-01-05 13:58:00,2011-10-30 12:43:00
15866.0,1,124,211.89,211.89,43,2011-08-30 14:09:00,2011-08-30 14:09:00
15867.0,31,5067,8923.3,287.84838709677416,1019,2009-12-14 15:16:00,2011-12-04 13:32:00
15868.0,1,57,94.53,94.53,4,2010-05-05 14:11:00,2010-05-05 14:11:00
15869.0,3,273,321.11,107.03666666666668,31,2010-03-23 16:50:00,2011-03-07 17:23:00
15870.0,4,504,857.46,214.365,135,2010-09-19 16:22:00,2011-11-07 10:58:00
15871.0,1,5,33.099999999999994,33.099999999999994,5,2010-09-28 14:16:00,2010-09-28 14:16:00
15872.0,4,467,729.25,182.3125,173,2010-06-07 14:53:00,2011-11-25 11:55:00
15873.0,4,1152,313.92,78.48,6,2010-07-27 11:58:00,2010-07-28 12:41:00
15874.0,21,5102,11284.76,537.3695238095238,337,2010-01-07 13:56:00,2011-10-07 12:31:00
15875.0,1,74,108.52,108.52,18,2010-03-03 16:51:00,2010-03-03 16:51:00
15876.0,2,886,1449.1399999999999,724.5699999999999,11,2010-09-17 15:26:00,2010-10-26 18:58:00
15877.0,2,368,490.33000000000004,245.16500000000002,124,2011-11-22 11:18:00,2011-12-08 11:53:00
15878.0,2,243,330.77,165.385,50,2009-12-06 12:28:00,2010-05-27 12:17:00
15879.0,4,639,1137.8,284.45,177,2009-12-17 19:54:00,2010-10-31 16:21:00
15880.0,1,202,329.03000000000003,329.03000000000003,95,2010-12-05 13:00:00,2010-12-05 13:00:00
15881.0,5,260,501.39000000000004,100.278,29,2010-12-10 13:32:00,2011-01-31 16:59:00
15882.0,8,650,1124.66,140.5825,59,2009-12-10 15:33:00,2011-05-25 11:35:00
15883.0,2,223,396.48,198.24,49,2011-11-06 14:50:00,2011-12-07 17:05:00
15884.0,2,152,244.60000000000002,122.30000000000001,14,2009-12-03 18:23:00,2010-10-03 15:55:00
15885.0,15,622,1951.8200000000002,130.12133333333335,115,2010-01-21 12:47:00,2011-09-08 10:43:00
15886.0,4,667,1052.87,263.2175,62,2010-04-20 15:03:00,2011-10-10 14:25:00
15887.0,3,605,1027.15,342.3833333333334,37,2010-06-02 11:53:00,2010-10-29 08:36:00
15888.0,3,139,429.15999999999997,143.0533333333333,38,2010-07-01 11:51:00,2011-09-20 12:30:00
15889.0,8,800,1427.6,178.45,293,2009-12-10 12:21:00,2011-07-06 11:10:00
15890.0,5,119,535.65,107.13,10,2010-04-14 08:43:00,2010-11-10 12:46:00
15891.0,1,418,511.68,511.68,60,2011-04-27 12:35:00,2011-04-27 12:35:00
15892.0,1,46,128.2,128.2,38,2010-02-08 16:23:00,2010-02-08 16:23:00
15893.0,1,288,305.28000000000003,305.28000000000003,1,2010-08-15 11:12:00,2010-08-15 11:12:00
15894.0,2,164,258.25,129.125,35,2010-12-05 14:06:00,2011-03-31 13:50:00
15895.0,1,94,179.17,179.17,11,2011-07-13 10:27:00,2011-07-13 10:27:00
15897.0,2,223,208.59,104.295,21,2011-05-29 13:32:00,2011-05-29 13:50:00
15898.0,25,2160,4996.45,199.858,613,2009-12-11 16:11:00,2011-12-08 15:23:00
15899.0,1,39,56.25,56.25,4,2010-12-06 10:36:00,2010-12-06 10:36:00
15900.0,4,656,886.5699999999999,221.64249999999998,122,2010-05-26 11:27:00,2011-11-16 12:19:00
15901.0,7,695,687.72,98.24571428571429,161,2010-06-14 12:39:00,2011-11-23 12:43:00
15902.0,1,124,145.01,145.01,18,2010-11-24 16:57:00,2010-11-24 16:57:00
15903.0,12,3926,8939.84,744.9866666666667,116,2010-01-14 10:57:00,2011-11-30 08:08:00
15904.0,1,84,164.68,164.68,30,2011-12-01 14:50:00,2011-12-01 14:50:00
15905.0,1,82,114.69,114.69,22,2010-06-14 16:00:00,2010-06-14 16:00:00
15906.0,10,749,2530.19,253.019,199,2010-09-15 12:17:00,2011-11-20 12:24:00
15907.0,3,478,882.72,294.24,202,2011-05-13 13:01:00,2011-12-06 12:21:00
15908.0,2,173,758.62,379.31,37,2010-07-15 19:21:00,2010-08-06 11:56:00
15909.0,1,98,191.94,191.94,7,2011-06-19 10:38:00,2011-06-19 10:38:00
15910.0,15,2158,2661.17,177.41133333333335,587,2010-01-21 11:51:00,2011-12-09 10:51:00
15911.0,8,810,1700.24,212.53,256,2009-12-09 13:26:00,2010-03-26 12:06:00
15912.0,9,759,1074.7,119.41111111111111,93,2009-12-10 12:58:00,2011-06-14 14:29:00
15913.0,1,3,6.300000000000001,6.300000000000001,1,2010-06-23 16:31:00,2010-06-23 16:31:00
15914.0,2,149,205.98999999999998,102.99499999999999,13,2010-11-26 16:09:00,2010-11-26 16:10:00
15915.0,1,414,364.45,364.45,105,2010-11-03 11:13:00,2010-11-03 11:13:00
15916.0,13,1618,3145.24,241.94153846153844,295,2009-12-10 16:21:00,2011-11-23 13:46:00
15917.0,5,248,530.17,106.03399999999999,134,2009-12-02 14:55:00,2011-04-06 10:40:00
15918.0,3,240,582.88,194.29333333333332,60,2010-03-18 11:40:00,2011-06-02 11:42:00
15919.0,2,385,525.69,262.845,110,2010-12-06 11:26:00,2011-11-20 11:28:00
15920.0,9,238,569.14,63.23777777777778,104,2009-12-14 13:09:00,2011-07-08 15:31:00
15921.0,4,335,775.26,193.815,78,2010-03-09 11:03:00,2011-06-20 11:03:00
15922.0,1,138,369.5,369.5,11,2010-12-01 13:51:00,2010-12-01 13:51:00
15923.0,1,122,127.08,127.08,21,2010-12-02 12:16:00,2010-12-02 12:16:00
15924.0,1,103,102.82,102.82,14,2009-12-08 15:00:00,2009-12-08 15:00:00
15925.0,1,93,207.15,207.15,12,2011-05-29 15:35:00,2011-05-29 15:35:00
15926.0,1,155,134.44,134.44,7,2010-06-15 15:23:00,2010-06-15 15:23:00
15927.0,1,66,106.54,106.54,13,2010-03-02 13:25:00,2010-03-02 13:25:00
15928.0,1,164,293.53,293.53,11,2010-02-21 15:16:00,2010-02-21 15:16:00
15929.0,1,120,594.0,594.0,1,2010-03-05 14:56:00,2010-03-05 14:56:00
15930.0,1,139,426.63,426.63,21,2011-10-03 14:52:00,2011-10-03 14:52:00
15931.0,1,118,239.9,239.9,14,2010-10-07 16:46:00,2010-10-07 16:46:00
15932.0,8,2325,2495.87,311.98375,115,2011-02-23 14:50:00,2011-12-05 17:13:00
15933.0,3,885,1107.46,369.15333333333336,74,2011-09-14 12:05:00,2011-11-18 13:14:00
15934.0,2,2166,2190.66,1095.33,29,2010-10-06 12:08:00,2010-10-18 10:13:00
15935.0,2,115,416.86,208.43,12,2011-04-12 09:35:00,2011-04-14 13:27:00
15936.0,2,211,282.79,141.395,19,2010-08-29 11:42:00,2010-11-25 16:39:00
15937.0,1,73,145.35,145.35,7,2011-10-06 15:48:00,2011-10-06 15:48:00
15938.0,9,449,734.81,81.64555555555555,39,2010-06-01 09:42:00,2011-08-19 12:56:00
15939.0,16,6260,9060.39,566.274375,117,2010-11-30 12:07:00,2011-09-11 11:30:00
15940.0,1,4,35.8,35.8,1,2011-02-01 16:18:00,2011-02-01 16:18:00
15941.0,1,60,405.0,405.0,6,2010-03-12 14:45:00,2010-03-12 14:45:00
15942.0,1,232,337.44,337.44,14,2011-07-29 09:01:00,2011-07-29 09:01:00
15943.0,2,183,271.28999999999996,135.64499999999998,12,2010-01-31 11:04:00,2010-02-28 12:49:00
15944.0,4,859,2164.24,541.06,38,2009-12-13 12:57:00,2011-03-08 10:33:00
15945.0,4,345,646.27,161.5675,28,2009-12-01 13:47:00,2010-12-09 13:14:00
15946.0,3,1614,2304.18,768.06,26,2010-03-16 10:49:00,2010-07-25 12:18:00
15947.0,1,898,1708.24,1708.24,29,2011-09-18 10:46:00,2011-09-18 10:46:00
15948.0,3,852,1509.0900000000001,503.03000000000003,95,2010-10-11 12:16:00,2011-12-01 15:32:00
15949.0,2,284,364.72,182.36,19,2011-09-29 17:34:00,2011-11-23 09:09:00
15950.0,10,3354,7120.91,712.091,386,2010-01-26 11:39:00,2011-11-08 11:09:00
15951.0,3,420,1013.17,337.7233333333333,59,2010-11-23 18:20:00,2011-12-01 08:34:00
15952.0,4,391,781.91,195.4775,84,2011-04-28 12:55:00,2011-11-06 11:18:00
15953.0,18,1741,3440.3399999999997,191.13,167,2009-12-03 14:00:00,2011-11-24 15:32:00
15954.0,1,119,190.75,190.75,20,2010-04-29 13:35:00,2010-04-29 13:35:00
15955.0,22,3967,8085.9800000000005,367.54454545454547,342,2010-02-23 16:36:00,2011-11-15 14:15:00
15956.0,2,278,617.5999999999999,308.79999999999995,18,2009-12-13 11:16:00,2010-06-06 13:06:00
15957.0,3,453,921.25,307.0833333333333,135,2010-10-15 12:11:00,2011-11-08 12:14:00
15958.0,4,154,462.12,115.53,59,2010-06-07 10:59:00,2011-09-26 13:41:00
15959.0,3,269,542.8900000000001,180.96333333333337,71,2010-01-26 16:19:00,2010-01-26 16:38:00
15960.0,4,258,410.95000000000005,102.73750000000001,26,2010-09-30 15:50:00,2010-11-30 15:57:00
15961.0,1,154,451.28999999999996,451.28999999999996,42,2010-11-25 15:59:00,2010-11-25 15:59:00
15962.0,1,228,289.48,289.48,43,2010-09-16 13:48:00,2010-09-16 13:48:00
15963.0,2,298,470.76,235.38,28,2011-10-25 13:05:00,2011-11-20 11:33:00
15964.0,1,93,269.21000000000004,269.21000000000004,20,2010-02-14 15:30:00,2010-02-14 15:30:00
15965.0,13,1313,2771.94,213.22615384615386,291,2009-12-03 11:45:00,2011-11-22 16:44:00
15966.0,1,275,426.53000000000003,426.53000000000003,27,2010-09-15 10:44:00,2010-09-15 10:44:00
15967.0,12,1183,2966.0,247.16666666666666,457,2009-12-01 13:29:00,2011-11-16 15:41:00
15968.0,1,247,404.55,404.55,70,2010-11-16 13:04:00,2010-11-16 13:04:00
15969.0,5,223,1127.05,225.41,35,2010-07-05 13:10:00,2011-12-07 11:06:00
15970.0,2,498,1017.32,508.66,24,2010-04-20 11:30:00,2011-02-09 12:08:00
15971.0,18,2251,5902.83,327.935,41,2009-12-08 09:46:00,2011-11-22 12:50:00
15972.0,5,468,1769.33,353.866,133,2010-04-18 14:06:00,2010-09-09 13:20:00
15973.0,3,195,680.6200000000001,226.87333333333336,11,2010-10-06 15:00:00,2010-12-08 11:42:00
15974.0,7,2262,3442.15,491.7357142857143,176,2011-02-24 10:10:00,2011-10-31 13:13:00
15975.0,1,243,371.01,371.01,24,2011-09-16 13:33:00,2011-09-16 13:33:00
15976.0,6,1053,1694.41,282.4016666666667,360,2010-06-06 14:01:00,2011-06-27 13:00:00
15977.0,2,1016,1054.73,527.365,64,2011-10-31 16:24:00,2011-11-22 13:29:00
15978.0,3,2444,3279.42,1093.14,129,2010-03-05 14:39:00,2011-09-23 15:21:00
15979.0,1,450,329.22,329.22,22,2010-04-16 11:35:00,2010-04-16 11:35:00
15980.0,7,4822,6543.679999999999,934.8114285714285,114,2010-06-01 14:40:00,2011-09-12 09:41:00
15981.0,21,4827,9362.77,445.8461904761905,288,2010-03-29 10:07:00,2011-11-15 08:00:00
15982.0,1,131,324.51,324.51,45,2010-04-13 15:47:00,2010-04-13 15:47:00
15983.0,8,1872,3110.37,388.79625,250,2009-12-06 12:52:00,2011-11-17 17:34:00
15984.0,30,5730,8393.02,279.76733333333334,652,2009-12-01 13:38:00,2011-12-07 12:16:00
15985.0,7,2750,2715.28,387.8971428571429,104,2010-05-27 15:51:00,2011-08-08 16:31:00
15986.0,2,368,354.42,177.21,25,2010-11-23 10:02:00,2011-11-09 15:17:00
15987.0,8,1599,1535.99,191.99875,158,2010-11-25 12:56:00,2011-11-27 15:38:00
15988.0,3,476,738.89,246.29666666666665,120,2010-02-21 11:36:00,2011-11-20 13:23:00
15989.0,2,169,368.31,184.155,83,2009-12-02 15:51:00,2010-11-29 12:03:00
15990.0,7,1086,1997.75,285.39285714285717,177,2010-02-28 12:30:00,2011-10-26 15:58:00
15991.0,1,41,150.55,150.55,6,2010-06-23 15:50:00,2010-06-23 15:50:00
15992.0,3,514,896.6,298.8666666666667,54,2010-09-12 11:52:00,2011-12-06 11:00:00
15993.0,7,2037,2777.67,396.81,523,2011-10-26 16:21:00,2011-12-01 10:45:00
15994.0,3,462,1175.68,391.8933333333334,103,2010-03-14 11:55:00,2011-10-16 12:28:00
15995.0,1,352,694.54,694.54,108,2010-10-21 13:57:00,2010-10-21 13:57:00
15996.0,7,643,1386.4,198.05714285714288,171,2010-11-07 15:49:00,2011-09-12 15:14:00
15998.0,16,5350,8274.14,517.13375,1407,2009-12-01 11:45:00,2011-11-03 12:45:00
15999.0,1,24,20.4,20.4,1,2009-12-04 12:31:00,2009-12-04 12:31:00
16000.0,3,5110,12393.7,4131.233333333334,9,2011-12-07 12:14:00,2011-12-07 12:17:00
16001.0,1,337,583.39,583.39,29,2010-11-23 17:10:00,2010-11-23 17:10:00
16002.0,1,70,169.21,169.21,42,2010-03-24 13:08:00,2010-03-24 13:08:00
16003.0,10,2210,5613.83,561.383,203,2009-12-03 18:51:00,2011-11-10 09:57:00
16004.0,5,1076,2146.39,429.27799999999996,90,2010-01-25 13:56:00,2010-08-22 11:48:00
16005.0,10,1269,2365.49,236.54899999999998,476,2010-09-15 13:21:00,2011-11-27 13:47:00
16006.0,2,205,332.82,166.41,75,2010-11-17 12:03:00,2011-05-12 13:12:00
16007.0,7,2631,3053.06,436.15142857142854,645,2010-06-14 13:18:00,2011-10-23 11:05:00
16008.0,15,3237,5339.13,355.942,253,2010-03-19 11:07:00,2011-11-16 10:32:00
16009.0,4,366,972.11,243.0275,79,2011-07-03 11:26:00,2011-11-17 16:51:00
16010.0,11,919,1694.8600000000001,154.07818181818183,276,2010-10-24 10:54:00,2011-04-08 10:14:00
16011.0,29,3323,5601.01,193.13827586206898,416,2009-12-01 12:02:00,2011-12-01 16:31:00
16012.0,5,1760,2978.59,595.7180000000001,233,2010-06-28 11:39:00,2011-11-04 13:25:00
16013.0,84,25520,56078.44,667.6004761904762,212,2009-12-08 10:24:00,2011-12-06 10:36:00
16014.0,5,462,1100.28,220.05599999999998,271,2010-01-31 12:43:00,2011-11-02 12:04:00
16015.0,3,907,704.55,234.85,176,2011-10-21 12:56:00,2011-12-06 10:58:00
16016.0,11,881,2083.4,189.4,283,2010-11-02 13:27:00,2011-12-06 14:35:00
16017.0,5,635,1545.58,309.116,121,2010-01-05 12:06:00,2011-10-23 12:56:00
16018.0,4,503,698.13,174.5325,56,2009-12-07 13:57:00,2011-10-31 14:13:00
16019.0,27,6959,17329.16,618.8985714285715,403,2009-12-14 14:12:00,2011-10-24 11:51:00
16020.0,3,487,851.01,283.67,46,2011-10-05 13:54:00,2011-11-23 11:18:00
16021.0,2,276,487.03,243.515,120,2010-06-13 11:05:00,2010-11-09 14:48:00
16022.0,1,255,602.63,602.63,68,2011-03-24 13:16:00,2011-03-24 13:16:00
16023.0,3,358,719.8100000000001,239.9366666666667,101,2011-03-18 13:32:00,2011-10-24 16:34:00
16024.0,3,504,483.99,161.33,82,2010-10-24 11:40:00,2011-11-27 13:26:00
16025.0,1,338,439.65999999999997,439.65999999999997,28,2011-11-10 11:45:00,2011-11-10 11:45:00
16026.0,1,243,236.09,236.09,30,2011-10-27 13:53:00,2011-10-27 13:53:00
16027.0,15,2099,2048.36,136.55733333333333,35,2010-01-08 13:21:00,2011-09-09 10:47:00
16028.0,1,18,82.2,82.2,5,2010-04-23 11:45:00,2010-04-23 11:45:00
16029.0,107,54450,117763.62,1100.5945794392524,369,2009-12-08 11:23:00,2011-11-01 10:27:00
16030.0,1,283,331.24,331.24,28,2011-02-03 11:28:00,2011-02-03 11:28:00
16031.0,2,421,547.9,273.95,96,2011-04-06 14:23:00,2011-09-08 13:07:00
16032.0,6,1467,1965.72,327.62,204,2010-07-04 13:31:00,2010-09-09 18:00:00
16033.0,27,4200,10608.81,392.9188888888889,1349,2010-08-11 16:44:00,2011-12-04 12:44:00
16034.0,6,585,911.3199999999999,151.88666666666666,55,2010-10-26 13:00:00,2011-05-27 16:17:00
16035.0,1,33,217.73,217.73,21,2010-05-28 15:09:00,2010-05-28 15:09:00
16036.0,4,1369,2556.84,639.21,140,2010-03-29 14:47:00,2011-09-13 14:53:00
16037.0,5,766,1509.3400000000001,301.86800000000005,71,2010-03-01 12:31:00,2011-03-15 09:13:00
16038.0,3,244,471.78,157.26,26,2011-05-22 11:29:00,2011-12-02 12:40:00
16039.0,2,409,456.40000000000003,228.20000000000002,32,2010-03-21 15:17:00,2010-10-12 10:44:00
16040.0,7,1185,2416.9,345.2714285714286,125,2010-04-09 10:12:00,2011-10-05 13:47:00
16041.0,3,1584,3166.4,1055.4666666666667,6,2011-07-21 16:27:00,2011-11-09 12:25:00
16042.0,8,1430,2245.32,280.665,129,2010-09-12 12:00:00,2011-11-17 17:50:00
16043.0,8,1011,1856.5900000000001,232.07375000000002,73,2010-08-15 11:26:00,2011-11-02 12:50:00
16044.0,1,170,340.84000000000003,340.84000000000003,19,2010-09-30 18:12:00,2010-09-30 18:12:00
16045.0,8,2108,3434.9300000000003,429.36625000000004,148,2010-07-29 12:50:00,2011-08-12 12:41:00
16046.0,1,248,235.78,235.78,22,2010-05-26 13:18:00,2010-05-26 13:18:00
16047.0,1,1,107.14,107.14,1,2010-01-26 16:34:00,2010-01-26 16:34:00
16048.0,4,425,818.7900000000001,204.69750000000002,36,2010-06-08 12:36:00,2010-12-01 15:28:00
16049.0,6,1132,1852.15,308.69166666666666,462,2010-07-11 13:53:00,2011-10-30 13:19:00
16050.0,3,388,300.70000000000005,100.23333333333335,21,2010-11-03 15:55:00,2011-06-19 11:44:00
16051.0,1,80,188.44,188.44,12,2010-01-27 09:38:00,2010-01-27 09:38:00
16052.0,1,282,362.06,362.06,34,2011-10-16 15:13:00,2011-10-16 15:13:00
16053.0,6,3067,3634.84,605.8066666666667,193,2010-04-08 11:11:00,2011-11-07 11:21:00
16054.0,4,791,2111.88,527.97,122,2010-04-01 18:37:00,2011-07-17 13:08:00
16055.0,1,22,134.8,134.8,8,2011-05-03 09:26:00,2011-05-03 09:26:00
16056.0,1,345,650.75,650.75,66,2011-10-25 15:19:00,2011-10-25 15:19:00
16057.0,10,1691,3854.85,385.485,218,2010-01-07 17:11:00,2011-11-23 15:23:00
16058.0,1,18,62.7,62.7,2,2010-10-29 16:48:00,2010-10-29 16:48:00
16059.0,12,1431,3053.57,254.46416666666667,385,2010-05-19 13:04:00,2011-10-05 09:56:00
16060.0,3,243,541.95,180.65,24,2010-08-02 15:26:00,2010-11-04 12:10:00
16061.0,1,19,89.65,89.65,3,2010-10-04 15:29:00,2010-10-04 15:29:00
16062.0,8,2035,2863.45,357.93125,185,2010-06-21 13:32:00,2011-11-30 12:15:00
16063.0,1,262,335.32,167.66,23,2011-03-24 14:55:00,2011-03-24 14:56:00
16064.0,1,55,109.31,109.31,17,2009-12-14 16:11:00,2009-12-14 16:11:00
16065.0,8,1207,1992.13,249.01625,341,2010-09-02 13:27:00,2010-12-09 13:03:00
16066.0,5,935,1521.04,304.20799999999997,100,2011-08-07 14:33:00,2011-11-23 11:54:00
16067.0,3,1236,3269.11,1089.7033333333334,66,2010-02-02 18:01:00,2010-05-26 12:33:00
16068.0,1,48,115.73,115.73,34,2010-04-25 11:52:00,2010-04-25 11:52:00
16069.0,1,138,457.7,457.7,25,2010-10-18 10:32:00,2010-10-18 10:32:00
16070.0,2,457,852.1500000000001,426.07500000000005,33,2011-11-07 16:36:00,2011-11-17 15:50:00
16071.0,4,697,1076.8000000000002,269.20000000000005,73,2010-02-22 14:48:00,2011-10-26 11:14:00
16072.0,4,1580,4180.09,1045.0225,504,2010-06-08 16:47:00,2011-02-24 14:32:00
16073.0,1,48,122.39999999999999,122.39999999999999,1,2011-02-15 15:41:00,2011-02-15 15:41:00
16074.0,1,38,252.5,252.5,23,2010-11-14 13:19:00,2010-11-14 13:19:00
16075.0,2,271,736.9300000000001,368.46500000000003,41,2010-05-24 15:57:00,2010-07-25 11:31:00
16076.0,10,1435,2234.73,223.473,128,2011-05-15 12:31:00,2011-12-06 14:59:00
16077.0,1,840,2300.4,2300.4,8,2010-03-24 10:42:00,2010-03-24 10:42:00
16078.0,2,200,362.99,181.495,39,2010-02-08 13:29:00,2011-03-01 09:47:00
16079.0,3,864,1352.0,450.6666666666667,21,2011-10-30 13:06:00,2011-11-23 12:48:00
16080.0,4,298,602.5600000000001,150.64000000000001,30,2010-09-15 14:19:00,2011-09-19 10:42:00
16081.0,8,2177,4278.96,534.87,363,2010-02-03 12:46:00,2011-10-14 13:06:00
16082.0,1,39,106.75,106.75,16,2010-02-07 15:16:00,2010-02-07 15:16:00
16083.0,4,1514,2351.42,470.284,71,2010-11-16 11:53:00,2011-08-31 10:47:00
16084.0,1,216,436.18,436.18,38,2011-02-13 16:05:00,2011-02-13 16:05:00
16085.0,12,1382,2341.03,195.08583333333334,371,2010-01-20 14:03:00,2011-11-16 13:24:00
16086.0,10,1450,2687.73,268.773,129,2009-12-02 13:20:00,2011-10-11 13:09:00
16087.0,5,664,1739.92,347.98400000000004,10,2010-01-19 12:30:00,2010-11-15 16:44:00
16088.0,2,373,1437.4299999999998,718.7149999999999,6,2010-04-27 10:56:00,2010-05-13 10:16:00
16089.0,2,119,263.49,131.745,46,2010-07-18 15:51:00,2010-11-18 13:51:00
16090.0,1,58,180.56,180.56,18,2010-03-25 13:05:00,2010-03-25 13:05:00
16091.0,2,154,315.06,157.53,18,2011-05-25 09:18:00,2011-07-08 08:45:00
16092.0,6,1188,1587.94,264.6566666666667,90,2010-05-09 16:10:00,2011-08-17 10:46:00
16093.0,1,20,17.0,17.0,1,2011-08-25 11:09:00,2011-08-25 11:09:00
16094.0,11,2020,3695.56,335.96,196,2010-04-16 14:00:00,2011-11-28 12:45:00
16095.0,1,265,447.05,447.05,30,2010-09-09 16:54:00,2010-09-09 16:54:00
16096.0,4,700,1584.97,396.2425,66,2010-03-04 15:44:00,2011-03-20 13:38:00
16097.0,1,87,185.04999999999998,185.04999999999998,10,2011-04-13 13:47:00,2011-04-13 13:47:00
16098.0,14,2008,4010.7,267.38,149,2009-12-15 09:40:00,2011-09-13 09:59:00
16099.0,7,960,1573.2,224.74285714285716,69,2010-03-03 11:13:00,2011-10-20 13:13:00
16100.0,1,438,582.64,582.64,37,2010-09-03 11:39:00,2010-09-03 11:39:00
16101.0,4,1844,3229.16,807.29,192,2010-05-27 12:50:00,2011-09-30 10:18:00
16102.0,3,942,1842.14,614.0466666666667,57,2011-08-03 12:50:00,2011-10-28 13:19:00
16103.0,22,2639,6191.71,281.44136363636363,200,2010-01-08 12:08:00,2011-12-02 14:16:00
16104.0,9,1047,2774.46,308.2733333333333,231,2009-12-06 10:41:00,2011-10-09 10:23:00
16105.0,5,2125,2386.19,477.238,110,2010-04-14 13:27:00,2011-04-05 10:13:00
16106.0,1,74,108.38,108.38,6,2011-10-05 10:37:00,2011-10-05 10:37:00
16107.0,7,1176,3204.1600000000003,457.7371428571429,31,2011-06-09 18:42:00,2011-11-22 09:40:00
16108.0,4,1473,2235.92,558.98,135,2010-03-18 14:14:00,2011-09-16 11:48:00
16109.0,3,1092,939.48,313.16,31,2010-01-10 10:37:00,2011-05-05 09:17:00
16110.0,4,880,1781.59,445.3975,418,2010-07-05 13:04:00,2011-10-25 14:35:00
16111.0,1,233,549.33,549.33,72,2010-10-07 19:51:00,2010-10-07 19:51:00
16112.0,4,574,195.74,48.935,16,2011-01-05 11:47:00,2011-07-19 14:28:00
16113.0,1,176,161.38,161.38,30,2011-06-09 16:16:00,2011-06-09 16:16:00
16114.0,1,43,135.75000000000003,135.75000000000003,8,2011-06-22 10:13:00,2011-06-22 10:13:00
16115.0,12,1589,2553.8,212.8166666666667,412,2010-05-14 11:59:00,2011-11-30 11:32:00
16116.0,1,248,612.78,612.78,34,2011-05-12 12:01:00,2011-05-12 12:01:00
16117.0,3,321,654.4,218.13333333333333,89,2010-04-27 11:50:00,2011-06-03 11:42:00
16118.0,1,2851,4376.25,4376.25,41,2010-02-25 09:40:00,2010-02-25 09:40:00
16119.0,8,811,1720.8100000000002,215.10125000000002,54,2009-12-16 11:56:00,2011-12-01 15:11:00
16120.0,6,2161,2967.51,494.58500000000004,89,2010-10-13 15:07:00,2011-10-11 14:22:00
16121.0,5,879,1450.04,290.008,311,2010-05-23 10:52:00,2011-10-13 12:59:00
16122.0,6,1280,895.6200000000001,149.27,54,2010-10-10 15:26:00,2011-09-27 15:34:00
16123.0,1,170,307.78,307.78,16,2011-10-19 09:18:00,2011-10-19 09:18:00
16124.0,4,797,1772.49,443.1225,82,2009-12-07 10:33:00,2011-01-26 14:45:00
16125.0,14,1819,4292.35,306.5964285714286,283,2009-12-14 15:38:00,2010-12-07 15:48:00
16126.0,15,6140,14644.6,976.3066666666667,377,2009-12-02 13:34:00,2011-11-10 16:03:00
16127.0,2,391,801.31,400.655,75,2009-12-13 12:19:00,2011-10-31 13:58:00
16128.0,11,2445,3801.05,345.55,182,2010-07-16 16:30:00,2011-11-22 11:14:00
16129.0,3,1261,1396.05,465.34999999999997,96,2010-07-20 12:32:00,2010-10-28 14:29:00
16130.0,4,296,987.48,246.87,55,2010-04-01 13:58:00,2010-10-13 15:14:00
16131.0,12,4768,9957.42,829.785,219,2009-12-02 10:09:00,2011-10-19 11:53:00
16132.0,2,280,664.2,332.1,17,2010-03-22 10:25:00,2010-06-13 13:49:00
16133.0,56,13653,22992.260000000002,410.5760714285715,544,2010-03-31 12:21:00,2011-12-06 11:24:00
16134.0,5,1637,2145.34,429.06800000000004,116,2010-06-17 09:48:00,2011-11-18 10:05:00
16135.0,2,395,819.4499999999999,409.72499999999997,39,2010-05-05 09:35:00,2011-03-22 12:30:00
16136.0,4,674,946.8,236.7,46,2010-02-14 12:49:00,2011-10-11 09:10:00
16137.0,1,210,422.7,422.7,28,2010-01-28 15:04:00,2010-01-28 15:04:00
16138.0,3,774,910.3500000000001,303.45000000000005,37,2010-04-28 09:51:00,2010-11-26 12:13:00
16139.0,5,602,1111.15,222.23000000000002,57,2009-12-03 13:51:00,2011-11-21 08:37:00
16140.0,3,1272,1433.46,477.82,64,2010-09-24 12:03:00,2011-10-05 12:15:00
16141.0,2,410,955.94,477.97,50,2010-10-18 14:12:00,2011-09-12 13:11:00
16142.0,1,422,535.34,535.34,37,2011-04-04 10:16:00,2011-04-04 10:16:00
16143.0,12,1866,4555.08,379.59,223,2009-12-10 09:44:00,2011-12-06 14:13:00
16144.0,1,16,175.2,175.2,1,2011-04-07 10:09:00,2011-04-07 10:09:00
16145.0,19,5270,6805.4400000000005,358.18105263157895,396,2010-05-04 13:31:00,2011-12-01 10:33:00
16146.0,4,544,946.38,236.595,41,2010-09-17 10:46:00,2011-07-05 14:20:00
16147.0,5,1395,2398.91,479.782,136,2010-02-05 12:26:00,2011-07-29 09:57:00
16148.0,2,250,386.62,193.31,9,2010-09-29 10:12:00,2011-02-16 14:01:00
16149.0,3,598,422.22,140.74,30,2010-10-06 15:54:00,2011-12-05 11:29:00
16150.0,10,1990,4002.17,363.83363636363634,216,2009-12-17 15:33:00,2011-10-28 12:39:00
16152.0,1,642,1829.04,1829.04,29,2011-03-16 09:47:00,2011-03-16 09:47:00
16153.0,11,3693,5133.49,466.6809090909091,226,2010-05-26 12:41:00,2011-10-21 10:50:00
16155.0,5,495,796.9,159.38,48,2010-06-18 11:23:00,2010-11-23 12:03:00
16156.0,20,3205,6188.18,309.409,260,2009-12-02 17:06:00,2011-12-01 12:42:00
16157.0,3,347,656.69,218.89666666666668,18,2011-09-28 11:48:00,2011-11-24 11:41:00
16158.0,9,182,628.32,69.81333333333333,35,2009-12-05 15:00:00,2010-07-05 13:55:00
16159.0,4,635,1232.79,308.1975,52,2009-12-03 11:51:00,2011-03-03 12:27:00
16160.0,2,1162,1025.44,512.72,20,2011-09-15 10:53:00,2011-10-05 14:19:00
16161.0,43,6255,12580.06,292.5595348837209,1120,2010-02-08 11:06:00,2011-12-08 12:10:00
16162.0,1,4,37.4,37.4,2,2011-04-01 15:03:00,2011-04-01 15:03:00
16163.0,6,676,2407.98,401.33,68,2009-12-02 10:00:00,2011-04-21 15:15:00
16164.0,3,433,822.48,274.16,33,2011-10-28 09:12:00,2011-11-22 15:04:00
16165.0,1,2,79.9,79.9,1,2010-07-22 14:17:00,2010-07-22 14:17:00
16166.0,2,173,435.83000000000004,217.91500000000002,22,2010-01-17 14:16:00,2010-10-07 15:44:00
16167.0,5,1494,1386.1200000000001,277.22400000000005,63,2009-12-01 10:46:00,2010-10-21 15:33:00
16168.0,66,4975,10360.67,156.97984848484847,306,2009-12-03 12:38:00,2011-11-29 12:45:00
16169.0,4,1325,1822.97,455.7425,85,2011-09-25 11:33:00,2011-12-01 15:28:00
16170.0,20,6056,6869.0,343.45,440,2010-02-18 13:50:00,2011-10-20 08:21:00
16171.0,1,24,73.2,73.2,3,2011-10-11 14:51:00,2011-10-11 14:51:00
16172.0,8,1419,1884.55,235.56875,113,2010-07-14 15:34:00,2011-09-05 13:22:00
16173.0,6,575,1418.3200000000002,236.38666666666668,84,2011-09-02 15:23:00,2011-11-24 10:53:00
16174.0,7,1431,2246.75,320.9642857142857,65,2010-04-15 15:12:00,2011-08-05 13:26:00
16175.0,7,932,1836.4399999999998,262.3485714285714,98,2010-05-25 12:01:00,2011-09-06 14:32:00
16176.0,4,952,2052.69,513.1725,72,2010-03-29 14:52:00,2010-10-14 13:54:00
16177.0,8,1021,2247.31,280.91375,118,2010-03-02 14:03:00,2011-10-20 12:57:00
16178.0,2,304,612.6,306.3,25,2010-11-03 14:46:00,2011-07-24 16:05:00
16179.0,1,99,215.83,215.83,11,2011-10-10 09:41:00,2011-10-10 09:41:00
16180.0,13,9813,16249.87,1249.99,327,2010-06-23 13:19:00,2011-08-31 16:28:00
16181.0,1,152,305.54,305.54,11,2011-09-27 13:38:00,2011-09-27 13:38:00
16182.0,9,5887,9971.65,1107.961111111111,51,2010-03-09 09:34:00,2011-09-28 13:23:00
16183.0,4,351,1077.81,269.4525,41,2010-10-28 14:43:00,2011-10-03 14:59:00
16184.0,6,561,1158.79,193.13166666666666,45,2011-05-12 13:33:00,2011-10-06 17:43:00
16185.0,3,321,644.72,214.90666666666667,40,2010-05-24 11:04:00,2011-11-23 09:41:00
16186.0,26,6594,8718.43,335.3242307692308,505,2009-12-09 15:36:00,2011-11-17 12:43:00
16187.0,15,5048,6911.4400000000005,460.7626666666667,295,2011-02-28 13:34:00,2011-11-08 09:50:00
16188.0,5,838,1087.66,217.532,74,2010-10-27 11:50:00,2011-10-26 12:19:00
16189.0,2,134,215.48,107.74,11,2011-09-15 15:21:00,2011-11-24 11:47:00
16190.0,8,1231,2723.55,340.44375,119,2009-12-14 11:59:00,2011-10-30 15:59:00
16191.0,24,9348,15677.82,653.2425,231,2009-12-11 12:24:00,2011-12-07 11:26:00
16192.0,1,208,351.3,351.3,11,2009-12-04 12:28:00,2009-12-04 12:28:00
16193.0,2,379,630.4300000000001,315.21500000000003,38,2010-10-25 10:25:00,2011-04-17 11:45:00
16194.0,1,140,308.59999999999997,308.59999999999997,8,2010-11-29 13:28:00,2010-11-29 13:28:00
16195.0,1,123,323.25,323.25,16,2009-12-16 14:09:00,2009-12-16 14:09:00
16196.0,1,26,93.3,93.3,4,2010-08-08 11:40:00,2010-08-08 11:40:00
16197.0,9,1420,2016.71,224.07888888888888,93,2009-12-16 11:44:00,2010-08-27 12:56:00
16198.0,2,384,1030.0410000000002,515.0205000000001,33,2010-09-28 13:59:00,2011-09-25 14:58:00
16199.0,7,321,942.75,134.67857142857142,10,2010-03-18 18:47:00,2010-11-12 12:55:00
16200.0,12,3068,5608.1,467.3416666666667,583,2009-12-02 15:04:00,2011-12-05 14:40:00
16201.0,5,1421,2112.12,422.424,124,2010-10-20 12:00:00,2011-12-06 16:02:00
16202.0,9,1307,2501.99,277.99888888888887,124,2009-12-02 10:48:00,2010-12-14 10:43:00
16203.0,6,537,943.8399999999999,157.30666666666664,66,2010-07-23 13:09:00,2011-10-12 12:31:00
16204.0,3,671,918.71,306.2366666666667,96,2009-12-08 17:44:00,2011-11-16 13:40:00
16205.0,7,1452,1820.1100000000001,260.0157142857143,191,2010-06-15 11:58:00,2011-11-09 09:32:00
16206.0,13,1379,2589.87,199.22076923076924,238,2010-01-24 15:25:00,2011-10-16 10:41:00
16207.0,1,140,394.38,394.38,19,2011-11-14 13:51:00,2011-11-14 13:51:00
16208.0,10,1541,3440.45,344.04499999999996,250,2010-02-24 14:24:00,2011-10-26 11:36:00
16209.0,9,1895,4146.78,460.75333333333333,67,2010-06-11 11:58:00,2011-09-12 11:58:00
16210.0,35,12397,33750.97,964.3134285714286,256,2009-12-02 12:54:00,2011-12-08 12:36:00
16211.0,3,519,1090.59,363.53,36,2010-09-27 15:24:00,2011-09-12 12:11:00
16212.0,4,571,1293.71,323.4275,78,2010-02-07 15:26:00,2011-11-20 13:00:00
16213.0,1,48,159.0,159.0,6,2011-09-22 10:03:00,2011-09-22 10:03:00
16214.0,4,1308,2038.25,509.5625,98,2010-09-30 13:57:00,2011-06-22 11:30:00
16215.0,1,104,242.35,242.35,14,2011-09-20 10:18:00,2011-09-20 10:18:00
16216.0,1,254,914.9300000000001,914.9300000000001,37,2011-03-17 15:34:00,2011-03-17 15:34:00
16217.0,2,91,304.25,152.125,15,2011-03-02 15:28:00,2011-04-18 13:31:00
16218.0,13,2799,3968.67,305.2823076923077,136,2010-05-27 16:09:00,2011-11-10 09:59:00
16219.0,1,48,40.8,40.8,1,2010-07-27 11:44:00,2010-07-27 11:44:00
16221.0,9,1449,2019.92,224.43555555555557,232,2010-08-10 13:32:00,2011-11-03 11:43:00
16222.0,2,463,1272.0500000000002,636.0250000000001,143,2009-12-18 14:31:00,2011-01-25 13:38:00
16223.0,2,643,1087.0500000000002,543.5250000000001,122,2010-11-09 12:07:00,2010-11-30 11:50:00
16224.0,5,1555,1616.54,323.308,116,2010-11-17 13:14:00,2011-10-13 17:51:00
16225.0,15,1281,2859.31,190.62066666666666,296,2010-02-07 12:41:00,2011-10-26 08:30:00
16226.0,5,521,672.1700000000001,134.43400000000003,31,2010-10-22 11:19:00,2011-05-20 14:41:00
16227.0,3,436,1027.22,342.4066666666667,34,2010-06-22 13:28:00,2011-04-28 13:33:00
16228.0,3,555,885.71,295.2366666666667,53,2010-11-04 18:54:00,2010-11-19 14:20:00
16229.0,6,1292,2867.8599999999997,477.97666666666663,176,2010-05-24 12:59:00,2011-09-13 17:16:00
16230.0,2,365,542.03,271.015,35,2011-05-03 15:12:00,2011-06-03 10:06:00
16231.0,4,563,1074.47,268.6175,97,2010-04-21 12:06:00,2010-11-25 15:00:00
16232.0,7,1849,2712.97,387.5671428571428,105,2010-06-07 14:04:00,2011-10-27 12:16:00
16233.0,9,677,1818.31,202.03444444444443,73,2009-12-02 13:23:00,2011-09-29 17:27:00
16234.0,3,170,333.18,111.06,15,2010-05-27 10:39:00,2010-08-20 14:33:00
16235.0,9,788,2053.71,228.19,115,2010-08-26 12:10:00,2011-10-30 10:56:00
16236.0,1,184,432.2,432.2,20,2011-09-22 14:10:00,2011-09-22 14:10:00
16237.0,1,57,136.65,136.65,7,2010-09-28 17:02:00,2010-09-28 17:02:00
16238.0,1,85,63.66,63.66,6,2010-10-13 12:36:00,2010-10-13 12:36:00
16239.0,6,692,1492.2,248.70000000000002,35,2010-09-02 19:17:00,2011-10-14 08:29:00
16240.0,2,1641,3718.8,1859.4,135,2011-09-23 13:44:00,2011-11-15 14:30:00
16241.0,16,2258,3992.86,249.55375,950,2010-10-25 13:40:00,2011-11-30 11:08:00
16242.0,14,3921,7404.650000000001,528.9035714285715,651,2010-03-15 16:02:00,2011-12-01 15:12:00
16243.0,2,110,409.1,204.55,51,2011-10-16 12:09:00,2011-11-06 12:32:00
16244.0,2,855,1522.75,761.375,91,2010-12-02 11:41:00,2011-05-12 10:18:00
16245.0,3,1014,1413.66,471.22,90,2011-03-28 09:30:00,2011-11-16 10:14:00
16246.0,2,336,821.35,410.675,84,2010-02-08 12:32:00,2010-09-06 12:04:00
16247.0,1,182,114.56,114.56,16,2011-06-22 14:23:00,2011-06-22 14:23:00
16248.0,1,78,152.94,152.94,7,2011-10-09 11:32:00,2011-10-09 11:32:00
16249.0,5,950,1800.0700000000002,360.014,69,2011-04-14 13:50:00,2011-10-18 10:07:00
16250.0,3,268,565.24,188.41333333333333,35,2010-11-18 10:43:00,2011-03-23 15:07:00
16251.0,1,44,128.31,128.31,20,2010-07-15 14:55:00,2010-07-15 14:55:00
16252.0,1,158,295.09000000000003,295.09000000000003,21,2010-11-22 11:57:00,2010-11-22 11:57:00
16253.0,7,6030,7272.2,1038.8857142857144,288,2009-12-08 17:24:00,2011-10-04 09:09:00
16254.0,3,543,967.44,322.48,74,2010-03-17 15:43:00,2010-11-26 13:22:00
16255.0,15,2876,4530.0,302.0,504,2010-01-24 12:21:00,2011-11-23 12:40:00
16256.0,3,1590,1629.3700000000001,543.1233333333333,29,2010-04-21 10:34:00,2011-03-18 12:18:00
16257.0,1,2,46.95,46.95,2,2011-06-16 10:11:00,2011-06-16 10:11:00
16258.0,15,7200,11942.52,796.168,344,2010-03-10 14:19:00,2011-10-25 13:30:00
16259.0,3,143,340.94,113.64666666666666,80,2010-04-13 16:57:00,2010-10-25 14:27:00
16260.0,1,311,1035.45,1035.45,18,2011-10-20 09:40:00,2011-10-20 09:40:00
16261.0,6,454,1041.16,173.52666666666667,159,2010-09-23 16:40:00,2011-11-22 17:23:00
16262.0,1,446,755.15,755.15,46,2010-11-26 13:22:00,2010-11-26 13:22:00
16263.0,1,197,348.16,348.16,19,2010-10-12 14:52:00,2010-10-12 14:52:00
16264.0,2,616,823.53,411.765,63,2010-09-19 16:14:00,2010-09-27 15:00:00
16265.0,12,3214,6935.17,577.9308333333333,337,2010-10-28 15:18:00,2011-11-30 16:41:00
16266.0,14,791,1757.95,125.56785714285715,108,2010-02-04 16:21:00,2011-09-27 12:08:00
16267.0,1,198,186.66,186.66,7,2010-04-27 14:10:00,2010-04-27 14:10:00
16268.0,2,533,667.65,333.825,45,2011-09-29 18:30:00,2011-09-29 18:30:00
16269.0,1,579,717.57,717.57,53,2010-09-28 11:50:00,2010-09-28 11:50:00
16270.0,1,688,1141.24,1141.24,54,2010-12-21 14:26:00,2010-12-21 14:26:00
16271.0,10,2359,3397.82,308.8927272727273,286,2010-03-07 12:03:00,2011-12-07 12:45:00
16272.0,1,224,411.70000000000005,205.85000000000002,25,2011-08-15 10:53:00,2011-08-15 10:54:00
16273.0,2,40,318.34000000000003,159.17000000000002,15,2010-02-21 16:02:00,2010-03-01 13:24:00
16274.0,1,153,351.75,351.75,64,2010-12-01 15:35:00,2010-12-01 15:35:00
16275.0,3,1268,2151.11,537.7775,111,2010-03-08 14:41:00,2011-05-27 12:41:00
16276.0,3,1467,2629.3900000000003,876.4633333333335,26,2010-04-11 12:02:00,2011-06-16 09:34:00
16277.0,1,33,188.69,188.69,23,2009-12-06 11:27:00,2009-12-06 11:27:00
16278.0,3,342,1117.84,372.6133333333333,55,2010-07-28 15:40:00,2011-08-31 17:12:00
16279.0,9,3683,5698.280000000001,633.1422222222222,347,2010-04-22 14:09:00,2011-11-18 15:00:00
16280.0,1,101,238.05,238.05,16,2009-12-14 15:49:00,2009-12-14 15:49:00
16281.0,3,1570,3424.02,1141.34,39,2010-01-26 13:41:00,2011-09-28 14:57:00
16282.0,3,790,1307.58,435.85999999999996,33,2009-12-21 11:52:00,2011-01-04 11:42:00
16283.0,8,2867,4350.32,543.79,562,2010-02-28 14:12:00,2011-12-04 12:08:00
16284.0,3,674,1018.48,339.49333333333334,127,2010-11-11 13:27:00,2011-11-08 16:12:00
16285.0,1,60,176.9,176.9,31,2010-03-03 16:03:00,2010-03-03 16:03:00
16286.0,2,101,328.95,164.475,17,2010-03-26 09:58:00,2010-08-19 14:48:00
16287.0,5,1426,1006.98,201.39600000000002,42,2010-01-19 09:46:00,2011-06-23 09:08:00
16288.0,1,19,129.85,129.85,7,2010-08-26 14:45:00,2010-08-26 14:45:00
16289.0,1,97,136.31,136.31,21,2010-09-03 14:02:00,2010-09-03 14:02:00
16290.0,4,957,1957.7,489.425,122,2010-05-23 11:46:00,2010-09-01 11:52:00
16291.0,1,1,117.72,117.72,1,2010-01-26 16:26:00,2010-01-26 16:26:00
16292.0,5,688,1253.76,250.752,62,2010-04-14 13:29:00,2011-08-10 12:24:00
16293.0,15,1833,4279.200000000001,285.28000000000003,225,2009-12-11 09:58:00,2011-11-18 09:58:00
16294.0,1,54,126.05000000000001,126.05000000000001,8,2010-08-20 12:01:00,2010-08-20 12:01:00
16295.0,4,841,1328.55,332.1375,79,2011-10-06 10:45:00,2011-11-30 08:17:00
16296.0,4,645,1313.67,328.4175,74,2009-12-18 12:03:00,2010-03-23 13:11:00
16297.0,1,206,301.9,301.9,20,2011-03-16 08:29:00,2011-03-16 08:29:00
16298.0,7,308,1085.7,155.1,47,2010-09-23 15:23:00,2011-11-17 11:59:00
16299.0,1,107,193.65,193.65,12,2010-08-19 17:46:00,2010-08-19 17:46:00
16300.0,3,643,1367.3200000000002,455.77333333333337,231,2010-02-02 11:40:00,2010-10-05 13:14:00
16301.0,1,41,107.33,107.33,6,2009-12-03 10:20:00,2009-12-03 10:20:00
16302.0,1,158,233.22,233.22,11,2011-08-05 09:44:00,2011-08-05 09:44:00
16303.0,7,3859,7928.27,1132.6100000000001,286,2010-03-18 14:12:00,2011-11-14 10:49:00
16304.0,1,228,381.66,381.66,25,2010-01-14 08:30:00,2010-01-14 08:30:00
16305.0,1,256,361.21999999999997,361.21999999999997,22,2011-07-24 12:18:00,2011-07-24 12:18:00
16306.0,7,712,1124.72,160.67428571428573,67,2010-10-01 09:36:00,2011-05-10 12:12:00
16307.0,3,1123,1194.92,398.3066666666667,75,2010-05-11 14:40:00,2010-10-06 14:31:00
16308.0,7,16000,5120.0,731.4285714285714,7,2009-12-15 15:48:00,2011-11-02 11:24:00
16309.0,2,467,706.5699999999999,353.28499999999997,42,2011-04-13 11:46:00,2011-08-25 15:35:00
16310.0,2,270,460.08,230.04,28,2010-03-07 15:41:00,2010-10-21 14:47:00
16311.0,2,394,616.26,308.13,37,2011-10-21 13:13:00,2011-11-22 08:54:00
16312.0,1,53,171.15,171.15,10,2010-10-03 14:15:00,2010-10-03 14:15:00
16313.0,2,165,274.15,137.075,16,2011-10-21 09:04:00,2011-12-06 13:02:00
16314.0,3,636,1491.4,497.1333333333334,62,2010-08-24 11:52:00,2010-11-15 12:06:00
16315.0,2,143,402.71000000000004,201.35500000000002,23,2010-06-21 13:53:00,2011-01-13 11:57:00
16316.0,13,3057,5744.91,441.91615384615386,297,2010-08-03 14:38:00,2011-10-06 13:48:00
16317.0,5,1236,2192.51,438.50200000000007,117,2010-05-04 10:17:00,2011-08-12 12:46:00
16318.0,1,199,328.15,328.15,19,2011-11-04 13:05:00,2011-11-04 13:05:00
16319.0,1,72,404.40000000000003,404.40000000000003,3,2011-05-06 11:27:00,2011-05-06 11:27:00
16320.0,6,3319,5628.99,938.165,241,2010-01-27 13:29:00,2011-06-20 15:25:00
16321.0,7,259,604.5500000000001,86.36428571428573,23,2009-12-01 10:36:00,2011-09-28 14:55:00
16322.0,2,231,326.75,163.375,35,2011-11-03 14:33:00,2011-12-08 15:41:00
16323.0,2,146,353.66,176.83,4,2010-05-11 09:48:00,2011-05-27 14:48:00
16324.0,3,270,408.59000000000003,136.1966666666667,108,2011-06-15 14:26:00,2011-08-03 12:58:00
16325.0,12,2464,3597.5,299.7916666666667,138,2009-12-04 13:21:00,2011-10-24 08:48:00
16326.0,24,1083,4721.25,196.71875,455,2010-01-28 13:23:00,2011-12-04 10:11:00
16327.0,16,8124,10159.64,634.9775,872,2009-12-14 13:06:00,2011-11-25 13:23:00
16328.0,1,141,310.83,310.83,16,2010-05-25 14:02:00,2010-05-25 14:02:00
16329.0,4,797,1664.92,416.23,98,2009-12-01 11:34:00,2010-10-08 12:44:00
16330.0,7,326,625.38,89.34,114,2010-02-15 12:36:00,2011-11-22 12:24:00
16331.0,6,756,2037.7,339.6166666666667,34,2010-03-07 10:55:00,2010-10-03 13:47:00
16332.0,11,1128,2000.01,181.8190909090909,194,2010-04-29 13:41:00,2011-11-11 14:22:00
16333.0,22,32184,26626.8,1210.3090909090909,45,2011-02-03 10:50:00,2011-12-02 12:19:00
16334.0,1,206,263.73,263.73,54,2010-08-04 16:38:00,2010-08-04 16:38:00
16335.0,7,1004,2753.52,344.19,355,2009-12-04 10:18:00,2010-06-06 11:35:00
16336.0,4,1473,3517.6899999999996,879.4224999999999,68,2010-03-18 08:05:00,2010-10-15 12:32:00
16337.0,1,87,151.05,151.05,10,2011-11-03 10:03:00,2011-11-03 10:03:00
16338.0,1,94,214.79999999999998,214.79999999999998,11,2011-07-05 13:56:00,2011-07-05 13:56:00
16339.0,1,21,94.05,94.05,17,2011-02-28 13:41:00,2011-02-28 13:41:00
16340.0,3,1319,1496.2399999999998,498.7466666666666,306,2010-06-06 13:26:00,2011-08-24 14:53:00
16341.0,7,3022,3850.79,550.1128571428571,158,2010-04-09 10:30:00,2011-11-15 09:12:00
16342.0,4,157,322.40999999999997,80.60249999999999,15,2011-06-13 10:10:00,2011-09-25 14:36:00
16343.0,3,345,614.12,204.70666666666668,67,2010-10-28 14:15:00,2011-11-23 17:45:00
16344.0,4,706,842.42,210.605,45,2010-02-09 12:16:00,2011-07-04 15:50:00
16345.0,2,611,1178.79,589.395,103,2010-08-13 17:13:00,2011-10-26 16:03:00
16346.0,1,289,224.51,224.51,15,2010-11-19 15:55:00,2010-11-19 15:55:00
16347.0,11,1715,3442.96,312.99636363636364,328,2010-03-12 12:41:00,2011-11-28 13:14:00
16348.0,8,1164,1744.4199999999998,218.05249999999998,239,2010-10-05 13:57:00,2011-11-07 15:44:00
16349.0,1,9,53.5,53.5,9,2011-02-22 12:40:00,2011-02-22 12:40:00
16350.0,9,1077,2253.89,250.4322222222222,122,2010-10-07 16:33:00,2011-11-18 15:53:00
16351.0,13,2165,3330.03,256.15615384615387,187,2009-12-04 16:12:00,2011-01-11 10:26:00
16352.0,2,300,494.44,247.22,28,2011-11-02 08:44:00,2011-11-22 10:32:00
16353.0,38,3483,9795.460000000001,257.77526315789476,173,2009-12-07 13:55:00,2011-12-06 12:23:00
16354.0,5,592,1119.46,223.892,135,2010-04-27 13:33:00,2011-10-07 14:28:00
16355.0,1,179,416.35,416.35,47,2010-11-29 14:21:00,2010-11-29 14:21:00
16356.0,6,190,415.87,69.31166666666667,57,2010-06-06 11:26:00,2011-05-26 11:51:00
16357.0,4,389,868.37,217.0925,47,2010-11-23 18:52:00,2011-11-06 16:04:00
16358.0,5,2065,2919.6500000000005,583.9300000000001,154,2010-11-10 11:36:00,2011-12-08 15:09:00
16359.0,16,1764,2697.75,168.609375,125,2010-02-16 10:39:00,2011-12-02 17:04:00
16360.0,6,2110,3450.41,575.0683333333333,589,2011-09-12 13:50:00,2011-12-05 12:16:00
16361.0,4,418,891.21,222.8025,100,2011-09-29 13:13:00,2011-11-30 12:32:00
16362.0,6,467,922.16,153.69333333333333,88,2010-09-28 09:24:00,2011-11-07 13:01:00
16363.0,1,52,109.36000000000001,109.36000000000001,5,2011-10-17 14:14:00,2011-10-17 14:14:00
16364.0,2,279,705.79,352.895,52,2011-07-25 14:35:00,2011-11-28 11:27:00
16365.0,15,1034,3167.3399999999997,211.15599999999998,124,2009-12-11 12:41:00,2011-11-22 11:24:00
16366.0,4,882,1548.13,387.0325,78,2009-12-16 10:39:00,2011-11-21 08:19:00
16367.0,3,1103,1350.48,450.16,215,2010-11-21 13:23:00,2011-11-02 13:13:00
16368.0,3,307,621.44,207.14666666666668,82,2010-09-30 11:30:00,2011-12-07 13:12:00
16369.0,7,1589,2656.56,379.50857142857143,168,2010-04-07 16:52:00,2011-11-21 16:25:00
16370.0,4,640,1301.91,325.4775,214,2011-04-28 16:40:00,2011-09-18 15:55:00
16371.0,1,108,157.2,157.2,11,2010-09-17 12:09:00,2010-09-17 12:09:00
16372.0,5,722,1290.31,258.062,299,2010-04-11 15:20:00,2011-11-06 13:08:00
16373.0,2,119,309.49,154.745,28,2010-10-24 13:10:00,2010-11-22 15:50:00
16374.0,5,771,1723.4,344.68,341,2010-04-30 13:10:00,2011-10-04 15:21:00
16375.0,2,74,104.0,52.0,13,2010-08-26 14:12:00,2010-08-26 14:25:00
16376.0,2,691,974.96,487.48,110,2011-11-22 16:47:00,2011-12-01 11:38:00
16377.0,2,2928,1308.48,654.24,10,2010-04-01 10:36:00,2011-03-17 15:41:00
16378.0,3,267,362.95,120.98333333333333,23,2011-02-02 12:42:00,2011-04-06 15:07:00
16379.0,4,1410,2157.4,539.35,108,2011-09-22 09:33:00,2011-12-05 15:38:00
16380.0,1,1428,1743.1499999999999,1743.1499999999999,28,2011-10-09 15:40:00,2011-10-09 15:40:00
16381.0,2,108,247.85,123.925,60,2010-10-17 13:06:00,2010-11-09 09:56:00
16382.0,2,167,353.1,176.55,44,2010-06-07 12:42:00,2010-10-27 16:23:00
16383.0,7,1596,2896.69,413.8128571428571,364,2010-02-04 13:18:00,2011-09-26 12:45:00
16384.0,4,861,1358.95,339.7375,81,2010-04-28 14:01:00,2011-09-11 11:19:00
16385.0,5,476,881.35,176.27,114,2010-03-18 12:45:00,2011-10-10 13:12:00
16386.0,3,700,1068.16,356.05333333333334,131,2010-11-17 11:19:00,2011-11-11 12:28:00
16387.0,5,448,882.4599999999999,176.492,80,2010-03-11 12:22:00,2011-01-21 11:34:00
16388.0,1,83,186.05,186.05,13,2010-02-24 10:20:00,2010-02-24 10:20:00
16389.0,4,1242,1382.07,345.5175,34,2011-03-01 15:47:00,2011-10-17 14:41:00
16390.0,3,122,467.50000000000006,155.83333333333334,21,2010-01-29 15:25:00,2010-06-21 10:11:00
16391.0,4,715,1052.26,263.065,292,2010-05-27 11:27:00,2010-11-04 12:27:00
16392.0,3,604,756.6999999999999,252.23333333333332,141,2010-05-27 11:17:00,2011-03-15 12:11:00
16393.0,23,3001,5297.77,230.33782608695654,721,2009-12-01 12:13:00,2011-12-07 12:51:00
16394.0,5,2604,1555.34,311.068,83,2011-02-23 10:58:00,2011-10-14 09:48:00
16395.0,14,2901,3518.41,251.315,610,2009-12-06 12:26:00,2011-10-10 12:50:00
16396.0,1,80,137.8,137.8,8,2010-08-20 14:17:00,2010-08-20 14:17:00
16397.0,1,43,123.13,123.13,9,2010-03-21 15:36:00,2010-03-21 15:36:00
16398.0,2,758,1705.8000000000002,852.9000000000001,82,2011-03-31 09:38:00,2011-07-08 15:16:00
16399.0,3,452,630.22,210.07333333333335,109,2010-11-15 15:03:00,2011-11-20 16:12:00
16400.0,9,2066,3059.85,339.98333333333335,255,2009-12-08 12:38:00,2011-09-06 12:27:00
16401.0,23,6035,6849.15,297.7891304347826,356,2010-06-02 13:13:00,2011-12-08 18:15:00
16402.0,2,146,293.45,146.725,56,2010-12-05 13:42:00,2011-03-20 12:25:00
16403.0,1,114,177.5,177.5,10,2011-01-31 13:39:00,2011-01-31 13:39:00
16404.0,1,157,443.05,443.05,23,2011-09-30 14:55:00,2011-09-30 14:55:00
16405.0,2,187,167.25,83.625,5,2011-02-02 17:08:00,2011-02-10 15:24:00
16406.0,3,257,528.36,176.12,141,2010-02-24 11:51:00,2011-11-21 11:57:00
16407.0,14,1448,2761.65,197.2607142857143,221,2010-10-03 13:56:00,2011-11-27 11:05:00
16408.0,1,227,231.93,231.93,45,2010-04-27 14:08:00,2010-04-27 14:08:00
16409.0,12,3664,5652.74,471.06166666666667,760,2009-12-13 15:38:00,2011-11-03 16:45:00
16410.0,1,348,130.32,130.32,5,2009-12-05 14:51:00,2009-12-05 14:51:00
16411.0,4,461,756.3900000000001,189.09750000000003,178,2010-10-07 15:09:00,2011-11-20 13:23:00
16412.0,5,288,593.19,118.638,110,2010-02-04 13:46:00,2011-10-17 12:35:00
16413.0,2,283,522.03,261.015,62,2010-11-29 12:49:00,2011-10-14 12:08:00
16414.0,5,201,551.21,110.242,62,2010-01-14 10:21:00,2011-11-18 09:42:00
16415.0,3,508,696.76,232.25333333333333,134,2010-02-01 12:30:00,2011-10-26 13:35:00
16416.0,9,2198,2957.88,328.65333333333336,181,2010-02-23 12:00:00,2011-11-13 12:50:00
16417.0,1,6,35.7,35.7,1,2010-08-04 09:08:00,2010-08-04 09:08:00
16418.0,5,564,1028.74,205.748,147,2010-10-13 12:31:00,2011-10-26 12:39:00
16419.0,8,701,1463.7,182.9625,88,2010-02-09 13:26:00,2011-08-19 12:33:00
16420.0,1,120,75.0,75.0,2,2010-11-08 15:15:00,2010-11-08 15:15:00
16421.0,3,123,526.27,175.42333333333332,38,2010-08-27 12:02:00,2010-11-28 13:31:00
16422.0,109,64225,61920.87,568.081376146789,698,2010-01-12 11:57:00,2011-11-22 14:00:00
16423.0,1,230,346.12,346.12,18,2011-11-15 09:21:00,2011-11-15 09:21:00
16424.0,2,212,443.06,221.53,13,2010-11-22 11:24:00,2011-06-01 13:40:00
16425.0,1,199,302.7,302.7,21,2011-02-10 14:30:00,2011-02-10 14:30:00
16426.0,10,1215,1863.76,186.376,346,2011-03-08 15:45:00,2011-12-07 14:01:00
16427.0,2,156,241.06,120.53,9,2011-02-28 15:18:00,2011-03-21 17:10:00
16428.0,3,575,638.49,212.83,126,2010-07-30 12:10:00,2010-10-22 12:22:00
16429.0,1,9,284.55,284.55,2,2011-08-25 13:54:00,2011-08-25 13:54:00
16430.0,7,307,1117.94,159.7057142857143,28,2010-01-27 12:45:00,2011-10-13 14:47:00
16431.0,3,442,623.28,207.76,65,2011-02-15 14:02:00,2011-05-10 14:09:00
16432.0,1,276,287.4,287.4,8,2011-10-06 13:59:00,2011-10-06 13:59:00
16433.0,2,214,384.52,192.26,34,2010-10-27 12:26:00,2011-11-11 14:09:00
16434.0,12,1310,2673.69,222.8075,178,2010-01-17 14:51:00,2011-11-10 14:28:00
16435.0,3,608,1003.07,334.3566666666667,124,2010-07-13 13:29:00,2010-07-15 18:22:00
16436.0,3,227,319.14,106.38,40,2009-12-06 16:02:00,2010-02-09 13:19:00
16437.0,2,197,301.25,150.625,21,2010-10-06 12:34:00,2010-11-23 16:59:00
16438.0,5,463,798.35,159.67000000000002,131,2011-09-18 13:31:00,2011-12-04 10:51:00
16439.0,1,74,310.70000000000005,310.70000000000005,9,2009-12-17 14:22:00,2009-12-17 14:22:00
16440.0,6,2108,3856.97,642.8283333333333,304,2010-08-03 11:32:00,2011-12-02 12:02:00
16441.0,5,478,1019.1300000000001,203.82600000000002,83,2010-03-22 18:00:00,2011-10-03 17:48:00
16442.0,5,580,891.98,178.39600000000002,244,2009-12-13 11:05:00,2011-12-08 11:43:00
16443.0,1,96,162.24,162.24,1,2010-07-07 11:57:00,2010-07-07 11:57:00
16444.0,17,1945,3625.88,213.2870588235294,364,2010-03-24 14:06:00,2011-10-24 13:50:00
16445.0,4,287,583.16,145.79,177,2010-10-24 12:39:00,2011-11-06 12:32:00
16446.0,2,80997,168472.5,84236.25,3,2011-05-18 09:52:00,2011-12-09 09:15:00
16447.0,3,315,727.1,242.36666666666667,67,2010-02-17 14:09:00,2011-07-27 12:45:00
16448.0,2,176,361.12,180.56,50,2010-08-25 16:58:00,2011-05-25 16:28:00
16449.0,2,367,707.69,353.845,40,2011-03-04 12:15:00,2011-05-26 10:25:00
16450.0,3,681,1505.73,501.91,43,2010-02-21 15:46:00,2011-07-13 11:47:00
16451.0,3,524,1013.1500000000001,337.7166666666667,65,2009-12-04 15:11:00,2011-09-13 09:17:00
16452.0,2,199,332.17,166.085,18,2010-01-15 12:22:00,2010-03-19 12:39:00
16453.0,2,139,251.71,125.855,15,2010-06-09 13:15:00,2010-06-27 12:46:00
16454.0,4,9,30.950000000000003,7.737500000000001,4,2010-04-07 15:54:00,2011-10-26 11:40:00
16455.0,11,2851,3995.5699999999997,363.2336363636363,203,2010-03-30 10:31:00,2011-10-07 12:17:00
16456.0,13,3296,6000.94,461.6107692307692,385,2010-03-29 11:16:00,2011-09-01 13:50:00
16457.0,1,140,208.36,208.36,9,2011-05-05 13:19:00,2011-05-05 13:19:00
16458.0,30,3395,5690.89,189.69633333333334,380,2010-05-26 14:38:00,2011-12-07 09:34:00
16459.0,1,59,71.78999999999999,71.78999999999999,5,2009-12-10 12:42:00,2009-12-10 12:42:00
16460.0,3,876,811.23,270.41,129,2011-09-19 10:15:00,2011-11-11 13:46:00
16461.0,3,933,1545.83,515.2766666666666,246,2010-03-03 13:57:00,2011-06-15 12:07:00
16462.0,3,16,136.0,45.333333333333336,3,2011-03-01 08:58:00,2011-09-27 10:24:00
16463.0,4,1163,1422.4,355.6,82,2011-05-19 14:45:00,2011-11-18 14:01:00
16464.0,3,952,1298.6599999999999,432.8866666666666,219,2011-07-20 13:53:00,2011-11-20 12:11:00
16465.0,2,504,746.24,373.12,48,2010-09-21 10:46:00,2010-10-15 09:27:00
16466.0,15,1777,3767.09,251.13933333333335,318,2010-03-07 14:31:00,2011-11-06 11:35:00
16467.0,7,7384,2869.16,409.88,24,2009-12-02 11:59:00,2010-07-19 11:49:00
16468.0,3,371,787.52,262.50666666666666,45,2010-08-15 13:10:00,2011-09-26 14:13:00
16469.0,5,332,803.9000000000001,160.78000000000003,189,2010-07-13 13:17:00,2011-11-16 12:25:00
16470.0,11,1335,2416.85,219.71363636363637,444,2009-12-11 12:21:00,2011-10-19 12:11:00
16471.0,4,670,1189.98,297.495,62,2010-02-25 10:07:00,2011-03-10 09:41:00
16472.0,2,252,789.5999999999999,394.79999999999995,39,2010-04-21 11:48:00,2010-10-01 13:56:00
16473.0,4,296,470.83,117.7075,28,2010-11-30 16:29:00,2011-06-28 09:10:00
16474.0,7,909,1810.65,258.6642857142857,312,2011-07-17 14:51:00,2011-12-02 13:02:00
16475.0,4,319,544.3,136.075,28,2011-03-11 09:39:00,2011-09-12 14:37:00
16476.0,1,187,350.35,350.35,24,2010-10-04 10:29:00,2010-10-04 10:29:00
16477.0,11,2507,4094.37,372.2154545454545,246,2010-08-12 09:43:00,2011-10-07 09:44:00
16478.0,3,224,331.0,110.33333333333333,17,2011-10-05 12:02:00,2011-11-14 15:51:00
16479.0,2,102,300.83000000000004,150.41500000000002,35,2011-11-29 13:04:00,2011-11-29 13:40:00
16480.0,1,455,769.29,769.29,51,2011-09-25 11:40:00,2011-09-25 11:40:00
16481.0,1,201,453.38,453.38,16,2010-01-26 13:09:00,2010-01-26 13:09:00
16482.0,1,346,220.62,220.62,18,2011-11-24 12:33:00,2011-11-24 12:33:00
16483.0,1,44,139.35,139.35,19,2011-05-31 13:08:00,2011-05-31 13:08:00
16484.0,2,200,404.3,202.15,25,2011-06-02 10:39:00,2011-06-19 12:06:00
16485.0,5,1153,2287.19,457.438,142,2009-12-06 12:28:00,2011-09-23 15:50:00
16486.0,1,24,134.36,134.36,7,2010-06-20 12:16:00,2010-06-20 12:16:00
16487.0,2,163,209.4,104.7,35,2010-02-18 17:36:00,2010-05-11 13:38:00
16488.0,3,728,498.8,166.26666666666668,29,2011-07-14 11:46:00,2011-11-06 13:42:00
16489.0,2,38,303.7,151.85,6,2010-09-29 15:02:00,2010-11-24 14:40:00
16490.0,1,113,205.41000000000003,205.41000000000003,13,2010-09-29 16:30:00,2010-09-29 16:30:00
16491.0,2,1060,1533.1599999999999,766.5799999999999,87,2010-10-22 15:42:00,2011-10-24 10:18:00
16492.0,1,235,385.56,385.56,23,2010-06-17 08:20:00,2010-06-17 08:20:00
16493.0,7,1988,2132.09,304.5842857142857,110,2010-03-26 13:05:00,2011-09-21 11:10:00
16494.0,1,675,826.53,826.53,47,2011-02-16 12:49:00,2011-02-16 12:49:00
16495.0,3,328,648.26,216.08666666666667,82,2011-03-08 16:38:00,2011-12-06 13:20:00
16496.0,6,1764,2330.77,388.46166666666664,138,2010-07-18 13:42:00,2011-12-01 10:31:00
16497.0,23,3050,6695.280000000001,291.09913043478264,337,2009-12-03 14:11:00,2011-10-21 10:55:00
16498.0,2,45,100.97,50.485,15,2011-06-30 19:52:00,2011-07-01 15:07:00
16499.0,8,1364,2578.34,322.2925,144,2010-06-11 12:22:00,2010-12-14 13:31:00
16500.0,9,386,843.91,93.76777777777778,34,2010-06-14 14:54:00,2011-12-05 12:04:00
16501.0,1,628,1191.23,1191.23,181,2010-11-21 14:10:00,2010-11-21 14:10:00
16502.0,2,220,258.55,129.275,41,2010-03-29 13:39:00,2010-03-29 13:44:00
16503.0,11,1535,3614.34,328.5763636363636,213,2010-06-21 14:07:00,2011-08-25 11:46:00
16504.0,1,510,465.88,465.88,76,2011-11-14 15:18:00,2011-11-14 15:18:00
16505.0,1,576,777.6,777.6,4,2011-11-08 12:14:00,2011-11-08 12:14:00
16506.0,2,42,90.30000000000001,45.150000000000006,3,2011-10-30 15:50:00,2011-11-20 12:17:00
16507.0,1,111,142.71,142.71,37,2010-05-16 12:56:00,2010-05-16 12:56:00
16508.0,1,103,240.95,240.95,42,2010-03-19 13:41:00,2010-03-19 13:41:00
16509.0,1,64,363.7,363.7,13,2011-02-16 09:25:00,2011-02-16 09:25:00
16510.0,6,930,1777.5,296.25,111,2010-01-17 12:30:00,2010-12-02 13:39:00
16511.0,6,769,1760.49,293.415,287,2010-03-01 12:21:00,2011-11-18 10:41:00
16513.0,4,407,874.59,218.6475,35,2011-10-27 14:56:00,2011-12-05 10:18:00
16515.0,10,1573,3179.06,317.906,229,2010-06-17 12:17:00,2011-10-18 13:10:00
16516.0,1,58,101.69999999999999,101.69999999999999,6,2011-11-09 14:59:00,2011-11-09 14:59:00
16517.0,1,96,162.7,162.7,17,2011-03-07 13:50:00,2011-03-07 13:50:00
16518.0,4,524,959.37,239.8425,68,2010-06-01 13:31:00,2011-10-09 15:04:00
16519.0,4,150,439.06,109.765,36,2010-03-01 13:51:00,2011-11-14 15:41:00
16520.0,6,1045,2148.38,358.06333333333333,351,2010-03-02 16:50:00,2011-06-06 13:24:00
16521.0,3,1014,1140.11,380.03666666666663,235,2010-03-01 13:22:00,2010-10-20 13:09:00
16522.0,2,212,433.36,216.68,18,2010-09-15 13:32:00,2010-09-30 10:54:00
16523.0,28,4979,11916.33,425.5832142857143,371,2010-01-24 13:14:00,2011-12-08 09:06:00
16524.0,2,259,306.19,153.095,53,2010-01-17 13:16:00,2010-09-19 13:37:00
16525.0,48,14430,24151.3,503.15208333333334,353,2009-12-02 13:53:00,2011-12-07 15:07:00
16526.0,2,279,717.21,358.605,35,2010-05-04 16:34:00,2011-06-21 12:02:00
16527.0,2,708,1232.94,616.47,72,2010-10-11 13:25:00,2011-09-19 16:21:00
16528.0,1,171,244.41,244.41,17,2011-12-06 12:45:00,2011-12-06 12:45:00
16529.0,4,739,1986.8,496.7,128,2010-06-27 13:29:00,2011-06-02 17:23:00
16530.0,1,17,48.349999999999994,48.349999999999994,3,2010-02-09 15:30:00,2010-02-09 15:30:00
16531.0,11,1863,2298.33,208.9390909090909,138,2010-09-24 09:49:00,2011-11-17 16:29:00
16532.0,5,2544,8756.64,1751.328,6,2010-03-29 10:26:00,2011-11-22 11:08:00
16533.0,3,611,1082.81,360.93666666666667,174,2011-10-02 15:07:00,2011-11-20 13:08:00
16534.0,1,168,635.9,635.9,36,2010-03-07 15:47:00,2010-03-07 15:47:00
16535.0,3,664,972.04,324.0133333333333,67,2010-01-28 15:26:00,2011-12-04 15:18:00
16536.0,1,250,548.12,548.12,49,2011-08-21 15:54:00,2011-08-21 15:54:00
16537.0,1,59,23.35,23.35,3,2010-03-08 13:41:00,2010-03-08 13:41:00
16538.0,3,254,395.07,131.69,39,2010-04-23 16:25:00,2010-06-16 16:59:00
16539.0,10,1014,3289.66,328.966,131,2010-06-25 15:24:00,2011-12-07 08:41:00
16540.0,1,105,205.75,205.75,25,2010-10-21 17:22:00,2010-10-21 17:22:00
16541.0,1,173,424.03,424.03,38,2009-12-04 13:22:00,2009-12-04 13:22:00
16542.0,2,142,257.32,128.66,14,2010-11-03 14:44:00,2011-10-17 10:47:00
16543.0,1,317,292.21,292.21,18,2010-04-27 11:38:00,2010-04-27 11:38:00
16544.0,4,150,376.70000000000005,94.17500000000001,10,2010-02-15 13:20:00,2010-07-08 11:11:00
16545.0,2,322,689.8199999999999,344.90999999999997,8,2010-11-29 10:39:00,2011-06-28 10:37:00
16546.0,5,4211,5307.07,1061.414,88,2010-09-23 15:43:00,2011-02-22 11:20:00
16547.0,1,108,104.25999999999999,104.25999999999999,25,2010-06-11 13:02:00,2010-06-11 13:02:00
16548.0,1,6,30.15,30.15,6,2010-04-19 16:15:00,2010-04-19 16:15:00
16549.0,34,7087,12781.8,365.1942857142857,2926,2010-03-28 15:45:00,2011-11-29 15:06:00
16550.0,18,5405,8813.58,489.6433333333333,747,2009-12-02 11:24:00,2011-08-23 11:12:00
16551.0,7,2076,2237.12,319.5885714285714,88,2009-12-13 16:12:00,2011-09-05 09:38:00
16552.0,2,219,379.7300000000001,189.86500000000004,17,2010-12-01 12:36:00,2011-04-11 10:04:00
16553.0,33,16427,16584.010000000002,502.54575757575765,292,2010-02-11 18:46:00,2011-06-29 15:42:00
16554.0,8,1346,2841.7200000000003,355.21500000000003,167,2009-12-15 09:42:00,2011-10-28 14:51:00
16555.0,6,1816,1915.68,319.28000000000003,66,2010-07-22 13:39:00,2011-11-04 14:31:00
16556.0,17,4353,8012.58,471.32823529411763,482,2009-12-07 10:51:00,2011-10-04 11:36:00
16557.0,2,111,281.85,140.925,11,2011-07-25 13:28:00,2011-11-15 14:04:00
16558.0,38,7813,13304.11,350.10815789473685,752,2009-12-03 18:11:00,2011-12-09 10:20:00
16559.0,1,61,175.0,175.0,17,2010-11-07 13:52:00,2010-11-07 13:52:00
16560.0,8,1603,3048.38,381.0475,198,2009-12-08 12:05:00,2011-11-13 10:35:00
16561.0,2,244,511.12,255.56,31,2011-10-11 09:53:00,2011-12-04 11:50:00
16562.0,1,264,223.85999999999999,223.85999999999999,34,2010-08-20 11:45:00,2010-08-20 11:45:00
16563.0,6,2584,4412.56,735.4266666666667,89,2009-12-01 18:35:00,2011-10-17 11:51:00
16564.0,1,40,87.8,87.8,5,2010-05-19 14:41:00,2010-05-19 14:41:00
16565.0,4,211,773.05,193.2625,11,2010-06-02 12:47:00,2010-12-10 15:21:00
16566.0,5,362,614.66,122.93199999999999,18,2011-02-20 10:29:00,2011-11-24 16:34:00
16567.0,2,996,865.6,432.8,35,2011-01-07 09:31:00,2011-05-29 13:57:00
16568.0,2,366,1020.9000000000001,510.45000000000005,5,2010-03-08 14:51:00,2010-10-08 10:54:00
16569.0,5,988,1455.23,291.046,35,2009-12-16 15:05:00,2011-12-06 15:32:00
16570.0,20,4292,7434.3099999999995,371.71549999999996,241,2010-03-30 09:32:00,2011-11-24 17:02:00
16571.0,10,3703,4248.74,424.87399999999997,255,2010-03-18 09:12:00,2011-11-13 11:46:00
16572.0,3,532,1009.5999999999999,336.5333333333333,57,2011-03-09 12:04:00,2011-08-04 16:34:00
16573.0,2,360,663.61,331.805,42,2011-02-22 15:14:00,2011-09-16 09:13:00
16574.0,3,1002,1301.78,433.9266666666667,86,2010-02-19 11:46:00,2011-09-29 13:39:00
16576.0,2,323,540.87,270.435,33,2010-07-06 10:42:00,2010-10-15 13:37:00
16577.0,1,142,380.0,380.0,23,2010-02-11 09:45:00,2010-02-11 09:45:00
16578.0,1,108,156.6,156.6,9,2010-03-23 15:11:00,2010-03-23 15:11:00
16579.0,1,119,295.05,295.05,14,2010-10-10 11:58:00,2010-10-10 11:58:00
16581.0,1,134,105.84,105.84,9,2011-06-10 10:05:00,2011-06-10 10:05:00
16582.0,1,164,313.62,313.62,6,2011-08-18 17:02:00,2011-08-18 17:02:00
16583.0,2,153,297.95,148.975,18,2010-02-04 12:18:00,2010-12-01 12:03:00
16584.0,5,1913,3156.17,631.234,82,2010-02-16 10:41:00,2011-09-20 13:45:00
16585.0,2,151,341.59000000000003,170.79500000000002,18,2010-01-13 13:31:00,2010-04-25 10:34:00
16586.0,3,348,1462.78,487.5933333333333,28,2010-03-14 11:24:00,2011-04-05 09:32:00
16587.0,1,71,225.15,225.15,13,2011-04-21 15:51:00,2011-04-21 15:51:00
16588.0,4,882,1361.28,340.32,71,2010-05-14 13:43:00,2010-11-18 17:56:00
16589.0,4,536,612.36,153.09,44,2010-09-15 14:56:00,2011-09-29 14:50:00
16590.0,2,240,605.9,302.95,29,2010-10-21 12:09:00,2010-11-04 09:06:00
16591.0,1,41,213.5,213.5,10,2011-10-02 10:43:00,2011-10-02 10:43:00
16592.0,28,5504,7807.91,278.8539285714286,428,2009-12-18 15:57:00,2011-12-05 13:49:00
16593.0,8,377,1071.14,133.8925,77,2009-12-05 10:44:00,2011-10-20 12:41:00
16594.0,1,64,181.09,181.09,53,2011-09-25 14:08:00,2011-09-25 14:08:00
16595.0,5,1331,1757.75,351.55,443,2010-01-17 12:12:00,2011-10-09 13:15:00
16596.0,4,180,458.98,114.745,24,2009-12-10 13:09:00,2011-11-24 10:02:00
16597.0,1,184,90.04,90.04,7,2011-12-05 15:44:00,2011-12-05 15:44:00
16598.0,1,73,145.04999999999998,145.04999999999998,10,2011-02-27 11:42:00,2011-02-27 11:42:00
16599.0,1,159,172.8,172.8,12,2010-11-19 12:45:00,2010-11-19 12:45:00
16600.0,13,2420,2153.41,165.64692307692306,143,2009-12-18 12:59:00,2011-12-05 16:00:00
16601.0,3,391,677.0,225.66666666666666,67,2010-03-26 13:39:00,2011-10-30 11:09:00
16602.0,2,429,763.33,381.665,40,2010-11-16 09:13:00,2011-11-03 15:54:00
16603.0,2,480,482.47,241.235,34,2011-09-09 13:02:00,2011-09-26 10:06:00
16604.0,2,175,432.45,216.225,12,2010-05-20 16:34:00,2010-05-26 09:10:00
16605.0,1,144,60.48,60.48,1,2009-12-15 19:03:00,2009-12-15 19:03:00
16606.0,2,148,357.66,178.83,22,2010-10-01 13:21:00,2010-10-31 13:57:00
16607.0,25,4436,5706.87,228.2748,298,2010-04-29 14:01:00,2011-11-22 10:24:00
16608.0,2,612,1286.62,643.31,116,2010-02-14 11:57:00,2010-09-12 11:44:00
16609.0,7,2420,5493.46,784.78,276,2011-04-01 10:11:00,2011-11-24 13:32:00
16610.0,1,66,75.66,75.66,6,2011-05-04 13:13:00,2011-05-04 13:13:00
16611.0,6,874,1785.13,297.5216666666667,109,2010-03-10 16:07:00,2011-06-06 15:46:00
16612.0,9,1419,3245.4300000000003,360.60333333333335,167,2009-12-03 15:54:00,2011-11-07 07:38:00
16613.0,1,293,618.59,618.59,30,2011-09-30 15:52:00,2011-09-30 15:52:00
16614.0,3,349,1179.79,393.2633333333333,49,2010-05-10 15:18:00,2011-06-10 11:36:00
16615.0,1,211,291.5,291.5,19,2010-03-23 15:13:00,2010-03-23 15:13:00
16616.0,2,370,500.42,250.21,33,2011-07-05 13:38:00,2011-11-24 16:31:00
16617.0,1,91,151.85,151.85,5,2011-04-18 10:35:00,2011-04-18 10:35:00
16618.0,5,1363,2647.59,529.518,96,2011-01-21 11:55:00,2011-11-08 13:52:00
16619.0,4,1055,1938.33,484.5825,116,2010-02-22 12:05:00,2011-03-21 08:18:00
16620.0,6,1146,1758.93,293.15500000000003,94,2009-12-01 14:35:00,2011-12-06 12:19:00
16621.0,4,302,813.48,203.37,29,2011-03-07 11:32:00,2011-10-19 11:38:00
16622.0,1,44,225.4,225.4,12,2010-06-14 10:44:00,2010-06-14 10:44:00
16623.0,4,442,1015.24,253.81,51,2010-04-26 14:04:00,2011-04-08 10:09:00
16624.0,2,488,810.5699999999999,405.28499999999997,47,2011-05-26 14:20:00,2011-09-20 12:39:00
16625.0,5,1057,1654.03,330.806,99,2010-06-14 11:56:00,2011-03-10 12:50:00
16626.0,17,2690,4413.1,259.59411764705885,179,2011-03-18 12:27:00,2011-12-09 11:56:00
16627.0,1,162,322.8,322.8,20,2011-09-21 14:38:00,2011-09-21 14:38:00
16628.0,7,1260,2318.1,331.15714285714284,125,2010-03-08 12:24:00,2011-11-10 12:45:00
16629.0,2,489,408.63,204.315,60,2011-09-04 16:12:00,2011-09-27 10:34:00
16630.0,1,72,106.80000000000001,106.80000000000001,4,2010-10-28 14:30:00,2010-10-28 14:30:00
16631.0,7,775,1892.52,270.36,80,2010-02-26 10:49:00,2010-08-15 11:20:00
16632.0,2,256,406.4,203.2,27,2010-05-07 16:46:00,2010-08-11 11:39:00
16633.0,6,1138,2883.1,480.51666666666665,152,2011-04-19 14:36:00,2011-11-22 13:41:00
16634.0,6,1257,1649.81,274.9683333333333,83,2010-01-21 09:30:00,2011-05-01 12:09:00
16635.0,1,277,473.0,473.0,25,2010-10-29 09:41:00,2010-10-29 09:41:00
16636.0,4,2186,3802.04,760.408,73,2010-03-03 14:06:00,2010-09-27 13:13:00
16637.0,4,927,1154.47,288.6175,69,2011-04-28 10:20:00,2011-11-07 13:17:00
16638.0,15,1627,2380.13,158.67533333333333,138,2010-08-18 13:33:00,2011-11-17 11:09:00
16639.0,4,751,1747.98,436.995,81,2010-10-26 18:23:00,2011-11-08 13:20:00
16640.0,1,146,179.4,179.4,13,2010-11-07 10:48:00,2010-11-07 10:48:00
16641.0,2,454,554.5,277.25,36,2010-01-07 12:22:00,2011-08-26 12:49:00
16642.0,3,775,1077.45,359.15000000000003,54,2010-10-20 14:22:00,2011-12-05 11:31:00
16643.0,2,553,923.11,461.555,55,2010-10-13 09:47:00,2011-04-08 08:24:00
16644.0,2,826,833.78,416.89,62,2011-05-11 12:53:00,2011-06-15 12:39:00
16645.0,1,117,160.39,160.39,14,2009-12-04 09:49:00,2009-12-04 09:49:00
16646.0,1,1072,678.8,678.8,29,2010-09-16 13:28:00,2010-09-16 13:28:00
16647.0,4,396,541.9,135.475,33,2010-06-13 15:52:00,2011-06-23 11:47:00
16648.0,3,503,672.8,224.26666666666665,37,2010-04-28 14:58:00,2011-10-28 08:58:00
16649.0,1,82,306.58000000000004,306.58000000000004,20,2010-07-07 15:41:00,2010-07-07 15:41:00
16650.0,7,1511,1916.1100000000001,273.73,98,2010-07-08 14:18:00,2011-09-29 09:51:00
16651.0,1,60,136.2,136.2,6,2010-05-02 11:46:00,2010-05-02 11:46:00
16652.0,16,7477,17550.39,1096.899375,275,2010-03-17 10:22:00,2011-10-12 09:38:00
16653.0,2,733,1212.6599999999999,606.3299999999999,69,2011-09-29 13:38:00,2011-11-23 14:51:00
16654.0,8,640,1484.07,185.50875,74,2010-04-06 13:29:00,2011-07-21 15:23:00
16655.0,13,3938,6423.26,494.0969230769231,560,2010-01-31 15:40:00,2011-11-22 11:25:00
16656.0,30,15433,16833.17,561.1056666666666,141,2009-12-04 12:59:00,2011-11-17 14:43:00
16657.0,4,1130,874.4300000000001,218.60750000000002,186,2011-03-30 12:02:00,2011-11-30 11:48:00
16658.0,6,277,690.83,115.13833333333334,63,2010-03-30 16:24:00,2010-12-06 13:47:00
16659.0,1,72,39.12,39.12,2,2011-06-03 15:03:00,2011-06-03 15:03:00
16660.0,7,991,1879.55,268.50714285714287,22,2010-01-14 11:09:00,2011-11-23 14:53:00
16661.0,4,364,932.76,233.19,60,2009-12-17 15:39:00,2010-06-17 15:24:00
16662.0,1,35,151.05,151.05,28,2010-11-10 16:56:00,2010-11-10 16:56:00
16663.0,1,100,165.0,165.0,1,2009-12-10 13:12:00,2009-12-10 13:12:00
16664.0,1,24,109.2,109.2,8,2010-05-19 17:11:00,2010-05-19 17:11:00
16665.0,1,59,135.39999999999998,135.39999999999998,9,2010-12-12 14:03:00,2010-12-12 14:03:00
16666.0,2,354,217.71,108.855,47,2010-03-28 15:13:00,2011-11-20 14:01:00
16667.0,2,236,567.18,283.59,52,2011-02-28 12:57:00,2011-10-02 15:26:00
16668.0,13,773,862.42,66.34,53,2010-03-18 18:25:00,2011-11-24 17:43:00
16669.0,3,881,1348.88,449.6266666666667,153,2011-09-22 14:13:00,2011-11-16 12:26:00
16670.0,20,4534,8030.150000000001,401.50750000000005,485,2009-12-10 15:28:00,2011-11-23 09:34:00
16671.0,3,875,1692.2700000000002,564.09,6,2011-06-28 11:20:00,2011-11-11 13:40:00
16672.0,20,2832,8134.9400000000005,406.747,114,2011-03-18 10:15:00,2011-12-07 16:29:00
16673.0,1,95,171.13,171.13,19,2010-01-29 14:22:00,2010-01-29 14:22:00
16674.0,2,181,304.24,152.12,93,2011-09-02 13:59:00,2011-10-16 11:31:00
16675.0,2,296,608.8599999999999,304.42999999999995,22,2010-08-18 13:11:00,2010-09-24 12:15:00
16676.0,6,927,2361.9,393.65000000000003,133,2010-10-17 13:07:00,2011-11-06 12:01:00
16677.0,2,457,880.62,440.31,47,2010-02-25 16:11:00,2010-10-24 14:53:00
16678.0,12,2397,3109.9900000000002,259.16583333333335,163,2011-03-02 09:24:00,2011-12-07 12:17:00
16679.0,3,247,663.31,221.10333333333332,18,2010-06-10 18:35:00,2010-12-08 13:51:00
16680.0,3,377,821.45,273.81666666666666,27,2010-06-23 09:30:00,2011-10-27 17:35:00
16681.0,7,1492,1921.84,274.5485714285714,49,2010-03-08 14:10:00,2011-09-28 11:11:00
16682.0,5,1040,1028.0,205.6,30,2011-06-05 11:02:00,2011-12-05 12:13:00
16683.0,1,190,320.25,320.25,18,2010-06-24 10:36:00,2010-06-24 10:36:00
16684.0,55,104810,147142.77,2675.3230909090908,718,2009-12-07 12:56:00,2011-12-05 14:06:00
16685.0,2,396,324.24,162.12,60,2011-10-09 13:44:00,2011-10-09 13:58:00
16686.0,16,3419,4881.07,305.066875,1002,2009-12-06 15:48:00,2011-10-23 13:49:00
16687.0,1,141,157.63,157.63,8,2010-11-14 11:46:00,2010-11-14 11:46:00
16688.0,4,804,1260.86,315.215,62,2011-10-10 12:23:00,2011-12-08 15:24:00
16689.0,2,330,422.6,211.3,13,2011-09-18 13:29:00,2011-09-25 11:39:00
16690.0,4,209,353.03,88.2575,19,2010-09-14 15:00:00,2011-09-28 15:02:00
16691.0,2,92,178.82999999999998,89.41499999999999,11,2010-05-27 14:55:00,2010-10-17 15:03:00
16692.0,4,878,1914.6999999999998,478.67499999999995,5,2010-09-24 11:31:00,2011-03-28 14:46:00
16693.0,5,658,1179.48,235.89600000000002,162,2010-02-21 12:42:00,2011-10-02 11:10:00
16694.0,1,26,98.30000000000001,98.30000000000001,3,2009-12-16 15:45:00,2009-12-16 15:45:00
16695.0,2,184,191.9,95.95,30,2010-05-27 12:24:00,2010-05-27 12:36:00
16696.0,4,146,657.9000000000001,164.47500000000002,10,2011-04-05 15:20:00,2011-07-27 14:23:00
16697.0,1,27,112.75,112.75,20,2011-04-12 17:12:00,2011-04-12 17:12:00
16698.0,2,840,1998.0,999.0,5,2011-03-31 13:33:00,2011-04-27 10:52:00
16699.0,7,640,994.6,142.0857142857143,60,2009-12-04 13:31:00,2010-11-24 14:38:00
16700.0,25,6644,8830.77,353.23080000000004,515,2009-12-02 10:51:00,2011-12-01 11:00:00
16701.0,26,11046,9916.73,381.4126923076923,274,2009-12-01 19:19:00,2011-12-01 11:10:00
16702.0,4,692,1110.83,277.7075,91,2009-12-07 16:40:00,2010-10-20 14:10:00
16704.0,2,433,664.16,332.08,51,2010-02-05 14:14:00,2010-03-31 14:02:00
16705.0,42,22302,43515.051,1036.072642857143,691,2009-12-09 13:34:00,2011-12-09 12:08:00
16706.0,3,249,531.3499999999999,177.11666666666665,122,2011-08-17 15:53:00,2011-11-02 13:50:00
16707.0,4,396,533.41,133.3525,65,2010-03-09 15:16:00,2010-11-04 14:39:00
16708.0,1,285,656.63,656.63,27,2011-10-25 12:20:00,2011-10-25 12:20:00
16709.0,14,3261,9056.01,646.8578571428571,297,2009-12-09 13:16:00,2011-09-16 10:56:00
16710.0,22,4174,5921.35,269.15227272727276,893,2009-12-04 13:41:00,2011-11-20 14:50:00
16711.0,9,1212,2868.48,318.72,33,2009-12-02 13:22:00,2011-12-06 16:32:00
16712.0,13,2074,4232.87,325.6053846153846,501,2010-11-03 15:45:00,2011-11-30 13:48:00
16713.0,32,8482,14115.56,441.11125,1262,2009-12-15 12:49:00,2011-11-21 12:36:00
16714.0,4,828,1497.33,374.3325,100,2010-02-07 11:17:00,2011-05-05 11:09:00
16715.0,2,1174,625.52,312.76,28,2010-05-26 12:35:00,2011-09-22 18:15:00
16716.0,3,912,2149.6800000000003,716.5600000000001,8,2010-03-19 11:05:00,2011-03-18 10:03:00
16717.0,14,3145,6663.68,475.9771428571429,350,2009-12-07 15:55:00,2011-11-16 12:16:00
16718.0,5,1924,3006.08,601.216,168,2009-12-06 13:07:00,2010-12-05 13:03:00
16719.0,14,2356,3513.62,234.24133333333333,388,2009-12-13 10:59:00,2011-11-25 09:27:00
16720.0,3,460,758.74,252.91333333333333,137,2009-12-17 17:54:00,2011-11-13 16:22:00
16721.0,1,172,292.47,292.47,37,2011-03-22 16:08:00,2011-03-22 16:08:00
16722.0,22,7986,8189.5599999999995,372.25272727272727,378,2009-12-03 19:23:00,2011-11-22 13:28:00
16723.0,4,958,1231.3600000000001,307.84000000000003,110,2009-12-04 13:23:00,2011-09-09 13:01:00
16724.0,1,69,147.35,147.35,17,2010-10-31 11:40:00,2010-10-31 11:40:00
16725.0,14,700,1688.26,120.59,337,2009-12-13 15:54:00,2011-02-10 16:52:00
16726.0,7,1323,2063.88,294.84000000000003,238,2010-10-24 16:09:00,2011-11-13 14:53:00
16727.0,4,1066,1377.77,344.4425,193,2010-01-20 10:48:00,2010-12-10 13:48:00
16728.0,4,671,1048.28,209.656,260,2011-03-20 13:28:00,2011-10-24 14:36:00
16729.0,21,5722,7205.33,343.11095238095237,648,2011-04-12 14:22:00,2011-11-01 14:29:00
16730.0,3,994,743.11,247.70333333333335,79,2011-01-24 14:01:00,2011-10-18 14:11:00
16731.0,1,124,170.3,170.3,40,2010-03-01 15:05:00,2010-03-01 15:05:00
16732.0,4,2414,4387.64,1096.91,221,2009-12-08 13:04:00,2011-11-08 09:54:00
16733.0,1,112,259.68,259.68,12,2010-06-28 10:12:00,2010-06-28 10:12:00
16734.0,3,345,646.76,215.58666666666667,47,2011-08-17 15:00:00,2011-10-18 13:44:00
16735.0,14,4240,6217.41,444.1007142857143,289,2009-12-08 09:24:00,2011-09-22 11:49:00
16736.0,5,1050,2956.56,591.312,143,2009-12-03 16:12:00,2010-07-22 10:09:00
16737.0,2,576,835.1999999999999,417.59999999999997,2,2010-05-11 09:53:00,2011-10-17 13:03:00
16738.0,1,3,3.75,3.75,1,2011-02-15 09:46:00,2011-02-15 09:46:00
16739.0,2,391,786.4300000000001,393.21500000000003,38,2010-06-21 09:38:00,2011-06-16 09:17:00
16740.0,1,110,226.91,226.91,30,2010-11-09 13:34:00,2010-11-09 13:34:00
16741.0,1,81,173.06,173.06,11,2010-03-24 15:15:00,2010-03-24 15:15:00
16742.0,14,2558,2799.87,199.9907142857143,98,2009-12-16 17:22:00,2011-10-24 12:02:00
16743.0,14,3707,4212.150000000001,300.8678571428572,367,2010-04-22 13:21:00,2011-11-10 13:13:00
16744.0,7,798,1291.9099999999999,184.5585714285714,235,2011-06-19 15:13:00,2011-11-28 13:06:00
16745.0,17,6719,7180.700000000001,422.39411764705886,351,2011-02-01 11:31:00,2011-09-14 11:58:00
16746.0,42,11900,18046.75,429.6845238095238,975,2009-12-04 13:00:00,2011-12-05 12:33:00
16747.0,2,583,836.06,418.03,42,2011-10-03 10:18:00,2011-11-02 11:37:00
16748.0,14,2127,3637.33,259.8092857142857,165,2009-12-10 12:28:00,2011-11-22 10:17:00
16749.0,2,1910,4157.88,2078.94,71,2009-12-15 14:05:00,2010-04-27 13:06:00
16750.0,5,214,623.93,124.78599999999999,95,2011-04-21 16:53:00,2011-10-26 12:48:00
16751.0,1,1031,1764.72,1764.72,24,2011-11-09 10:48:00,2011-11-09 10:48:00
16752.0,1,54,207.5,207.5,9,2010-12-02 12:18:00,2010-12-02 12:18:00
16753.0,1,189,223.92000000000002,223.92000000000002,34,2011-10-12 13:14:00,2011-10-12 13:14:00
16754.0,29,63551,65500.07,2258.6231034482757,140,2010-03-08 11:32:00,2010-12-02 17:38:00
16755.0,7,1985,2864.68,409.23999999999995,317,2009-12-09 14:25:00,2011-08-17 13:21:00
16756.0,7,707,1312.3700000000001,187.48142857142858,79,2010-03-09 15:56:00,2011-05-09 09:33:00
16757.0,2,180,270.48,135.24,15,2010-10-26 15:09:00,2011-01-25 11:59:00
16758.0,1,203,369.34000000000003,369.34000000000003,22,2011-10-05 14:47:00,2011-10-05 14:47:00
16759.0,3,609,789.79,263.2633333333333,42,2011-11-09 09:06:00,2011-12-02 12:42:00
16760.0,1,168,228.0,228.0,17,2010-10-05 15:55:00,2010-10-05 15:55:00
16761.0,1,341,316.62,316.62,13,2011-09-04 11:15:00,2011-09-04 11:15:00
16762.0,3,480,1207.2400000000002,402.4133333333334,63,2011-07-18 12:52:00,2011-11-20 11:43:00
16763.0,2,492,964.7,482.35,44,2009-12-01 15:26:00,2011-05-25 11:52:00
16764.0,13,1253,2790.9500000000003,214.68846153846155,692,2011-07-19 17:17:00,2011-12-06 11:41:00
16765.0,2,311,454.75,227.375,52,2010-11-22 13:42:00,2011-02-18 15:41:00
16766.0,2,536,1145.6,572.8,34,2011-03-11 13:34:00,2011-03-11 15:22:00
16767.0,15,7102,8056.76,537.1173333333334,317,2010-04-28 16:49:00,2011-11-09 09:42:00
16768.0,9,774,1698.57,188.73,156,2009-12-07 11:47:00,2011-10-23 10:38:00
16769.0,4,295,1117.0500000000002,279.26250000000005,92,2009-12-14 11:10:00,2011-03-24 13:41:00
16770.0,9,1052,1778.93,197.6588888888889,332,2010-08-22 16:08:00,2011-10-13 12:21:00
16771.0,10,2308,3949.6,394.96,402,2009-12-09 11:52:00,2011-11-06 13:28:00
16772.0,3,687,3698.05,1232.6833333333334,68,2009-12-18 10:50:00,2010-10-12 13:19:00
16773.0,3,252,421.24,140.41333333333333,61,2009-12-06 15:01:00,2011-10-13 14:37:00
16774.0,8,774,1567.48,195.935,128,2010-02-16 16:53:00,2011-10-03 12:41:00
16775.0,16,957,2820.84,176.3025,258,2010-09-23 17:34:00,2011-11-29 15:22:00
16776.0,2,435,592.51,296.255,109,2010-10-20 12:13:00,2011-10-10 13:04:00
16777.0,5,470,1292.18,258.43600000000004,138,2010-03-17 12:42:00,2011-09-20 13:41:00
16778.0,2,194,245.94,122.97,16,2011-03-10 15:21:00,2011-09-26 13:48:00
16779.0,53,19411,32809.03,619.0383018867924,1034,2009-12-03 13:03:00,2011-12-07 14:54:00
16780.0,3,352,596.4,198.79999999999998,92,2010-10-28 19:41:00,2011-08-31 16:09:00
16781.0,2,192,623.0,311.5,39,2010-02-08 13:56:00,2010-12-02 14:26:00
16782.0,38,4027,9636.119999999999,253.58210526315787,1605,2009-12-09 11:58:00,2011-11-29 13:20:00
16783.0,1,163,391.95,391.95,25,2010-09-29 11:53:00,2010-09-29 11:53:00
16784.0,5,494,892.33,178.466,156,2010-03-28 12:55:00,2011-11-20 12:20:00
16785.0,1,313,533.78,533.78,35,2010-10-26 10:36:00,2010-10-26 10:36:00
16786.0,1,72,51.839999999999996,51.839999999999996,1,2010-11-11 08:25:00,2010-11-11 08:25:00
16787.0,4,472,1017.53,254.3825,112,2010-01-10 11:12:00,2010-11-07 11:01:00
16788.0,5,965,1928.93,385.786,472,2010-02-07 12:40:00,2011-08-08 14:53:00
16789.0,1,32,80.8,80.8,5,2011-12-01 15:12:00,2011-12-01 15:12:00
16790.0,6,898,1545.6200000000001,257.60333333333335,93,2011-11-02 11:23:00,2011-12-06 11:53:00
16791.0,15,1854,3957.63,263.842,675,2009-12-03 18:08:00,2011-11-10 19:12:00
16792.0,5,324,623.46,124.69200000000001,100,2010-01-04 13:47:00,2011-03-02 14:41:00
16793.0,1,146,243.84,243.84,16,2011-10-13 15:08:00,2011-10-13 15:08:00
16794.0,15,1576,2052.7,136.84666666666666,495,2010-03-25 15:17:00,2011-12-08 17:54:00
16795.0,3,1214,2062.4100000000003,687.4700000000001,326,2010-01-25 13:14:00,2010-12-09 14:08:00
16796.0,1,186,305.62,305.62,18,2011-09-11 14:01:00,2011-09-11 14:01:00
16797.0,5,898,1802.02,360.404,397,2009-12-02 13:33:00,2010-11-11 19:14:00
16798.0,3,205,841.16,280.38666666666666,168,2009-12-10 19:35:00,2010-06-03 19:01:00
16799.0,2,162,452.78,226.39,86,2010-09-12 12:46:00,2010-10-03 14:28:00
16800.0,1,524,1162.65,1162.65,148,2011-11-28 14:06:00,2011-11-28 14:06:00
16801.0,4,493,1594.23,398.5575,75,2011-03-11 13:56:00,2011-06-29 15:33:00
16802.0,2,369,582.61,291.305,52,2009-12-09 13:00:00,2010-01-29 13:44:00
16803.0,1,245,332.3,332.3,24,2011-10-05 14:28:00,2011-10-05 14:28:00
16804.0,3,246,536.99,178.99666666666667,60,2011-03-14 15:48:00,2011-11-16 16:43:00
16805.0,5,1120,1091.34,218.26799999999997,246,2009-12-08 14:29:00,2011-06-19 11:23:00
16806.0,4,356,762.16,190.54,92,2011-04-14 19:59:00,2011-08-28 15:27:00
16807.0,6,1433,2123.88,353.98,142,2010-03-26 14:38:00,2011-07-20 12:00:00
16808.0,2,196,288.42,144.21,23,2011-03-10 19:05:00,2011-09-01 19:34:00
16809.0,9,1093,1727.43,191.93666666666667,257,2010-04-13 15:34:00,2011-11-16 15:45:00
16810.0,2,372,842.04,421.02,34,2010-10-15 15:32:00,2011-05-31 15:32:00
16811.0,2,477,547.0699999999999,273.53499999999997,28,2011-11-22 17:19:00,2011-12-05 11:39:00
16812.0,4,1116,2392.0,598.0,115,2010-11-22 14:36:00,2010-12-14 12:35:00
16813.0,10,1501,1652.18,165.21800000000002,419,2011-05-19 13:28:00,2011-12-01 14:03:00
16814.0,36,4844,11924.85,331.24583333333334,764,2010-04-11 12:45:00,2011-11-25 13:27:00
16815.0,2,237,406.02,203.01,71,2010-06-21 12:05:00,2010-09-12 10:59:00
16816.0,4,274,417.06,104.265,28,2010-12-16 17:01:00,2011-08-28 14:16:00
16817.0,13,1401,2560.7,196.97692307692307,141,2010-10-04 09:06:00,2011-12-07 11:03:00
16818.0,11,2164,3349.57,304.50636363636363,188,2011-05-18 11:42:00,2011-11-29 10:41:00
16819.0,2,253,182.59,91.295,17,2010-08-31 17:31:00,2010-08-31 17:37:00
16820.0,1,307,497.61,497.61,26,2011-09-05 12:06:00,2011-09-05 12:06:00
16821.0,1,13,113.35,113.35,7,2010-11-23 10:04:00,2010-11-23 10:04:00
16822.0,1,171,181.39,181.39,11,2010-01-22 14:22:00,2010-01-22 14:22:00
16823.0,7,1166,2243.09,320.4414285714286,166,2009-12-02 09:57:00,2011-04-26 15:00:00
16824.0,3,390,686.24,228.74666666666667,39,2010-11-11 12:21:00,2011-11-24 12:38:00
16825.0,5,1297,1826.8899999999999,365.378,64,2010-06-23 13:14:00,2011-11-01 11:51:00
16826.0,1,158,341.7,341.7,22,2011-10-19 14:05:00,2011-10-19 14:05:00
16827.0,5,125,392.13,78.426,11,2010-04-29 19:07:00,2010-11-11 14:04:00
16828.0,2,59,128.5,64.25,8,2011-08-19 13:24:00,2011-09-07 15:10:00
16829.0,2,215,513.32,256.66,27,2010-11-16 18:11:00,2011-07-06 10:48:00
16830.0,4,699,1207.5,301.875,75,2009-12-13 12:11:00,2011-11-01 11:35:00
16831.0,1,48,91.8,91.8,6,2010-05-24 09:08:00,2010-05-24 09:08:00
16832.0,5,179,417.61,83.522,21,2010-09-07 12:35:00,2011-06-08 15:36:00
16833.0,6,878,2409.04,401.50666666666666,92,2010-03-26 15:31:00,2011-12-08 14:39:00
16834.0,2,760,898.96,449.48,48,2010-02-03 14:24:00,2011-04-26 09:37:00
16835.0,6,496,1456.66,242.77666666666667,82,2010-05-19 08:41:00,2011-08-03 13:50:00
16836.0,4,539,782.37,195.5925,42,2010-05-14 12:52:00,2011-10-31 10:05:00
16837.0,11,1563,3170.98,288.2709090909091,165,2011-04-08 08:48:00,2011-11-08 14:27:00
16838.0,4,509,1159.6100000000001,289.90250000000003,59,2010-02-14 15:27:00,2011-05-26 13:13:00
16839.0,44,11295,21758.25,494.5056818181818,350,2010-02-11 15:02:00,2011-12-01 09:03:00
16840.0,2,117,139.85,69.925,9,2010-02-03 12:42:00,2010-04-15 15:48:00
16841.0,12,3478,4006.06,333.8383333333333,219,2010-01-12 11:32:00,2011-11-03 11:51:00
16842.0,3,693,1264.19,421.3966666666667,63,2011-02-10 14:51:00,2011-08-31 10:42:00
16843.0,35,18502,19571.43,559.1837142857142,596,2009-12-10 11:40:00,2011-10-28 09:06:00
16844.0,2,281,614.34,307.17,32,2010-05-06 09:16:00,2010-05-26 10:29:00
16845.0,1,167,253.88,253.88,20,2010-03-31 13:09:00,2010-03-31 13:09:00
16846.0,3,517,842.4100000000001,280.80333333333334,47,2010-03-10 12:03:00,2011-10-20 13:55:00
16847.0,2,255,614.8900000000001,307.44500000000005,37,2010-03-31 13:32:00,2011-10-27 13:29:00
16848.0,4,780,1411.62,352.905,85,2010-10-03 11:01:00,2011-10-18 08:42:00
16849.0,1,33,124.57,124.57,8,2011-06-06 09:16:00,2011-06-06 09:16:00
16850.0,1,249,332.41,332.41,19,2011-01-10 11:09:00,2011-01-10 11:09:00
16851.0,3,271,342.45000000000005,114.15000000000002,20,2011-10-19 09:48:00,2011-12-05 13:32:00
16852.0,2,56,144.91,72.455,9,2011-06-16 15:49:00,2011-11-29 13:22:00
16854.0,2,997,1408.96,704.48,75,2010-03-09 14:32:00,2010-10-18 16:31:00
16855.0,2,164,328.4,164.2,19,2011-10-27 16:31:00,2011-11-16 12:03:00
16856.0,3,171,358.49,119.49666666666667,19,2010-09-23 13:11:00,2011-11-25 08:59:00
16857.0,1,168,352.8,352.8,11,2010-09-23 10:49:00,2010-09-23 10:49:00
16858.0,10,1423,4292.59,429.259,125,2009-12-15 11:09:00,2010-12-06 09:52:00
16859.0,7,1899,1932.4099999999999,276.0585714285714,110,2010-03-04 12:37:00,2011-07-18 12:19:00
16860.0,3,625,1610.6200000000001,536.8733333333333,43,2010-02-15 13:46:00,2010-09-13 10:05:00
16861.0,5,616,946.59,189.318,49,2010-07-19 11:44:00,2011-10-11 09:05:00
16862.0,4,513,662.33,165.5825,35,2010-01-07 12:57:00,2010-06-10 13:05:00
16863.0,3,640,834.27,278.09,47,2010-10-26 10:03:00,2011-11-08 15:26:00
16864.0,2,283,409.25,204.625,17,2010-04-20 11:56:00,2010-10-01 16:16:00
16865.0,1,157,130.95,130.95,15,2010-11-03 11:34:00,2010-11-03 11:34:00
16866.0,3,60,207.73999999999998,69.24666666666666,11,2011-07-01 12:34:00,2011-07-22 10:06:00
16867.0,1,58,76.74000000000001,76.74000000000001,6,2010-01-19 09:11:00,2010-01-19 09:11:00
16868.0,3,112,384.56,128.18666666666667,48,2010-04-25 11:31:00,2010-11-10 13:17:00
16869.0,4,583,817.12,204.28,126,2011-06-17 13:01:00,2011-11-17 12:02:00
16870.0,1,278,450.15999999999997,450.15999999999997,28,2010-08-27 13:53:00,2010-08-27 13:53:00
16871.0,6,1253,2812.34,468.72333333333336,137,2011-03-14 10:31:00,2011-11-17 19:27:00
16872.0,6,1079,1213.13,202.18833333333336,18,2010-09-02 17:36:00,2011-09-23 16:05:00
16873.0,12,8601,14617.39,1218.1158333333333,512,2010-02-09 14:17:00,2011-12-05 12:05:00
16874.0,1,78,209.89000000000001,209.89000000000001,31,2010-11-25 13:08:00,2010-11-25 13:08:00
16875.0,11,2099,4234.530000000001,384.95727272727277,230,2010-01-05 09:16:00,2011-10-03 13:39:00
16876.0,1,181,136.01,136.01,32,2010-11-01 11:59:00,2010-11-01 11:59:00
16877.0,6,458,846.62,141.10333333333332,155,2011-05-15 16:13:00,2011-11-27 13:47:00
16878.0,1,12,13.3,13.3,3,2011-09-16 17:39:00,2011-09-16 17:39:00
16880.0,8,904,1813.21,226.65125,179,2010-08-03 13:54:00,2011-11-09 11:33:00
16881.0,1,600,432.0,432.0,1,2011-10-04 10:33:00,2011-10-04 10:33:00
16882.0,3,424,705.12,235.04,39,2011-01-26 17:43:00,2011-10-04 10:42:00
16883.0,19,1016,2246.06,118.21368421052631,265,2009-12-04 12:07:00,2011-06-05 12:51:00
16884.0,4,520,1070.97,267.7425,72,2010-05-18 12:00:00,2011-11-02 11:52:00
16885.0,4,358,684.6,171.15,127,2010-11-19 12:51:00,2011-11-24 13:40:00
16886.0,1,48,134.0,134.0,8,2010-09-09 15:08:00,2010-09-09 15:08:00
16887.0,3,423,658.17,219.39,100,2009-12-01 13:41:00,2011-11-04 14:07:00
16888.0,3,145,434.2,144.73333333333332,51,2010-01-07 13:07:00,2010-11-04 12:39:00
16889.0,6,1611,2526.65,421.10833333333335,216,2010-05-23 10:46:00,2011-05-29 11:05:00
16890.0,3,243,285.40999999999997,95.13666666666666,19,2010-05-06 16:27:00,2010-08-20 11:23:00
16891.0,11,652,1727.94,157.08545454545455,412,2009-12-04 12:37:00,2011-12-08 11:15:00
16892.0,7,367,754.75,107.82142857142857,135,2009-12-08 14:20:00,2011-12-08 13:18:00
16893.0,2,117,249.89000000000001,124.94500000000001,85,2010-11-28 15:14:00,2010-12-08 12:06:00
16894.0,3,503,1306.96,435.65333333333336,187,2010-06-22 14:21:00,2010-07-25 15:43:00
16895.0,5,421,1102.9,220.58,156,2010-02-12 11:07:00,2011-10-06 12:15:00
16896.0,1,18,103.95,103.95,18,2010-06-02 15:40:00,2010-06-02 15:40:00
16897.0,2,73,289.78,144.89,37,2011-01-30 11:52:00,2011-02-13 15:02:00
16898.0,5,695,885.21,177.042,246,2010-05-12 12:18:00,2011-11-13 15:44:00
16899.0,8,811,1695.77,211.97125,172,2010-11-07 15:00:00,2011-12-02 12:03:00
16900.0,3,833,887.11,295.7033333333333,79,2011-10-07 13:17:00,2011-11-23 10:32:00
16901.0,1,42,204.26,204.26,23,2009-12-10 16:30:00,2009-12-10 16:30:00
16902.0,1,629,1706.88,1706.88,43,2011-08-15 14:17:00,2011-08-15 14:17:00
16903.0,3,717,1041.75,347.25,166,2010-10-20 14:42:00,2011-11-10 15:32:00
16904.0,21,2607,4675.36,222.63619047619045,885,2010-10-24 16:03:00,2011-12-05 13:10:00
16905.0,17,1913,4706.7699999999995,276.8688235294117,298,2009-12-10 20:04:00,2011-12-04 14:01:00
16906.0,7,590,1410.92,201.56,210,2010-05-13 13:23:00,2011-09-19 11:49:00
16907.0,9,451,1470.8899999999999,163.4322222222222,209,2010-07-01 17:30:00,2011-11-10 18:04:00
16908.0,1,61,252.59,252.59,20,2009-12-17 13:35:00,2009-12-17 13:35:00
16909.0,1,436,379.14,379.14,18,2011-09-28 16:45:00,2011-09-28 16:45:00
16910.0,8,884,1508.96,188.62,545,2011-09-09 14:14:00,2011-12-05 12:51:00
16911.0,2,161,255.25000000000003,127.62500000000001,35,2010-02-16 16:12:00,2010-03-14 12:18:00
16912.0,15,1689,4460.51,297.36733333333336,172,2009-12-09 12:32:00,2011-11-11 12:18:00
16913.0,3,229,423.90999999999997,141.3033333333333,18,2010-02-26 12:06:00,2011-02-22 12:56:00
16914.0,1,112,183.76,183.76,25,2011-11-03 15:27:00,2011-11-03 15:27:00
16915.0,11,190,1543.18,140.2890909090909,74,2010-05-19 13:32:00,2011-11-30 16:39:00
16916.0,4,649,902.02,225.505,197,2010-10-20 12:56:00,2011-11-16 12:08:00
16917.0,2,792,1851.88,925.94,46,2010-03-17 15:24:00,2011-03-08 11:55:00
16918.0,16,2066,3206.54,200.40875,443,2009-12-03 12:27:00,2011-10-21 12:50:00
16919.0,24,2333,4909.66,204.56916666666666,614,2010-08-19 15:28:00,2011-07-06 13:35:00
16920.0,1,81,355.45,355.45,23,2010-10-24 14:07:00,2010-10-24 14:07:00
16921.0,3,275,409.21000000000004,136.40333333333334,79,2010-04-18 15:34:00,2011-10-09 16:22:00
16922.0,1,281,611.08,611.08,122,2010-05-16 11:24:00,2010-05-16 11:24:00
16923.0,32,6190,13157.130000000001,411.16031250000003,1049,2010-01-31 11:14:00,2011-11-27 13:00:00
16924.0,3,467,829.89,276.63,80,2011-09-16 12:54:00,2011-11-18 12:53:00
16925.0,1,123,125.65,125.65,18,2010-06-17 15:03:00,2010-06-17 15:03:00
16926.0,5,197,1169.61,233.92199999999997,93,2010-07-01 12:57:00,2010-12-03 13:42:00
16927.0,3,993,543.05,181.01666666666665,6,2010-12-13 11:57:00,2011-08-16 11:10:00
16928.0,29,2587,3897.5299999999997,134.39758620689653,308,2010-02-03 12:30:00,2011-09-20 15:10:00
16929.0,7,929,1295.39,185.0557142857143,77,2011-07-07 12:39:00,2011-12-06 08:37:00
16930.0,3,339,378.89,126.29666666666667,53,2011-10-02 14:25:00,2011-11-13 16:13:00
16931.0,23,3357,5032.22,218.79217391304348,939,2010-11-07 13:24:00,2011-12-04 13:15:00
16932.0,3,217,412.55000000000007,137.51666666666668,126,2010-05-17 14:15:00,2011-10-17 14:12:00
16933.0,9,1533,3099.3,344.3666666666667,274,2009-12-09 15:03:00,2011-12-08 12:54:00
16934.0,6,936,2083.14,347.19,139,2010-03-28 12:43:00,2011-10-16 12:40:00
16935.0,3,273,530.86,176.95333333333335,64,2010-10-14 13:09:00,2010-11-23 09:16:00
16936.0,2,339,548.29,274.145,137,2010-11-19 11:54:00,2011-11-14 11:04:00
16937.0,1,123,196.25,196.25,49,2010-07-28 17:56:00,2010-07-28 17:56:00
16938.0,9,5041,6995.360000000001,777.2622222222222,817,2010-02-17 14:47:00,2011-12-01 10:20:00
16939.0,3,229,433.85,144.61666666666667,39,2010-02-28 13:33:00,2010-08-08 12:24:00
16940.0,8,4503,6427.66,803.4575,623,2009-12-08 13:08:00,2011-10-18 13:15:00
16941.0,1,12,33.0,33.0,2,2010-04-07 11:13:00,2010-04-07 11:13:00
16942.0,9,805,1904.99,211.66555555555556,272,2011-04-26 11:59:00,2011-11-27 12:40:00
16943.0,5,147,1299.49,259.898,35,2010-03-25 13:34:00,2011-05-12 11:57:00
16944.0,1,27,101.36,101.36,7,2010-04-09 11:03:00,2010-04-09 11:03:00
16945.0,33,5889,8548.16,259.0351515151515,474,2009-12-09 11:33:00,2011-11-18 11:39:00
16946.0,5,509,1222.04,244.408,75,2010-03-02 10:49:00,2010-11-21 14:06:00
16947.0,5,655,955.21,191.042,53,2010-03-03 10:54:00,2011-04-18 09:38:00
16948.0,7,2091,868.77,124.11,43,2010-02-21 13:48:00,2011-07-24 12:46:00
16949.0,6,791,1286.27,214.37833333333333,60,2011-01-27 12:11:00,2011-12-06 11:07:00
16950.0,10,2432,3541.77,354.177,142,2010-01-24 11:26:00,2011-10-14 09:06:00
16951.0,3,1318,1277.75,425.9166666666667,86,2011-02-08 14:58:00,2011-07-28 12:05:00
16952.0,5,343,795.83,159.166,85,2009-12-11 13:52:00,2011-08-22 13:03:00
16953.0,1,10,20.8,20.8,1,2011-11-09 15:54:00,2011-11-09 15:54:00
16954.0,20,4086,6081.88,304.094,206,2010-01-18 14:49:00,2011-12-09 09:46:00
16955.0,6,723,1120.31,186.71833333333333,50,2010-01-31 11:38:00,2011-06-08 10:36:00
16956.0,1,114,308.74,308.74,16,2011-11-22 08:56:00,2011-11-22 08:56:00
16957.0,2,172,416.64,208.32,16,2011-03-03 09:25:00,2011-04-14 13:56:00
16958.0,1,514,778.49,778.49,69,2010-09-30 14:25:00,2010-09-30 14:25:00
16959.0,1,49,117.35000000000001,117.35000000000001,7,2011-09-13 15:03:00,2011-09-13 15:03:00
16960.0,8,1492,1990.88,248.86,430,2010-03-02 13:36:00,2011-11-01 11:35:00
16961.0,3,482,794.56,264.8533333333333,52,2010-06-25 14:36:00,2011-08-15 13:46:00
16962.0,1,158,251.04,251.04,15,2010-10-26 11:36:00,2010-10-26 11:36:00
16963.0,1,35,110.55000000000001,110.55000000000001,7,2011-06-05 13:48:00,2011-06-05 13:48:00
16964.0,2,49,207.85,103.925,6,2009-12-06 12:51:00,2009-12-06 12:53:00
16965.0,1,291,201.19,201.19,26,2011-04-27 12:08:00,2011-04-27 12:08:00
16966.0,7,1981,2154.97,307.8528571428571,28,2011-04-13 14:17:00,2011-12-01 13:40:00
16967.0,1,333,319.02,319.02,21,2011-06-03 14:24:00,2011-06-03 14:24:00
16968.0,2,326,439.43,219.715,31,2011-08-24 10:51:00,2011-12-05 15:02:00
16969.0,3,816,650.41,216.8033333333333,42,2011-06-01 12:10:00,2011-10-31 13:12:00
16970.0,1,12,71.4,71.4,2,2010-03-23 13:50:00,2010-03-23 13:50:00
16971.0,1,72,357.21,357.21,40,2011-11-01 15:06:00,2011-11-01 15:06:00
16972.0,2,183,749.0,374.5,75,2010-09-09 11:20:00,2010-11-22 10:59:00
16973.0,1,60,127.0,127.0,6,2010-11-18 13:56:00,2010-11-18 13:56:00
16974.0,2,70,365.5,182.75,8,2010-05-24 10:43:00,2010-07-05 10:18:00
16975.0,3,586,926.12,308.70666666666665,45,2010-07-22 11:38:00,2010-10-12 17:53:00
16976.0,1,88,251.51999999999998,251.51999999999998,2,2011-03-17 16:33:00,2011-03-17 16:33:00
16977.0,4,142,496.0,124.0,28,2010-03-18 11:06:00,2010-11-09 13:17:00
16978.0,3,285,768.88,256.29333333333335,67,2010-02-11 16:27:00,2011-09-23 12:50:00
16979.0,9,1451,2859.74,317.74888888888887,128,2010-09-15 14:30:00,2011-12-06 12:21:00
16980.0,3,990,1422.83,474.27666666666664,101,2010-10-07 14:05:00,2011-03-29 16:36:00
16982.0,1,182,384.06,384.06,22,2011-10-10 12:28:00,2011-10-10 12:28:00
16983.0,11,2315,3490.5299999999997,317.3209090909091,228,2010-09-19 12:38:00,2011-11-27 12:10:00
16984.0,9,5127,10350.53,1150.058888888889,1030,2010-03-07 15:34:00,2011-09-12 13:43:00
16985.0,23,3103,10923.16,474.92,243,2009-12-10 13:34:00,2011-11-22 13:33:00
16986.0,11,2539,4888.75,444.4318181818182,174,2010-02-04 14:46:00,2011-11-10 11:55:00
16987.0,11,671,2521.4,229.21818181818182,255,2009-12-02 14:34:00,2011-12-06 17:26:00
16988.0,2,158,382.67,191.335,20,2010-11-25 09:22:00,2011-12-04 16:02:00
16989.0,6,1233,1133.25,188.875,12,2011-07-12 09:11:00,2011-12-02 16:39:00
16990.0,2,200,344.0,172.0,2,2010-10-13 11:42:00,2011-05-05 08:30:00
16991.0,1,793,1041.21,1041.21,74,2010-10-14 14:08:00,2010-10-14 14:08:00
16992.0,13,2061,5476.5,421.2692307692308,285,2010-02-11 12:36:00,2011-11-29 11:50:00
16993.0,2,285,1950.95,975.475,28,2010-05-12 13:55:00,2010-09-02 12:16:00
16996.0,9,919,2123.61,235.95666666666668,75,2010-10-18 12:24:00,2011-11-09 16:43:00
16997.0,3,360,702.0,234.0,12,2011-01-18 11:51:00,2011-02-24 17:28:00
16998.0,5,104,402.0,80.4,6,2010-09-21 14:39:00,2011-07-13 09:44:00
16999.0,2,294,484.82000000000005,242.41000000000003,23,2011-09-26 15:43:00,2011-11-16 13:53:00
17000.0,2,305,406.3,203.15,29,2010-10-27 14:16:00,2010-11-08 13:35:00
17001.0,19,3782,6640.8,349.5157894736842,275,2010-03-25 12:41:00,2011-12-09 09:38:00
17002.0,7,1265,2571.55,367.36428571428576,84,2010-03-08 15:46:00,2011-09-15 12:40:00
17003.0,4,494,828.2099999999999,207.05249999999998,111,2010-05-10 11:20:00,2010-11-02 13:15:00
17004.0,4,1233,2324.36,581.09,69,2010-10-11 15:43:00,2011-10-24 14:25:00
17005.0,2,691,622.36,311.18,17,2010-04-30 10:55:00,2010-08-26 10:57:00
17006.0,8,572,1635.27,204.40875,128,2010-03-05 13:33:00,2011-12-05 12:09:00
17007.0,7,717,1120.1,160.0142857142857,67,2010-09-28 13:51:00,2011-10-20 10:47:00
17008.0,1,24,81.36,81.36,1,2010-10-06 15:19:00,2010-10-06 15:19:00
17009.0,1,336,242.06,242.06,10,2010-06-06 16:01:00,2010-06-06 16:01:00
17010.0,1,118,195.36,195.36,11,2011-11-21 14:49:00,2011-11-21 14:49:00
17011.0,3,792,671.6999999999999,223.89999999999998,28,2010-02-26 09:47:00,2011-11-09 13:30:00
17012.0,1,251,360.61,360.61,34,2009-12-14 17:34:00,2009-12-14 17:34:00
17014.0,3,243,583.4300000000001,194.4766666666667,71,2011-10-04 11:36:00,2011-12-01 14:09:00
17015.0,3,1978,1838.61,612.87,212,2011-06-07 13:19:00,2011-11-11 10:45:00
17016.0,1,309,552.4,552.4,41,2010-05-12 12:32:00,2010-05-12 12:32:00
17017.0,29,9397,12576.99,433.68931034482756,378,2009-12-03 13:22:00,2011-12-07 09:32:00
17018.0,6,456,2287.7,381.2833333333333,37,2009-12-05 10:27:00,2011-10-30 11:42:00
17019.0,11,2396,3602.29,327.4809090909091,612,2009-12-02 11:52:00,2011-11-28 13:06:00
17020.0,2,860,935.62,467.81,69,2010-03-03 12:27:00,2010-06-15 13:06:00
17021.0,6,992,1182.22,197.03666666666666,48,2010-04-29 20:05:00,2010-09-23 20:01:00
17022.0,2,180,260.0,130.0,16,2010-10-03 10:27:00,2011-11-08 17:09:00
17023.0,3,530,800.1800000000001,266.7266666666667,49,2010-01-11 15:09:00,2010-10-18 15:37:00
17024.0,3,69,95.85,31.95,3,2011-07-05 09:31:00,2011-10-25 13:47:00
17025.0,5,885,1349.67,269.934,37,2010-03-08 13:37:00,2011-10-10 09:06:00
17026.0,3,107,175.82999999999998,58.60999999999999,5,2010-10-18 15:22:00,2011-06-07 14:28:00
17027.0,9,645,1310.63,145.62555555555556,168,2009-12-10 12:10:00,2011-09-22 12:24:00
17028.0,3,856,1593.83,531.2766666666666,95,2009-12-18 14:28:00,2010-05-07 15:33:00
17029.0,7,1265,2137.3,305.3285714285715,29,2010-02-14 10:19:00,2011-08-21 11:06:00
17030.0,1,146,146.87,146.87,11,2011-10-07 08:49:00,2011-10-07 08:49:00
17031.0,6,1595,2773.85,462.30833333333334,50,2010-05-07 14:52:00,2011-11-28 10:23:00
17032.0,8,1667,2984.32,373.04,235,2009-12-10 15:36:00,2010-06-10 12:16:00
17033.0,4,871,1332.79,333.1975,40,2010-11-07 12:55:00,2011-09-14 14:34:00
17034.0,5,694,1276.42,255.28400000000002,58,2010-07-14 12:55:00,2011-11-23 15:14:00
17035.0,4,327,613.59,153.3975,33,2009-12-03 10:37:00,2011-04-08 11:23:00
17036.0,1,76,176.9,176.9,12,2010-11-21 14:26:00,2010-11-21 14:26:00
17037.0,1,656,1267.32,1267.32,75,2011-09-13 12:49:00,2011-09-13 12:49:00
17038.0,2,535,743.17,371.585,63,2010-10-20 16:04:00,2011-11-09 13:50:00
17039.0,1,689,1954.99,1954.99,44,2010-04-14 12:56:00,2010-04-14 12:56:00
17040.0,2,189,463.25,231.625,16,2010-06-07 15:08:00,2011-07-25 10:19:00
17041.0,6,1303,1655.2,275.8666666666667,123,2010-04-18 14:25:00,2011-11-13 11:21:00
17042.0,5,990,1036.58,207.31599999999997,97,2011-04-06 14:53:00,2011-12-07 12:26:00
17043.0,8,1616,2593.65,324.20625,196,2009-12-09 15:20:00,2011-11-07 15:33:00
17044.0,12,5722,11962.300000000001,996.8583333333335,149,2009-12-07 12:25:00,2011-11-14 14:28:00
17045.0,5,294,827.6800000000001,165.536,52,2010-10-06 14:52:00,2011-08-18 17:09:00
17046.0,5,1636,1906.0700000000002,381.21400000000006,85,2010-03-29 13:46:00,2011-07-05 14:24:00
17047.0,6,1184,2289.23,381.53833333333336,142,2009-12-08 08:48:00,2011-09-15 13:27:00
17048.0,7,1068,2071.6800000000003,295.95428571428573,101,2010-01-18 13:55:00,2011-08-14 11:49:00
17049.0,19,4273,9942.53,523.291052631579,557,2010-03-04 10:23:00,2011-12-07 10:48:00
17050.0,11,2432,4648.59,422.59909090909093,342,2010-01-26 14:54:00,2011-09-04 13:48:00
17051.0,4,507,706.49,176.6225,151,2010-03-21 14:55:00,2011-05-29 14:13:00
17052.0,1,251,399.09,399.09,72,2011-11-11 14:50:00,2011-11-11 14:50:00
17053.0,1,122,498.48,498.48,13,2011-08-01 10:23:00,2011-08-01 10:23:00
17054.0,5,804,1356.33,271.26599999999996,83,2011-04-08 13:14:00,2011-11-11 12:56:00
17055.0,1,83,232.85,232.85,24,2010-09-20 12:21:00,2010-09-20 12:21:00
17056.0,1,26,128.60000000000002,128.60000000000002,8,2009-12-01 12:55:00,2009-12-01 12:55:00
17057.0,1,129,294.74,294.74,48,2010-04-22 19:21:00,2010-04-22 19:21:00
17058.0,3,592,1179.89,393.2966666666667,62,2011-04-14 09:18:00,2011-09-19 10:13:00
17059.0,9,3107,4864.57,540.5077777777777,708,2010-01-26 14:43:00,2011-11-10 12:27:00
17060.0,1,216,234.24,234.24,5,2011-03-18 13:27:00,2011-03-18 13:27:00
17061.0,11,1526,5232.2300000000005,475.65727272727275,99,2011-04-21 13:29:00,2011-09-27 11:24:00
17062.0,6,644,889.75,148.29166666666666,119,2010-09-26 11:57:00,2011-01-30 11:01:00
17063.0,13,1899,3638.53,279.8869230769231,205,2009-12-01 12:36:00,2011-11-18 16:19:00
17064.0,3,316,855.45,285.15000000000003,60,2011-01-16 16:10:00,2011-10-12 10:18:00
17065.0,2,82,194.7,97.35,12,2010-03-12 11:40:00,2010-03-12 11:41:00
17066.0,1,93,228.34,228.34,17,2009-12-13 13:24:00,2009-12-13 13:24:00
17067.0,3,322,454.53999999999996,151.51333333333332,13,2009-12-08 12:03:00,2009-12-15 08:39:00
17068.0,47,4351,8987.68,191.2272340425532,990,2010-03-28 14:26:00,2011-11-27 13:14:00
17069.0,14,3230,5517.2300000000005,394.08785714285716,284,2009-12-03 12:27:00,2011-11-11 17:13:00
17070.0,2,232,437.42,218.71,103,2010-10-25 15:57:00,2011-08-17 17:01:00
17071.0,13,1934,3793.71,291.82384615384615,211,2010-01-24 13:05:00,2011-11-11 16:31:00
17072.0,1,212,273.35,273.35,20,2010-03-24 16:33:00,2010-03-24 16:33:00
17073.0,4,759,1446.09,361.5225,171,2011-08-22 14:37:00,2011-11-22 11:47:00
17074.0,1,19,203.05,203.05,4,2010-05-26 12:04:00,2010-05-26 12:04:00
17075.0,10,785,2236.63,223.663,195,2009-12-14 11:24:00,2011-11-22 11:58:00
17076.0,6,514,1242.75,207.125,50,2009-12-04 12:12:00,2011-11-03 17:53:00
17077.0,1,36,306.0,306.0,1,2010-05-10 16:36:00,2010-05-10 16:36:00
17078.0,2,788,378.2,189.1,28,2011-11-03 18:49:00,2011-11-03 19:17:00
17079.0,1,24,118.80000000000001,118.80000000000001,2,2011-09-22 15:34:00,2011-09-22 15:34:00
17080.0,7,569,957.53,136.79,33,2010-07-01 16:03:00,2011-11-17 12:59:00
17081.0,6,381,949.39,158.23166666666665,206,2010-02-22 13:19:00,2011-11-14 12:56:00
17082.0,6,2526,4732.030000000001,788.6716666666667,170,2009-12-15 11:25:00,2011-11-06 15:17:00
17083.0,9,1955,4049.79,449.9766666666667,115,2010-02-09 11:46:00,2011-08-22 15:43:00
17084.0,3,3178,5001.21,1667.07,279,2010-11-08 14:20:00,2011-11-04 14:54:00
17085.0,28,3583,7847.67,280.2739285714286,970,2009-12-06 12:16:00,2011-08-08 14:15:00
17086.0,6,1859,2050.08,341.68,96,2011-10-07 11:22:00,2011-12-02 13:54:00
17087.0,1,113,221.53,221.53,12,2009-12-02 10:41:00,2009-12-02 10:41:00
17088.0,4,868,1991.01,497.7525,115,2011-03-31 09:48:00,2011-11-11 14:23:00
17089.0,1,35,128.45,128.45,4,2010-11-18 15:33:00,2010-11-18 15:33:00
17090.0,13,1344,3080.1800000000003,236.9369230769231,89,2010-07-19 16:02:00,2011-12-05 13:44:00
17091.0,19,3732,7495.75,394.5131578947368,452,2009-12-16 15:45:00,2011-12-07 10:43:00
17092.0,11,3768,5511.41,501.0372727272727,376,2010-02-02 16:42:00,2011-10-20 19:51:00
17093.0,1,114,235.88,235.88,13,2010-04-26 10:22:00,2010-04-26 10:22:00
17094.0,2,212,402.2,201.1,18,2010-10-12 10:48:00,2011-01-21 13:09:00
17095.0,7,1695,2572.25,367.4642857142857,137,2009-12-15 12:32:00,2011-11-17 12:21:00
17096.0,11,1559,3697.93,336.17545454545456,202,2010-06-02 14:48:00,2011-11-24 15:01:00
17097.0,9,582,1143.36,127.03999999999999,266,2010-10-05 14:09:00,2011-12-07 17:05:00
17098.0,3,125,591.07,197.02333333333334,18,2010-06-17 10:30:00,2010-11-23 12:13:00
17099.0,1,317,582.17,582.17,40,2010-06-24 16:25:00,2010-06-24 16:25:00
17100.0,2,800,971.74,485.87,65,2011-11-21 16:36:00,2011-11-21 16:36:00
17101.0,7,1175,2507.05,358.15000000000003,73,2010-06-07 15:12:00,2011-11-29 13:57:00
17102.0,1,2,25.5,25.5,1,2011-03-23 10:08:00,2011-03-23 10:08:00
17103.0,1,471,424.3,424.3,32,2009-12-17 14:08:00,2009-12-17 14:08:00
17104.0,1,149,474.03,474.03,19,2010-10-12 12:21:00,2010-10-12 12:21:00
17105.0,2,693,665.78,332.89,90,2011-02-06 14:46:00,2011-07-03 15:53:00
17106.0,1,153,481.58,481.58,51,2010-11-15 14:11:00,2010-11-15 14:11:00
17107.0,10,7530,16052.720000000001,1605.2720000000002,652,2010-01-31 15:47:00,2011-11-06 14:14:00
17108.0,1,31,174.95,174.95,9,2010-02-14 12:22:00,2010-02-14 12:22:00
17109.0,8,788,1291.71,161.46375,137,2010-07-30 12:42:00,2011-11-10 16:59:00
17110.0,3,136,499.9,166.63333333333333,47,2010-04-08 13:32:00,2011-06-27 12:58:00
17111.0,2,581,459.58000000000004,229.79000000000002,48,2010-10-10 15:21:00,2011-10-23 15:59:00
17112.0,1,130,197.57,197.57,44,2010-07-25 11:14:00,2010-07-25 11:14:00
17113.0,6,913,2305.59,384.26500000000004,154,2010-01-11 10:14:00,2010-05-14 13:59:00
17114.0,8,215,801.12,100.14,120,2011-01-09 11:39:00,2011-12-04 12:17:00
17115.0,7,885,2761.49,394.4985714285714,120,2009-12-05 12:13:00,2011-12-01 14:30:00
17116.0,1,392,389.78,389.78,47,2010-03-01 16:29:00,2010-03-01 16:29:00
17117.0,1,68,116.19999999999999,116.19999999999999,9,2011-02-24 13:54:00,2011-02-24 13:54:00
17118.0,1,154,157.02,157.02,10,2011-01-26 12:19:00,2011-01-26 12:19:00
17119.0,2,334,606.91,303.455,35,2011-10-11 11:03:00,2011-12-06 14:40:00
17120.0,1,120,307.46,307.46,18,2011-04-20 15:21:00,2011-04-20 15:21:00
17121.0,1,106,314.74,314.74,12,2010-11-02 11:47:00,2010-11-02 11:47:00
17122.0,4,368,570.5,142.625,30,2010-07-28 09:34:00,2011-08-12 14:33:00
17123.0,3,676,977.17,325.7233333333333,43,2010-05-16 11:52:00,2011-07-01 10:47:00
17124.0,1,129,294.24,294.24,31,2011-06-07 14:02:00,2011-06-07 14:02:00
17125.0,1,281,230.5,230.5,34,2011-10-20 14:41:00,2011-10-20 14:41:00
17126.0,9,1426,2016.43,224.04777777777778,430,2010-08-31 13:41:00,2011-07-10 13:52:00
17127.0,5,340,1155.0300000000002,231.00600000000003,37,2009-12-04 15:18:00,2010-10-07 09:54:00
17128.0,1,76,157.09,157.09,14,2011-01-09 12:02:00,2011-01-09 12:02:00
17129.0,1,5,31.85,31.85,2,2010-07-07 13:46:00,2010-07-07 13:46:00
17131.0,5,983,2463.17,492.634,123,2011-09-25 12:42:00,2011-12-04 12:52:00
17132.0,2,963,1220.9099999999999,610.4549999999999,68,2010-08-08 13:49:00,2010-09-13 16:31:00
17133.0,12,10107,14622.33,1218.5275,56,2010-03-21 12:31:00,2011-11-24 12:27:00
17134.0,3,144,625.3,208.4333333333333,36,2010-09-23 18:32:00,2011-08-25 09:53:00
17135.0,10,1686,1722.18,172.21800000000002,140,2010-05-09 16:03:00,2011-11-23 16:48:00
17136.0,1,256,231.68,231.68,14,2010-02-15 13:13:00,2010-02-15 13:13:00
17137.0,6,680,1099.81,183.30166666666665,165,2010-01-31 12:27:00,2010-10-19 14:51:00
17138.0,7,2024,4417.27,631.0385714285715,256,2010-02-04 14:19:00,2011-03-09 11:54:00
17139.0,25,9853,19566.76,782.6704,808,2010-01-11 11:31:00,2011-11-24 10:12:00
17140.0,1,296,454.12,454.12,16,2011-04-06 13:33:00,2011-04-06 13:33:00
17141.0,4,423,727.58,181.895,161,2010-01-24 14:19:00,2010-10-17 14:54:00
17142.0,4,322,1275.25,318.8125,89,2010-01-24 15:23:00,2011-04-14 18:22:00
17143.0,2,314,880.97,440.485,101,2010-07-12 13:26:00,2010-10-18 15:27:00
17144.0,2,483,984.5699999999999,492.28499999999997,48,2011-09-16 12:50:00,2011-12-08 17:57:00
17145.0,4,2591,3120.91,780.2275,180,2010-02-19 12:07:00,2010-07-15 09:02:00
17146.0,13,2188,5852.64,450.20307692307694,298,2010-02-02 09:39:00,2011-08-26 12:44:00
17147.0,9,1308,3199.95,355.54999999999995,136,2010-01-11 09:38:00,2011-11-17 12:32:00
17148.0,1,82,124.88,124.88,9,2011-10-19 09:59:00,2011-10-19 09:59:00
17149.0,1,18,143.10000000000002,143.10000000000002,6,2010-09-14 14:56:00,2010-09-14 14:56:00
17150.0,6,397,1357.95,226.32500000000002,92,2009-12-06 10:51:00,2010-11-28 11:27:00
17151.0,1,42,231.90000000000003,231.90000000000003,4,2009-12-04 14:56:00,2009-12-04 14:56:00
17152.0,4,577,2016.5,504.125,16,2010-10-10 12:40:00,2011-05-29 12:19:00
17153.0,1,104,213.78,213.78,14,2011-11-15 13:42:00,2011-11-15 13:42:00
17154.0,1,490,329.34,329.34,23,2011-09-25 13:42:00,2011-09-25 13:42:00
17155.0,7,987,892.46,127.49428571428572,70,2009-12-03 11:34:00,2011-11-22 12:38:00
17156.0,1,391,591.87,591.87,39,2010-08-05 11:30:00,2010-08-05 11:30:00
17157.0,19,2092,5151.9,271.15263157894736,141,2009-12-04 13:00:00,2011-12-02 09:10:00
17158.0,5,1147,1980.0,396.0,113,2010-03-07 15:50:00,2011-11-07 15:15:00
17159.0,5,1348,2099.59,419.918,130,2010-03-04 14:53:00,2011-11-18 10:52:00
17160.0,17,8390,10209.16,600.5388235294117,651,2009-12-04 10:57:00,2011-11-08 14:05:00
17161.0,1,537,856.01,856.01,52,2010-09-21 16:44:00,2010-09-21 16:44:00
17162.0,10,1001,1715.46,171.546,104,2011-02-07 12:27:00,2011-11-11 11:34:00
17163.0,4,531,699.78,174.945,30,2010-02-02 10:39:00,2011-11-18 08:57:00
17164.0,7,1501,2467.35,352.4785714285714,144,2011-03-11 14:26:00,2011-11-07 09:14:00
17165.0,6,788,1794.3200000000002,299.05333333333334,100,2009-12-11 09:18:00,2011-02-28 16:39:00
17166.0,2,78,206.34,103.17,12,2011-05-20 08:18:00,2011-11-01 09:46:00
17167.0,3,429,867.11,289.0366666666667,78,2010-09-20 14:02:00,2010-11-25 10:05:00
17168.0,1,220,400.2,400.2,21,2010-07-29 12:33:00,2010-07-29 12:33:00
17169.0,3,671,1156.73,385.57666666666665,75,2010-05-10 13:00:00,2011-10-13 10:25:00
17170.0,2,152,178.68,89.34,10,2010-11-15 16:23:00,2010-11-30 15:55:00
17171.0,2,225,384.59000000000003,192.29500000000002,25,2010-02-16 12:02:00,2011-02-23 16:37:00
17172.0,3,1215,956.5699999999999,318.8566666666666,39,2009-12-13 11:46:00,2011-09-22 09:36:00
17173.0,8,1122,3766.6000000000004,470.82500000000005,86,2011-07-31 15:26:00,2011-12-04 14:40:00
17174.0,1,41,59.9,59.9,4,2011-05-06 11:47:00,2011-05-06 11:47:00
17175.0,4,866,1443.69,360.9225,63,2011-02-16 14:56:00,2011-10-26 15:31:00
17176.0,3,576,902.3199999999999,300.7733333333333,42,2010-01-31 15:49:00,2011-05-22 12:41:00
17177.0,1,40,119.5,119.5,29,2010-07-22 14:53:00,2010-07-22 14:53:00
17178.0,1,100,432.96,432.96,31,2009-12-08 16:20:00,2009-12-08 16:20:00
17179.0,6,625,1507.26,251.21,155,2010-05-26 11:22:00,2011-06-14 16:48:00
17180.0,11,1809,2236.77,203.34272727272727,395,2010-01-21 17:43:00,2011-10-14 15:46:00
17181.0,3,268,309.85,103.28333333333335,28,2010-04-23 11:21:00,2011-10-13 14:48:00
17182.0,2,54,321.3,160.65,6,2009-12-21 15:22:00,2010-10-13 10:09:00
17183.0,6,1296,3347.3100000000004,557.8850000000001,73,2011-08-26 15:25:00,2011-12-02 10:07:00
17184.0,2,73,198.41000000000003,99.20500000000001,14,2009-12-09 14:17:00,2010-05-19 14:24:00
17185.0,3,119,229.46,76.48666666666666,44,2010-04-20 13:49:00,2010-04-27 12:15:00
17186.0,2,200,144.0,72.0,2,2011-10-10 12:52:00,2011-10-24 10:20:00
17187.0,2,426,467.71,233.855,23,2010-07-01 14:38:00,2011-04-27 12:39:00
17188.0,13,2569,4592.93,353.3023076923077,172,2009-12-08 19:16:00,2011-11-28 13:53:00
17189.0,5,601,953.6300000000001,190.72600000000003,119,2009-12-02 11:45:00,2011-08-25 19:39:00
17190.0,7,2218,1726.57,246.65285714285713,184,2010-03-05 13:21:00,2011-10-12 11:33:00
17191.0,15,2208,4310.34,287.356,484,2009-12-01 16:34:00,2011-11-11 16:58:00
17192.0,1,45,75.28,75.28,20,2010-06-21 16:07:00,2010-06-21 16:07:00
17193.0,9,1668,2310.04,256.6711111111111,44,2009-12-02 10:02:00,2011-11-04 12:47:00
17194.0,3,420,812.5,270.8333333333333,58,2010-06-27 13:16:00,2011-03-11 12:05:00
17195.0,1,486,562.98,562.98,31,2010-02-22 13:05:00,2010-02-22 13:05:00
17196.0,1,154,327.75,327.75,84,2010-10-08 11:31:00,2010-10-08 11:31:00
17197.0,1,191,1013.01,1013.01,29,2011-11-10 10:32:00,2011-11-10 10:32:00
17198.0,3,357,692.22,230.74,93,2010-12-03 14:54:00,2011-11-16 10:39:00
17199.0,1,232,135.04000000000002,135.04000000000002,8,2010-05-06 13:53:00,2010-05-06 13:53:00
17200.0,4,367,356.71,89.1775,25,2010-02-25 13:23:00,2010-11-17 13:04:00
17201.0,4,1004,1143.1,285.775,161,2010-02-10 12:26:00,2011-10-17 11:55:00
17202.0,1,55,160.65,160.65,8,2010-10-15 11:25:00,2010-10-15 11:25:00
17203.0,10,4597,5564.09,556.409,259,2010-11-16 12:52:00,2011-11-04 12:27:00
17204.0,9,2651,5504.6900000000005,611.6322222222223,177,2010-06-10 11:37:00,2011-06-17 14:46:00
17205.0,3,2214,999.3499999999999,333.1166666666666,35,2010-05-24 15:36:00,2011-10-17 12:46:00
17206.0,1,76,204.24,204.24,7,2011-10-17 13:25:00,2011-10-17 13:25:00
17207.0,1,233,292.62,292.62,55,2010-02-25 19:08:00,2010-02-25 19:08:00
17208.0,1,101,111.15,111.15,21,2010-11-09 12:50:00,2010-11-09 12:50:00
17209.0,3,723,595.7,198.5666666666667,37,2009-12-03 11:10:00,2010-02-28 16:01:00
17210.0,1,242,251.72,251.72,47,2010-11-12 12:15:00,2010-11-12 12:15:00
17211.0,13,2141,3773.3500000000004,269.52500000000003,339,2009-12-13 13:17:00,2011-11-13 12:03:00
17212.0,3,727,794.41,264.80333333333334,29,2010-08-10 09:22:00,2011-03-31 19:42:00
17213.0,13,2087,4869.400000000001,374.5692307692308,266,2009-12-15 10:28:00,2011-10-30 14:53:00
17214.0,6,272,1059.1200000000001,176.52,99,2010-12-15 15:14:00,2011-10-10 13:17:00
17215.0,1,104,186.15,186.15,11,2010-09-01 13:39:00,2010-09-01 13:39:00
17216.0,1,21,63.6,63.6,13,2010-06-03 13:03:00,2010-06-03 13:03:00
17217.0,2,93,210.1,105.05,27,2010-03-30 13:35:00,2011-04-19 17:19:00
17218.0,18,2066,3891.39,216.18833333333333,466,2010-01-25 16:12:00,2011-12-05 13:52:00
17219.0,2,188,259.13,129.565,48,2010-10-19 11:29:00,2011-11-08 11:25:00
17220.0,21,2663,4457.31,212.25285714285715,658,2010-01-20 11:57:00,2011-11-15 13:47:00
17221.0,5,713,976.62,195.324,122,2010-04-11 15:34:00,2011-12-02 13:35:00
17222.0,6,857,1579.51,263.25166666666667,110,2010-01-10 15:24:00,2011-10-05 13:58:00
17223.0,3,155,558.04,186.01333333333332,68,2010-11-29 17:19:00,2011-02-02 15:57:00
17224.0,1,65,100.86,100.86,8,2010-07-26 13:30:00,2010-07-26 13:30:00
17225.0,1,36,131.15,131.15,5,2010-05-07 11:38:00,2010-05-07 11:38:00
17226.0,3,853,895.47,298.49,58,2010-02-12 14:31:00,2011-02-04 11:52:00
17227.0,12,1681,1878.93,156.57750000000001,110,2010-01-15 15:05:00,2011-11-21 10:51:00
17228.0,13,2354,2820.03,216.92538461538464,324,2010-03-12 11:54:00,2011-11-24 10:24:00
17229.0,2,185,318.76,159.38,47,2011-07-20 12:38:00,2011-09-04 13:56:00
17230.0,18,3753,9388.49,521.5827777777778,217,2009-12-08 13:41:00,2011-03-20 16:12:00
17231.0,25,3681,7064.8,282.592,1151,2009-12-07 16:38:00,2011-11-27 15:18:00
17232.0,2,202,417.77,208.885,35,2011-11-25 12:24:00,2011-12-07 12:21:00
17233.0,3,298,560.86,186.95333333333335,58,2009-12-15 12:03:00,2011-11-04 14:06:00
17234.0,1,55,149.89000000000001,149.89000000000001,14,2011-06-10 11:20:00,2011-06-10 11:20:00
17235.0,8,845,1562.98,195.3725,89,2010-06-04 17:01:00,2011-11-14 15:51:00
17236.0,12,804,1929.26,160.77166666666668,156,2010-03-07 13:00:00,2011-11-27 12:00:00
17237.0,4,414,994.13,248.5325,77,2010-11-23 11:45:00,2011-11-28 15:02:00
17238.0,32,3555,7331.67,229.1146875,1093,2009-12-01 10:59:00,2011-12-07 11:35:00
17239.0,4,515,1189.45,297.3625,32,2010-07-01 10:53:00,2011-01-31 09:41:00
17240.0,1,108,130.6,130.6,7,2010-04-22 15:44:00,2010-04-22 15:44:00
17241.0,12,859,2736.6400000000003,228.05333333333337,170,2010-02-15 14:47:00,2010-11-19 13:01:00
17242.0,5,1459,2889.2799999999997,577.856,84,2010-01-24 10:27:00,2011-08-23 14:55:00
17243.0,69,7932,20203.58,292.80550724637686,1042,2009-12-01 15:36:00,2011-12-08 13:26:00
17244.0,5,1419,1826.04,365.20799999999997,118,2009-12-06 11:27:00,2011-10-17 15:19:00
17245.0,2,307,371.63,185.815,24,2010-01-19 15:39:00,2011-05-19 10:43:00
17246.0,2,36,38.92,19.46,6,2009-12-01 17:45:00,2010-06-11 12:36:00
17247.0,1,105,280.09000000000003,280.09000000000003,53,2011-11-24 15:21:00,2011-11-24 15:21:00
17248.0,2,276,500.53999999999996,250.26999999999998,102,2010-08-15 11:55:00,2011-08-11 13:34:00
17249.0,1,79,68.03,68.03,27,2010-10-07 11:33:00,2010-10-07 11:33:00
17250.0,2,167,381.97,190.985,55,2011-03-23 16:45:00,2011-12-06 12:15:00
17251.0,3,377,798.98,266.32666666666665,77,2009-12-15 10:36:00,2010-12-12 11:06:00
17252.0,2,192,348.90999999999997,174.45499999999998,86,2011-06-06 16:41:00,2011-08-15 09:45:00
17253.0,1,43,178.26,178.26,18,2011-11-21 12:59:00,2011-11-21 12:59:00
17254.0,3,397,469.48,156.49333333333334,147,2010-11-03 14:00:00,2011-12-05 12:46:00
17255.0,4,583,781.7,195.425,173,2010-09-19 15:53:00,2011-10-30 12:18:00
17256.0,5,299,498.93,99.786,28,2010-04-18 13:40:00,2011-08-24 13:30:00
17257.0,2,187,189.78,94.89,14,2010-09-29 12:49:00,2010-09-29 12:51:00
17258.0,2,188,417.30000000000007,208.65000000000003,54,2010-02-12 15:51:00,2010-11-08 12:37:00
17259.0,6,844,1452.39,242.06500000000003,221,2010-02-22 13:38:00,2011-07-14 15:01:00
17260.0,1,23,120.95,120.95,6,2010-10-24 13:21:00,2010-10-24 13:21:00
17261.0,1,95,221.59,221.59,43,2010-07-18 11:49:00,2010-07-18 11:49:00
17262.0,11,635,2488.76,226.25090909090912,19,2009-12-15 11:26:00,2011-10-18 12:56:00
17263.0,1,36,63.440000000000005,63.440000000000005,23,2011-05-15 14:32:00,2011-05-15 14:32:00
17264.0,1,217,268.28,268.28,70,2010-10-11 12:52:00,2010-10-11 12:52:00
17265.0,2,389,550.01,275.005,118,2011-06-12 12:00:00,2011-07-24 10:49:00
17266.0,5,243,501.72,100.34400000000001,109,2010-03-09 10:42:00,2011-12-07 14:12:00
17267.0,2,158,317.20000000000005,158.60000000000002,37,2011-08-04 17:19:00,2011-08-04 17:22:00
17268.0,11,1395,1733.8899999999999,157.62636363636364,30,2009-12-08 11:46:00,2011-08-24 10:06:00
17269.0,1,314,491.81,491.81,110,2010-11-19 11:12:00,2010-11-19 11:12:00
17270.0,2,420,601.45,300.725,46,2009-12-07 17:18:00,2010-08-27 14:09:00
17271.0,1,113,204.3,204.3,46,2009-12-03 13:49:00,2009-12-03 13:49:00
17272.0,4,1778,2148.63,537.1575,114,2011-03-22 12:05:00,2011-10-28 16:37:00
17273.0,1,133,141.12,141.12,12,2010-10-11 15:57:00,2010-10-11 15:57:00
17274.0,2,271,573.22,286.61,76,2010-11-09 12:06:00,2011-11-04 13:16:00
17275.0,1,71,114.1,114.1,23,2010-11-21 13:26:00,2010-11-21 13:26:00
17276.0,1,187,502.49,502.49,50,2010-11-02 16:20:00,2010-11-02 16:20:00
17277.0,2,430,1065.35,532.675,69,2011-01-21 12:37:00,2011-04-26 12:47:00
17278.0,2,195,271.24,135.62,17,2010-05-23 13:49:00,2011-04-12 13:10:00
17279.0,1,48,187.82999999999998,187.82999999999998,8,2011-10-13 11:58:00,2011-10-13 11:58:00
17280.0,1,74,118.85999999999999,118.85999999999999,6,2010-09-27 16:46:00,2010-09-27 16:46:00
17281.0,6,295,797.8499999999999,132.975,6,2010-02-04 13:00:00,2010-11-30 18:05:00
17282.0,5,2332,2308.54,461.70799999999997,199,2010-06-09 12:07:00,2011-08-01 14:29:00
17283.0,1,179,188.46,188.46,15,2010-11-26 11:53:00,2010-11-26 11:53:00
17284.0,8,2069,2788.06,348.5075,368,2010-09-20 16:18:00,2011-10-10 14:38:00
17285.0,2,134,407.94,203.97,43,2010-02-14 14:10:00,2010-03-21 13:38:00
17286.0,3,368,389.18,129.72666666666666,90,2010-11-04 13:43:00,2011-11-18 12:47:00
17287.0,21,1955,3826.86,182.23142857142858,460,2009-12-03 12:45:00,2011-11-13 13:27:00
17288.0,11,1699,2468.4300000000003,224.4027272727273,276,2010-11-10 14:44:00,2011-11-30 16:09:00
17289.0,9,1237,2041.8,226.86666666666667,250,2010-03-08 12:52:00,2011-11-08 12:01:00
17290.0,8,1139,1487.96,185.995,191,2009-12-13 13:28:00,2011-12-06 12:38:00
17291.0,1,72,550.8000000000001,550.8000000000001,1,2011-02-04 13:04:00,2011-02-04 13:04:00
17292.0,2,131,271.75,135.875,14,2010-05-09 14:52:00,2010-08-24 17:14:00
17293.0,17,2228,3750.63,220.62529411764706,234,2009-12-03 15:09:00,2011-12-01 14:37:00
17294.0,2,297,467.78999999999996,233.89499999999998,17,2010-02-08 14:21:00,2010-02-08 16:12:00
17295.0,3,293,547.0,182.33333333333334,68,2011-10-06 12:22:00,2011-11-11 10:49:00
17296.0,1,216,338.13,338.13,32,2009-12-09 14:01:00,2009-12-09 14:01:00
17297.0,1,65,128.18,128.18,49,2011-11-22 14:43:00,2011-11-22 14:43:00
17298.0,5,852,954.26,190.852,69,2010-03-08 08:56:00,2011-08-30 16:43:00
17299.0,6,919,993.23,165.53833333333333,107,2010-08-15 16:00:00,2011-11-28 12:01:00
17300.0,2,467,393.64,196.82,43,2010-08-15 11:02:00,2010-11-14 10:56:00
17301.0,2,216,294.39,147.195,111,2010-03-25 13:16:00,2011-11-18 13:43:00
17302.0,5,575,1135.63,227.12600000000003,79,2011-02-07 10:14:00,2011-11-25 09:36:00
17303.0,1,144,250.04,250.04,53,2010-12-13 13:32:00,2010-12-13 13:32:00
17304.0,1,73,111.5,111.5,5,2010-06-23 16:23:00,2010-06-23 16:23:00
17305.0,1,1006,2135.46,2135.46,9,2010-03-01 12:47:00,2010-03-01 12:47:00
17306.0,21,13747,9782.35,465.8261904761905,72,2010-11-01 11:38:00,2011-11-29 12:14:00
17307.0,11,3667,3999.8900000000003,363.6263636363637,48,2010-01-19 16:38:00,2010-11-09 13:40:00
17308.0,2,5148,4511.76,2255.88,7,2010-09-13 09:35:00,2010-11-11 13:19:00
17309.0,3,181,320.39,106.79666666666667,34,2010-02-04 15:49:00,2011-09-05 15:20:00
17310.0,2,402,1025.1,512.55,2,2010-06-23 11:38:00,2010-11-17 16:00:00
17311.0,6,2755,3566.56,594.4266666666666,127,2010-02-03 12:38:00,2011-09-22 14:11:00
17312.0,3,372,644.3,214.76666666666665,14,2011-07-03 13:12:00,2011-07-24 11:52:00
17313.0,1,1402,2328.84,2328.84,24,2011-11-08 15:45:00,2011-11-08 15:45:00
17314.0,17,3663,4904.43,288.4958823529412,256,2009-12-03 11:25:00,2011-11-15 09:41:00
17315.0,43,5088,9599.58,223.2460465116279,739,2010-09-27 12:45:00,2011-12-08 12:15:00
17316.0,1,44,124.45,124.45,35,2010-10-15 14:35:00,2010-10-15 14:35:00
17317.0,3,1146,2600.34,866.7800000000001,9,2011-09-11 12:45:00,2011-10-24 17:19:00
17318.0,1,59,157.32999999999998,157.32999999999998,17,2009-12-14 13:11:00,2009-12-14 13:11:00
17319.0,1,14,29.1,29.1,3,2010-02-08 15:47:00,2010-02-08 15:47:00
17320.0,6,1182,2444.85,407.47499999999997,152,2010-01-21 16:29:00,2011-08-31 13:31:00
17321.0,6,790,1665.21,277.535,256,2010-05-11 12:10:00,2011-12-01 13:41:00
17322.0,5,631,922.59,184.518,171,2009-12-03 11:46:00,2010-11-28 14:41:00
17323.0,12,1426,1551.04,129.25333333333333,328,2010-01-10 11:58:00,2011-11-24 17:29:00
17324.0,12,1485,2171.07,180.9225,144,2009-12-18 15:29:00,2011-11-22 10:34:00
17325.0,3,465,609.5699999999999,203.18999999999997,39,2010-03-08 11:31:00,2011-03-04 13:09:00
17326.0,2,136,312.35,156.175,84,2010-06-28 14:05:00,2010-10-27 15:38:00
17327.0,2,59,152.35,76.175,4,2010-05-26 11:20:00,2010-10-26 09:54:00
17328.0,1,86,104.7,104.7,6,2010-02-04 17:11:00,2010-02-04 17:11:00
17329.0,5,430,998.53,199.706,104,2009-12-03 16:09:00,2011-11-25 14:24:00
17330.0,4,122,423.79999999999995,105.94999999999999,8,2010-03-02 09:20:00,2011-11-17 08:56:00
17331.0,1,16,175.2,175.2,1,2011-08-08 11:55:00,2011-08-08 11:55:00
17332.0,5,794,838.27,167.654,93,2010-02-21 14:41:00,2010-06-29 16:10:00
17333.0,1,375,494.25,494.25,28,2011-09-15 10:11:00,2011-09-15 10:11:00
17334.0,3,566,635.15,211.71666666666667,31,2010-10-29 12:16:00,2011-02-10 14:59:00
17335.0,2,210,497.04,248.52,34,2010-01-24 11:15:00,2010-11-21 10:17:00
17336.0,1,48,81.12,81.12,1,2010-08-24 15:37:00,2010-08-24 15:37:00
17337.0,4,1247,1981.06,495.265,504,2011-02-02 17:06:00,2011-07-11 14:55:00
17338.0,17,5780,11889.33,699.3723529411765,1231,2010-03-10 16:09:00,2011-11-22 14:23:00
17339.0,3,172,302.36,100.78666666666668,10,2010-07-18 13:08:00,2011-09-06 13:29:00
17340.0,18,9497,19617.95,1089.8861111111112,673,2010-02-14 14:54:00,2011-11-10 10:45:00
17341.0,5,831,1272.21,254.442,210,2010-06-17 18:17:00,2011-07-06 12:33:00
17342.0,4,521,1227.54,306.885,35,2010-02-08 09:16:00,2010-11-25 11:07:00
17343.0,6,454,1259.94,209.99,78,2009-12-03 18:30:00,2010-12-19 15:07:00
17344.0,2,200,457.36,228.68,67,2009-12-11 12:31:00,2011-10-24 12:56:00
17345.0,10,2008,1586.63,144.23909090909092,198,2009-12-01 16:17:00,2011-11-24 15:03:00
17346.0,26,3439,4998.61,192.25423076923076,888,2010-04-18 12:18:00,2011-12-06 12:18:00
17347.0,1,216,228.96,228.96,1,2011-09-14 13:12:00,2011-09-14 13:12:00
17348.0,9,2766,2442.29,271.36555555555555,422,2010-03-10 12:13:00,2011-11-25 11:25:00
17349.0,5,772,772.41,154.482,78,2010-03-18 14:26:00,2011-06-13 14:29:00
17350.0,7,1178,1893.701,270.5287142857143,138,2010-02-01 15:38:00,2011-12-01 15:47:00
17351.0,12,383,1988.23,165.68583333333333,69,2009-12-10 18:43:00,2011-11-03 18:45:00
17352.0,1,15,36.25,36.25,5,2010-01-12 16:13:00,2010-01-12 16:13:00
17353.0,4,2168,3242.0,810.5,14,2010-03-25 12:52:00,2011-08-02 17:19:00
17354.0,4,2531,3133.96,783.49,93,2010-10-07 13:22:00,2011-10-20 10:34:00
17355.0,1,249,273.31,273.31,28,2010-11-18 13:18:00,2010-11-18 13:18:00
17356.0,5,925,946.47,189.294,86,2010-01-20 12:14:00,2011-02-01 11:07:00
17357.0,2,152,384.39,192.195,41,2011-11-15 16:29:00,2011-11-15 16:30:00
17358.0,5,430,861.01,172.202,144,2010-02-24 16:42:00,2011-02-09 16:57:00
17359.0,2,237,284.46,142.23,36,2010-03-01 14:48:00,2011-11-28 14:37:00
17360.0,6,624,1200.51,200.085,220,2010-10-01 12:07:00,2011-11-22 13:11:00
17361.0,5,380,871.79,174.358,55,2010-02-01 14:30:00,2011-10-21 15:43:00
17362.0,7,549,1024.04,146.29142857142855,143,2010-01-06 10:53:00,2011-04-14 14:43:00
17363.0,3,499,920.46,306.82,35,2010-11-02 17:25:00,2010-11-09 17:11:00
17364.0,28,7464,11972.92,427.6042857142857,879,2009-12-07 15:28:00,2011-12-09 09:00:00
17365.0,15,8015,8184.49,545.6326666666666,764,2010-02-01 11:56:00,2011-11-27 12:13:00
17366.0,2,504,1077.24,538.62,128,2010-09-09 19:46:00,2010-10-03 16:04:00
17367.0,1,149,167.55,167.55,33,2011-04-15 14:21:00,2011-04-15 14:21:00
17368.0,14,2319,2758.29,197.0207142857143,225,2009-12-15 17:45:00,2011-11-16 15:26:00
17369.0,1,1152,979.1999999999999,979.1999999999999,1,2010-09-10 09:49:00,2010-09-10 09:49:00
17370.0,4,540,446.18,111.545,33,2011-06-23 11:50:00,2011-09-28 10:14:00
17371.0,6,281,655.37,109.22833333333334,141,2009-12-08 12:25:00,2011-11-22 13:30:00
17372.0,28,1863,4347.31,155.26107142857146,636,2009-12-03 18:41:00,2011-10-30 11:37:00
17373.0,7,738,1167.5,166.78571428571428,91,2010-02-28 14:17:00,2011-10-30 15:28:00
17374.0,3,155,727.11,242.37,42,2010-11-09 17:14:00,2011-05-05 09:05:00
17375.0,4,480,660.55,165.1375,86,2010-10-04 09:14:00,2011-05-24 15:45:00
17376.0,4,244,453.64,113.41,55,2010-07-05 11:11:00,2011-09-30 12:36:00
17377.0,78,7335,17644.27,226.20858974358976,1678,2009-12-02 12:39:00,2011-11-16 11:17:00
17378.0,1,1,10.95,10.95,1,2010-11-30 18:46:00,2010-11-30 18:46:00
17379.0,1,623,389.71999999999997,389.71999999999997,71,2011-11-28 13:56:00,2011-11-28 13:56:00
17380.0,3,252,645.0,215.0,10,2010-06-23 11:24:00,2010-10-01 16:42:00
17381.0,38,42879,36398.65,957.8592105263158,163,2010-06-09 12:55:00,2011-12-01 11:59:00
17382.0,8,457,902.28,112.785,18,2010-05-19 11:33:00,2011-10-05 13:05:00
17383.0,2,160,304.09000000000003,152.04500000000002,51,2010-09-12 14:54:00,2011-12-05 17:36:00
17384.0,3,121,507.55,169.18333333333334,20,2010-08-29 16:01:00,2011-11-20 15:48:00
17385.0,1,197,256.11,256.11,42,2011-11-25 11:02:00,2011-11-25 11:02:00
17386.0,7,1955,2812.7700000000004,401.8242857142858,38,2010-11-19 13:40:00,2011-12-02 11:28:00
17387.0,2,522,746.81,373.405,75,2011-11-06 11:25:00,2011-11-20 11:00:00
17388.0,11,2555,2675.37,243.21545454545455,52,2009-12-10 11:45:00,2011-09-23 10:31:00
17389.0,61,17880,57215.33,937.9562295081968,429,2009-12-04 12:06:00,2011-12-09 09:38:00
17390.0,1,49,149.3,149.3,12,2010-10-15 11:29:00,2010-10-15 11:29:00
17391.0,2,480,508.8,254.4,3,2011-06-28 12:21:00,2011-06-29 09:58:00
17392.0,3,450,585.92,195.30666666666664,68,2010-09-15 16:17:00,2011-02-06 12:48:00
17393.0,2,238,381.15000000000003,190.57500000000002,45,2010-08-08 15:53:00,2010-10-25 11:10:00
17394.0,1,241,203.86999999999998,203.86999999999998,4,2011-05-04 13:22:00,2011-05-04 13:22:00
17395.0,1,66,97.5,97.5,3,2010-07-19 15:34:00,2010-07-19 15:34:00
17396.0,14,2313,8409.6,600.6857142857143,47,2010-09-24 13:04:00,2011-10-31 14:12:00
17397.0,3,691,1198.28,399.4266666666667,133,2010-10-19 13:20:00,2011-11-17 14:08:00
17398.0,3,310,653.38,217.79333333333332,38,2011-03-29 13:04:00,2011-08-17 09:48:00
17400.0,8,2185,4623.28,577.91,453,2009-12-17 15:41:00,2011-08-05 15:38:00
17401.0,1,34,114.85,114.85,11,2010-06-16 16:54:00,2010-06-16 16:54:00
17402.0,23,1450,4635.5599999999995,201.54608695652172,178,2009-12-16 17:40:00,2011-12-05 10:15:00
17403.0,2,188,382.87,191.435,45,2010-09-15 12:29:00,2011-11-03 15:18:00
17404.0,23,50679,47781.119999999995,2077.4399999999996,292,2010-01-07 11:31:00,2011-12-05 16:26:00
17405.0,3,726,1031.41,343.80333333333334,82,2011-07-12 14:17:00,2011-12-08 17:12:00
17406.0,13,1847,4186.95,322.0730769230769,231,2009-12-06 13:45:00,2011-01-10 15:07:00
17407.0,1,426,552.9,552.9,23,2010-10-24 11:57:00,2010-10-24 11:57:00
17408.0,3,163,316.09000000000003,105.36333333333334,8,2010-07-13 14:02:00,2011-06-29 12:53:00
17409.0,10,4089,7793.51,779.351,104,2009-12-11 12:17:00,2011-06-08 10:36:00
17410.0,5,616,1214.72,242.94400000000002,64,2011-05-08 15:21:00,2011-11-23 15:46:00
17411.0,5,608,1425.38,285.076,75,2009-12-03 12:02:00,2011-11-27 14:25:00
17412.0,16,2554,4220.22,263.76375,227,2009-12-02 13:51:00,2011-12-07 11:36:00
17413.0,2,302,560.14,280.07,10,2010-05-19 11:11:00,2010-10-31 12:33:00
17414.0,6,6256,2249.52,374.92,21,2009-12-03 16:49:00,2011-10-27 12:13:00
17415.0,1,114,507.84,507.84,14,2011-09-21 12:50:00,2011-09-21 12:50:00
17416.0,22,8769,17298.45,786.2931818181819,597,2009-12-14 16:29:00,2011-11-10 12:47:00
17417.0,1,76,164.18,164.18,16,2010-06-09 10:00:00,2010-06-09 10:00:00
17418.0,3,521,670.0600000000001,223.35333333333335,42,2010-11-17 13:42:00,2011-10-28 13:00:00
17419.0,18,2884,6126.25,340.34722222222223,299,2010-01-25 13:19:00,2011-11-28 13:47:00
17420.0,6,446,953.5799999999999,158.92999999999998,50,2010-11-03 13:09:00,2011-10-20 14:52:00
17421.0,3,807,1059.41,353.1366666666667,58,2009-12-04 15:43:00,2010-11-18 16:57:00
17422.0,11,3538,3594.76,326.79636363636365,205,2010-06-23 10:19:00,2011-11-23 13:27:00
17423.0,3,790,1118.95,372.98333333333335,43,2010-11-11 12:26:00,2011-10-24 13:36:00
17425.0,2,407,759.1700000000001,379.58500000000004,43,2011-10-10 11:37:00,2011-11-20 15:30:00
17426.0,13,5187,8077.77,621.3669230769231,427,2010-02-17 13:39:00,2011-12-01 18:07:00
17427.0,1,34,100.8,100.8,2,2011-09-29 11:29:00,2011-09-29 11:29:00
17428.0,45,17356,31466.760000000002,699.2613333333334,720,2009-12-01 17:28:00,2011-12-09 09:45:00
17429.0,5,1286,1357.46,271.492,95,2010-10-06 12:30:00,2011-08-03 13:22:00
17430.0,4,455,622.5699999999999,155.64249999999998,37,2010-08-17 11:52:00,2011-11-07 09:24:00
17431.0,1,292,403.3,403.3,41,2011-01-30 14:36:00,2011-01-30 14:36:00
17432.0,9,1008,1728.99,192.11,274,2009-12-03 19:13:00,2011-11-21 17:33:00
17433.0,2,305,569.96,284.98,92,2010-11-19 13:37:00,2011-09-12 14:24:00
17434.0,7,1693,2373.82,339.1171428571429,134,2011-09-15 13:54:00,2011-12-07 13:16:00
17435.0,1,195,331.35,331.35,15,2010-10-24 13:55:00,2010-10-24 13:55:00
17436.0,5,178,534.06,106.81199999999998,17,2009-12-07 12:31:00,2011-12-08 12:30:00
17437.0,1,283,369.68,369.68,52,2010-06-28 11:11:00,2010-06-28 11:11:00
17438.0,5,553,1422.77,284.554,71,2010-03-08 16:53:00,2011-03-31 10:26:00
17439.0,1,370,325.74,325.74,8,2010-02-22 12:48:00,2010-02-22 12:48:00
17440.0,4,282,323.58,80.895,6,2010-06-08 14:40:00,2011-07-06 11:54:00
17441.0,1,245,293.35,293.35,21,2009-12-07 13:32:00,2009-12-07 13:32:00
17442.0,15,3134,4620.3,308.02000000000004,283,2010-02-15 15:54:00,2011-11-03 09:17:00
17443.0,1,504,534.24,534.24,1,2011-05-04 10:47:00,2011-05-04 10:47:00
17444.0,3,2119,2940.04,980.0133333333333,135,2011-06-20 09:04:00,2011-07-15 12:05:00
17446.0,2,198,120.9,60.45,9,2011-02-02 14:40:00,2011-06-16 10:42:00
17447.0,2,443,541.53,270.765,36,2011-09-29 10:10:00,2011-10-30 14:18:00
17448.0,46,11534,14523.67,315.7319565217391,1115,2010-03-04 17:29:00,2010-07-30 14:07:00
17449.0,13,2483,4868.15,374.4730769230769,569,2009-12-09 14:16:00,2011-12-07 16:56:00
17450.0,51,83914,244784.25,4799.691176470588,420,2010-09-27 16:59:00,2011-12-01 13:29:00
17451.0,7,1203,1721.4,245.91428571428574,100,2011-08-26 11:54:00,2011-12-08 15:02:00
17453.0,2,219,486.7199999999999,243.35999999999996,19,2011-10-06 17:02:00,2011-11-22 09:42:00
17454.0,10,727,1547.94,154.794,126,2010-01-15 15:40:00,2011-05-31 13:58:00
17455.0,1,66,131.7,131.7,8,2011-05-20 12:31:00,2011-05-20 12:31:00
17456.0,2,508,975.5600000000001,487.78000000000003,60,2010-09-09 15:28:00,2010-12-09 15:23:00
17457.0,14,2695,5984.8099999999995,398.9873333333333,64,2009-12-07 14:52:00,2011-08-05 12:48:00
17458.0,2,282,529.58,264.79,84,2010-11-23 11:43:00,2011-11-24 13:01:00
17459.0,2,537,657.3,328.65,110,2011-10-10 17:00:00,2011-10-27 13:25:00
17460.0,16,954,2157.9700000000003,134.87312500000002,137,2010-01-22 13:25:00,2011-09-06 15:04:00
17461.0,3,770,735.82,245.27333333333334,106,2011-11-10 12:01:00,2011-11-17 10:21:00
17462.0,2,227,675.6899999999999,337.84499999999997,27,2011-02-28 17:01:00,2011-10-10 13:56:00
17463.0,7,1480,2535.26,362.18,310,2010-04-29 17:57:00,2011-11-23 13:40:00
17464.0,3,608,907.1400000000001,302.38000000000005,39,2010-03-30 13:15:00,2011-07-04 13:19:00
17465.0,7,1477,2542.79,363.2557142857143,142,2009-12-03 13:25:00,2010-10-10 11:56:00
17466.0,2,306,763.28,381.64,41,2011-09-22 09:16:00,2011-11-29 13:15:00
17467.0,1,20,102.6,102.6,4,2010-11-09 12:58:00,2010-11-09 12:58:00
17468.0,3,184,194.8,64.93333333333334,8,2010-11-29 17:25:00,2011-11-29 15:33:00
17469.0,17,2304,5051.25,297.13235294117646,267,2009-12-16 15:06:00,2011-11-23 13:15:00
17470.0,11,2731,2626.47,238.76999999999998,155,2010-07-19 16:16:00,2011-10-26 12:42:00
17471.0,1,153,321.65000000000003,321.65000000000003,19,2010-08-22 11:53:00,2010-08-22 11:53:00
17472.0,4,551,922.35,230.5875,217,2010-03-21 13:27:00,2011-06-01 14:57:00
17473.0,2,270,607.0,303.5,34,2010-09-09 19:03:00,2010-10-27 11:45:00
17474.0,1,200,1047.0,1047.0,6,2010-04-19 10:43:00,2010-04-19 10:43:00
17475.0,1,178,194.37,194.37,14,2011-09-21 14:55:00,2011-09-21 14:55:00
17476.0,2,224,489.86,244.93,31,2009-12-02 12:09:00,2010-11-09 10:21:00
17477.0,2,225,1144.3,572.15,44,2010-03-02 11:53:00,2010-04-06 10:06:00
17478.0,2,516,1272.8000000000002,636.4000000000001,40,2010-03-16 14:19:00,2010-10-27 15:01:00
17479.0,1,266,389.26000000000005,389.26000000000005,18,2010-03-17 09:26:00,2010-03-17 09:26:00
17480.0,2,581,882.23,441.115,53,2010-09-21 12:31:00,2011-09-23 11:39:00
17481.0,4,1061,1255.59,313.8975,82,2011-09-07 09:57:00,2011-12-06 12:28:00
17482.0,2,240,775.6400000000001,387.82000000000005,51,2010-05-10 14:10:00,2010-08-09 15:33:00
17483.0,4,265,591.73,147.9325,28,2010-10-21 12:43:00,2011-10-05 13:10:00
17484.0,2,339,209.57,104.785,14,2010-03-25 16:17:00,2010-05-12 15:41:00
17486.0,1,191,396.87,396.87,24,2011-03-23 14:00:00,2011-03-23 14:00:00
17487.0,1,37,160.55,160.55,8,2009-12-11 15:06:00,2009-12-11 15:06:00
17488.0,1,136,336.5,336.5,18,2010-03-08 14:07:00,2010-03-08 14:07:00
17489.0,2,428,376.64,188.32,29,2011-05-11 11:34:00,2011-10-12 08:56:00
17490.0,9,1531,2750.5,305.6111111111111,116,2010-05-19 12:40:00,2011-12-09 09:08:00
17491.0,17,3362,5653.67,332.56882352941176,177,2010-04-28 11:57:00,2011-12-08 16:18:00
17492.0,3,450,1122.42,374.14000000000004,39,2010-07-09 13:27:00,2011-04-05 15:21:00
17493.0,1,62,100.91000000000001,100.91000000000001,8,2010-11-19 16:57:00,2010-11-19 16:57:00
17494.0,1,26,54.699999999999996,54.699999999999996,3,2010-07-26 10:06:00,2010-07-26 10:06:00
17495.0,3,367,806.72,268.9066666666667,48,2010-11-14 11:50:00,2011-12-02 12:08:00
17496.0,4,675,1412.89,353.2225,72,2010-01-14 13:36:00,2010-12-16 08:39:00
17497.0,2,59,287.25,143.625,7,2010-04-08 08:01:00,2010-11-14 14:17:00
17498.0,1,394,272.22,272.22,17,2011-09-25 12:25:00,2011-09-25 12:25:00
17499.0,2,1086,1341.3899999999999,670.6949999999999,71,2010-05-27 09:59:00,2011-02-23 09:14:00
17500.0,3,17,1138.0,379.3333333333333,5,2011-11-10 09:08:00,2011-11-22 14:25:00
17501.0,2,160,288.6,144.3,18,2011-05-03 09:46:00,2011-05-03 09:47:00
17502.0,4,376,689.1,172.275,28,2011-11-10 16:39:00,2011-11-30 13:13:00
17503.0,2,486,558.96,279.48,38,2011-11-01 11:12:00,2011-12-07 09:18:00
17504.0,18,5420,9490.17,527.2316666666667,342,2010-02-08 09:22:00,2011-05-17 12:59:00
17505.0,5,1242,2435.48,487.096,102,2010-04-13 16:33:00,2011-07-01 12:50:00
17506.0,1,139,302.2,302.2,14,2011-09-25 11:39:00,2011-09-25 11:39:00
17507.0,2,359,605.5799999999999,302.78999999999996,87,2011-02-03 18:08:00,2011-03-23 11:48:00
17508.0,8,2891,4579.23,572.40375,231,2009-12-07 11:46:00,2011-03-04 08:10:00
17509.0,8,3512,6083.64,760.455,364,2011-10-07 13:14:00,2011-10-13 10:26:00
17510.0,2,422,514.56,257.28,35,2010-10-15 10:20:00,2011-11-15 10:00:00
17511.0,60,117174,172132.87,2821.850327868852,1868,2009-12-02 10:52:00,2011-12-07 10:12:00
17512.0,18,5434,5467.82,303.7677777777778,197,2009-12-10 19:35:00,2011-11-11 12:11:00
17513.0,3,440,1158.8000000000002,386.2666666666667,18,2010-08-17 15:08:00,2011-09-28 16:42:00
17514.0,2,284,522.0,261.0,81,2010-02-08 14:00:00,2011-08-03 15:45:00
17515.0,9,527,1602.51,178.05666666666667,178,2010-06-07 13:29:00,2011-11-08 14:04:00
17516.0,6,522,947.5,157.91666666666666,188,2010-11-26 12:50:00,2011-11-24 16:51:00
17517.0,1,102,153.94,153.94,11,2011-02-04 11:48:00,2011-02-04 11:48:00
17518.0,2,267,329.42,164.71,76,2010-03-28 13:31:00,2010-10-10 12:40:00
17519.0,15,3230,4774.17,318.278,204,2009-12-01 09:57:00,2011-11-22 16:43:00
17520.0,1,365,546.81,546.81,30,2011-10-17 12:04:00,2011-10-17 12:04:00
17521.0,5,806,1278.06,255.612,78,2010-10-01 11:49:00,2011-11-10 11:22:00
17522.0,5,1034,1070.71,214.142,70,2011-05-05 16:31:00,2011-12-08 12:31:00
17523.0,4,872,652.74,163.185,32,2011-11-20 13:40:00,2011-11-28 13:20:00
17524.0,3,362,539.14,179.71333333333334,43,2010-09-27 16:20:00,2010-12-13 14:32:00
17525.0,3,338,1161.9,387.3,26,2010-10-07 09:12:00,2010-12-15 12:05:00
17526.0,12,1442,3939.24,328.27,92,2009-12-17 16:18:00,2011-12-05 11:05:00
17527.0,4,488,939.37,234.8425,47,2011-05-05 13:43:00,2011-10-17 12:32:00
17528.0,8,2138,3628.5,453.5625,250,2011-09-29 13:04:00,2011-12-08 13:27:00
17529.0,2,790,1240.25,620.125,82,2010-01-11 12:29:00,2010-04-08 17:51:00
17530.0,12,1741,2791.69,214.7453846153846,460,2009-12-06 16:17:00,2011-12-08 18:42:00
17531.0,3,472,1266.82,422.2733333333333,58,2010-03-31 12:57:00,2011-06-02 19:17:00
17532.0,1,30,65.34,65.34,4,2010-11-19 08:13:00,2010-11-19 08:13:00
17533.0,1,24,34.8,34.8,1,2010-10-01 09:14:00,2010-10-01 09:14:00
17534.0,5,860,1668.83,333.76599999999996,92,2010-02-25 16:55:00,2011-10-17 12:47:00
17535.0,1,136,164.4,164.4,13,2011-03-04 15:20:00,2011-03-04 15:20:00
17536.0,3,201,364.83000000000004,121.61000000000001,16,2010-01-26 12:00:00,2011-06-15 13:23:00
17537.0,2,699,887.6700000000001,443.83500000000004,74,2011-02-09 13:37:00,2011-11-10 10:56:00
17538.0,1,134,98.42,98.42,9,2011-11-14 12:12:00,2011-11-14 12:12:00
17539.0,4,708,1176.84,294.21,140,2009-12-13 12:36:00,2010-04-01 12:07:00
17540.0,6,588,1590.6000000000001,265.1,64,2010-04-19 09:47:00,2011-11-15 11:56:00
17541.0,1,44,119.86,119.86,31,2010-07-18 11:36:00,2010-07-18 11:36:00
17542.0,3,323,340.85,113.61666666666667,62,2010-03-08 12:08:00,2011-03-15 11:45:00
17543.0,1,62,120.05,120.05,13,2010-06-08 12:41:00,2010-06-08 12:41:00
17544.0,3,410,944.8199999999999,314.94,80,2010-11-14 14:47:00,2010-11-14 15:08:00
17545.0,6,682,1409.8600000000001,234.9766666666667,252,2010-05-11 10:04:00,2011-10-27 14:04:00
17547.0,2,223,727.85,363.925,31,2010-02-12 14:34:00,2010-11-29 09:41:00
17548.0,4,494,731.26,182.815,34,2010-11-08 16:19:00,2011-04-20 12:01:00
17549.0,2,210,148.85999999999999,74.42999999999999,6,2011-10-19 10:05:00,2011-11-16 09:59:00
17550.0,9,968,2506.64,278.5155555555555,301,2010-02-07 15:07:00,2011-05-26 14:09:00
17551.0,1,142,290.34,290.34,39,2010-12-15 14:12:00,2010-12-15 14:12:00
17552.0,12,1951,2786.77,232.23083333333332,143,2010-03-22 09:19:00,2011-10-10 17:00:00
17553.0,4,2288,3757.6,939.4,6,2010-04-08 09:44:00,2011-08-02 10:00:00
17554.0,5,1763,1952.45,390.49,87,2011-07-14 20:01:00,2011-12-08 14:15:00
17555.0,5,739,1045.74,209.148,260,2010-05-02 16:02:00,2011-11-20 12:22:00
17556.0,2,184,300.67,150.335,14,2010-11-25 17:00:00,2011-05-18 10:48:00
17557.0,4,310,575.46,143.865,35,2009-12-07 10:15:00,2011-11-25 12:57:00
17558.0,1,54,259.17,259.17,28,2010-11-11 14:36:00,2010-11-11 14:36:00
17559.0,1,270,167.62,167.62,12,2010-07-15 12:02:00,2010-07-15 12:02:00
17560.0,8,1588,1895.8,236.975,55,2010-02-17 12:11:00,2011-09-06 09:18:00
17561.0,4,381,703.02,175.755,182,2009-12-06 13:29:00,2011-11-20 12:53:00
17562.0,7,817,1122.38,160.34,63,2011-06-19 13:06:00,2011-11-25 14:21:00
17563.0,2,256,392.38,196.19,29,2010-04-07 10:02:00,2010-05-10 14:54:00
17564.0,3,146,454.01,151.33666666666667,49,2011-09-20 14:00:00,2011-11-15 13:27:00
17565.0,1,67,131.83,131.83,30,2010-05-02 11:54:00,2010-05-02 11:54:00
17566.0,2,497,869.77,434.885,128,2011-11-14 13:42:00,2011-12-01 19:54:00
17567.0,9,2908,4838.08,537.5644444444445,196,2010-09-24 10:48:00,2011-12-02 15:48:00
17568.0,1,275,374.45,374.45,61,2010-03-16 16:45:00,2010-03-16 16:45:00
17569.0,1,159,344.14,344.14,29,2011-01-11 14:15:00,2011-01-11 14:15:00
17570.0,1,1,100.0,100.0,1,2010-11-23 11:56:00,2010-11-23 11:56:00
17571.0,5,991,1630.9099999999999,326.18199999999996,306,2010-06-15 12:50:00,2011-10-20 15:57:00
17572.0,10,327,652.21,65.221,32,2009-12-15 10:00:00,2011-09-29 17:53:00
17573.0,3,308,380.6,126.86666666666667,25,2011-09-07 10:36:00,2011-11-10 13:01:00
17574.0,1,77,185.65,185.65,8,2011-04-11 09:47:00,2011-04-11 09:47:00
17575.0,1,72,171.7,171.7,5,2010-02-10 13:48:00,2010-02-10 13:48:00
17576.0,41,4583,8711.95,212.48658536585367,879,2009-12-03 16:54:00,2011-12-01 17:56:00
17577.0,2,179,348.75,174.375,21,2010-02-09 10:10:00,2010-03-04 13:01:00
17578.0,7,529,1047.33,149.6185714285714,64,2010-06-28 11:55:00,2011-05-05 18:38:00
17579.0,4,375,753.28,188.32,91,2010-05-10 14:28:00,2011-12-05 12:28:00
17580.0,5,223,541.02,108.204,94,2010-10-13 14:28:00,2011-04-01 12:41:00
17581.0,43,9519,17951.170000000002,417.4690697674419,811,2009-12-03 12:34:00,2011-12-09 12:21:00
17582.0,5,603,1446.95,289.39,119,2010-03-26 12:23:00,2011-04-17 13:18:00
17583.0,1,55,135.95,135.95,7,2010-05-28 14:24:00,2010-05-28 14:24:00
17584.0,6,2464,5309.42,884.9033333333333,124,2010-01-25 08:17:00,2011-12-02 17:12:00
17585.0,7,2510,2064.71,294.9585714285714,379,2010-08-18 16:39:00,2011-08-22 13:30:00
17586.0,1,68,167.4,167.4,8,2010-03-30 13:12:00,2010-03-30 13:12:00
17587.0,1,67,176.71,176.71,42,2010-03-21 14:16:00,2010-03-21 14:16:00
17588.0,7,1379,2939.55,419.9357142857143,71,2010-03-12 12:34:00,2011-08-31 13:37:00
17589.0,18,8704,13837.939999999999,768.7744444444444,1238,2010-03-07 13:48:00,2011-10-10 16:58:00
17590.0,3,822,1468.02,489.34,190,2011-10-30 14:05:00,2011-12-07 12:55:00
17591.0,8,1028,2339.32,292.415,169,2010-01-17 16:09:00,2011-09-27 13:42:00
17592.0,1,38,148.3,148.3,13,2009-12-01 10:49:00,2009-12-01 10:49:00
17593.0,11,5595,8092.32,735.6654545454545,403,2009-12-04 14:35:00,2011-12-06 10:30:00
17594.0,4,1368,2497.88,624.47,104,2010-04-14 08:53:00,2011-09-15 16:34:00
17595.0,2,228,386.69,193.345,82,2011-11-02 16:19:00,2011-11-27 16:08:00
17596.0,13,7010,4491.46,345.49692307692305,473,2009-12-15 13:21:00,2011-11-16 14:11:00
17597.0,5,2215,3484.09,696.818,128,2010-05-05 15:33:00,2011-05-10 11:54:00
17598.0,1,126,409.98,409.98,10,2010-11-23 17:43:00,2010-11-23 17:43:00
17599.0,1,11,52.05,52.05,3,2010-08-19 12:50:00,2010-08-19 12:50:00
17600.0,1,144,161.67000000000002,161.67000000000002,13,2011-11-22 09:43:00,2011-11-22 09:43:00
17601.0,2,295,413.08,206.54,69,2010-11-24 14:29:00,2011-04-14 18:02:00
17602.0,14,5880,7354.43,490.29533333333336,882,2010-03-30 17:25:00,2011-12-07 13:53:00
17603.0,4,638,1788.38,447.095,104,2009-12-10 09:44:00,2011-09-22 14:18:00
17604.0,6,614,942.38,157.06333333333333,207,2010-01-27 12:19:00,2011-05-06 13:43:00
17605.0,1,71,160.75,160.75,13,2010-04-28 14:45:00,2010-04-28 14:45:00
17606.0,1,42,87.30000000000001,87.30000000000001,6,2009-12-02 13:32:00,2009-12-02 13:32:00
17607.0,1,269,333.81,333.81,22,2010-11-28 13:11:00,2010-11-28 13:11:00
17608.0,4,528,488.06,122.015,149,2010-04-11 13:37:00,2011-11-06 13:06:00
17609.0,11,1321,1887.9,171.62727272727273,367,2010-04-09 16:54:00,2011-10-30 12:28:00
17610.0,5,893,1511.94,302.38800000000003,148,2009-12-06 16:07:00,2010-06-17 16:34:00
17611.0,28,5341,8337.53,297.7689285714286,1103,2009-12-01 13:29:00,2011-12-02 13:29:00
17612.0,18,3521,5394.86,299.71444444444444,340,2009-12-17 11:59:00,2011-10-17 14:59:00
17613.0,14,2490,4544.55,324.6107142857143,304,2011-02-07 11:20:00,2011-11-17 10:51:00
17614.0,1,235,386.32,386.32,97,2011-10-13 16:01:00,2011-10-13 16:01:00
17615.0,6,378,721.8,120.3,54,2010-08-11 12:54:00,2011-08-01 14:06:00
17616.0,4,288,734.4,183.6,4,2010-09-14 10:43:00,2011-06-19 10:11:00
17617.0,1,249,385.19,385.19,18,2010-05-30 12:48:00,2010-05-30 12:48:00
17618.0,11,1798,4001.64,363.7854545454545,350,2010-01-24 11:03:00,2011-12-04 11:50:00
17619.0,1,124,214.37,214.37,71,2011-01-31 14:18:00,2011-01-31 14:18:00
17620.0,1,60,81.44,81.44,4,2011-10-11 12:08:00,2011-10-11 12:08:00
17621.0,6,1110,3175.12,529.1866666666666,66,2010-10-04 09:37:00,2011-11-18 17:11:00
17622.0,2,379,1130.21,565.105,38,2010-04-20 13:38:00,2010-04-21 12:36:00
17623.0,7,799,2365.7700000000004,337.9671428571429,193,2009-12-14 14:36:00,2011-11-07 11:32:00
17624.0,4,958,1568.63,392.1575,97,2009-12-20 12:35:00,2011-11-25 10:52:00
17625.0,8,3505,5978.9,747.3625,658,2009-12-15 11:49:00,2011-11-21 13:36:00
17626.0,1,202,254.0,254.0,18,2010-04-16 12:15:00,2010-04-16 12:15:00
17627.0,1,676,296.36,296.36,10,2010-08-18 11:27:00,2010-08-18 11:27:00
17628.0,1,79,75.75,75.75,5,2011-09-19 15:21:00,2011-09-19 15:21:00
17629.0,10,1903,2455.52,245.552,156,2010-10-14 13:35:00,2011-12-04 10:56:00
17630.0,2,158,503.6,251.8,26,2011-04-21 14:03:00,2011-06-23 11:58:00
17631.0,7,591,998.49,142.64142857142858,69,2009-12-09 14:15:00,2011-12-08 09:47:00
17633.0,7,899,2057.39,293.91285714285715,101,2010-11-15 14:55:00,2011-11-08 13:25:00
17634.0,9,838,2358.59,262.0655555555556,296,2011-01-06 12:45:00,2011-11-03 13:09:00
17635.0,3,770,1265.58,421.85999999999996,74,2010-04-28 10:51:00,2010-10-11 15:12:00
17636.0,1,182,285.56,285.56,20,2011-11-20 14:40:00,2011-11-20 14:40:00
17637.0,2,280,547.06,273.53,35,2011-08-16 13:25:00,2011-11-08 12:51:00
17638.0,2,432,842.4,421.2,3,2009-12-18 09:58:00,2010-03-02 14:32:00
17639.0,6,576,615.17,102.52833333333332,79,2010-08-13 11:59:00,2011-03-08 15:22:00
17640.0,6,1692,3168.9399999999996,528.1566666666666,66,2010-03-23 09:15:00,2011-09-14 09:13:00
17642.0,5,1475,1824.49,364.898,108,2009-12-05 16:01:00,2011-08-12 09:11:00
17643.0,2,226,439.70000000000005,219.85000000000002,31,2010-07-22 13:07:00,2010-12-01 14:38:00
17644.0,20,3469,6028.6,301.43,327,2010-02-16 08:44:00,2011-12-08 13:43:00
17646.0,12,1308,3898.79,324.89916666666664,196,2009-12-16 09:37:00,2011-05-04 13:17:00
17647.0,3,82,331.65999999999997,110.55333333333333,12,2010-02-08 14:39:00,2011-10-05 15:38:00
17648.0,5,954,2216.37,443.274,125,2010-11-19 16:41:00,2011-10-10 09:41:00
17649.0,3,723,1578.8899999999999,526.2966666666666,98,2010-08-24 13:01:00,2011-07-24 15:53:00
17650.0,1,150,166.08,166.08,8,2011-11-18 14:52:00,2011-11-18 14:52:00
17651.0,16,4086,5703.52,356.47,332,2010-07-01 12:17:00,2011-11-28 10:29:00
17652.0,12,2509,4867.72,405.6433333333334,259,2011-03-03 14:05:00,2011-11-14 12:55:00
17653.0,4,1409,1207.5600000000002,301.89000000000004,44,2011-08-11 15:24:00,2011-11-03 12:46:00
17654.0,1,41,117.55,117.55,22,2011-03-07 13:17:00,2011-03-07 13:17:00
17655.0,9,1268,2976.38,330.7088888888889,111,2010-10-19 10:20:00,2011-11-29 11:34:00
17656.0,5,1399,1674.69,334.938,82,2011-08-03 10:45:00,2011-09-27 13:04:00
17657.0,1,60,126.0,126.0,7,2010-10-05 14:52:00,2010-10-05 14:52:00
17658.0,2,616,595.42,297.71,19,2011-05-12 15:23:00,2011-11-14 12:07:00
17659.0,14,1752,3586.99,256.2135714285714,192,2010-11-18 14:20:00,2011-11-22 13:29:00
17660.0,2,259,342.22,171.11,79,2009-12-02 16:02:00,2011-07-21 13:37:00
17662.0,2,184,412.92,206.46,15,2009-12-17 09:54:00,2010-02-16 09:38:00
17663.0,17,2297,5175.83,304.4605882352941,238,2010-03-04 11:42:00,2011-11-14 08:56:00
17664.0,4,1058,1166.23,291.5575,80,2010-03-29 17:17:00,2011-11-21 11:29:00
17665.0,1,690,563.1,563.1,19,2010-08-03 13:12:00,2010-08-03 13:12:00
17666.0,5,1552,2047.8,409.56,44,2010-06-30 12:03:00,2011-12-06 09:06:00
17667.0,9,2192,3950.7,438.96666666666664,230,2010-02-23 09:57:00,2011-10-04 14:32:00
17668.0,2,93,347.75,173.875,15,2011-11-01 14:45:00,2011-12-08 13:25:00
17669.0,10,3505,6142.35,614.235,144,2010-04-01 18:48:00,2011-10-28 08:53:00
17670.0,1,110,205.7,205.7,11,2011-04-26 09:12:00,2011-04-26 09:12:00
17671.0,5,987,2009.1599999999999,401.832,75,2010-11-29 11:53:00,2011-11-24 12:21:00
17672.0,7,2758,5778.63,825.5185714285715,206,2010-01-26 17:20:00,2011-10-20 14:18:00
17673.0,13,3284,4173.88,321.0676923076923,496,2010-03-19 14:02:00,2011-12-08 12:50:00
17674.0,2,672,551.04,275.52,27,2010-12-06 10:20:00,2011-09-26 13:35:00
17675.0,70,16180,37642.48,537.7497142857143,1116,2009-12-10 16:10:00,2011-12-08 18:03:00
17676.0,10,1764,2448.64,244.86399999999998,148,2010-03-30 10:49:00,2011-12-05 15:16:00
17677.0,54,20921,35058.46,649.2307407407408,685,2009-12-16 11:23:00,2011-12-08 09:56:00
17678.0,2,368,599.76,299.88,28,2010-04-15 13:54:00,2011-03-21 11:52:00
17679.0,7,1755,3577.61,511.08714285714285,81,2009-12-03 17:32:00,2011-10-18 07:43:00
17680.0,3,155,497.45000000000005,165.8166666666667,20,2010-07-16 16:07:00,2011-11-16 12:42:00
17681.0,5,450,731.2,146.24,14,2010-01-15 11:53:00,2010-04-21 17:22:00
17682.0,11,2281,4065.2799999999997,369.5709090909091,220,2010-03-08 09:49:00,2011-11-29 15:59:00
17683.0,3,781,819.01,273.00333333333333,46,2010-06-03 17:15:00,2010-11-19 10:11:00
17684.0,1,145,239.41,239.41,15,2011-10-27 11:10:00,2011-10-27 11:10:00
17685.0,12,3474,5454.95,454.57916666666665,196,2010-02-11 13:44:00,2011-11-23 11:36:00
17686.0,9,3583,8296.81,921.8677777777777,429,2010-06-24 09:49:00,2011-12-02 15:39:00
17687.0,1,210,432.68,432.68,26,2010-10-15 12:30:00,2010-10-15 12:30:00
17688.0,1,114,304.2,304.2,19,2010-11-11 10:41:00,2010-11-11 10:41:00
17689.0,2,300,317.08000000000004,158.54000000000002,22,2010-08-22 13:54:00,2010-11-16 13:22:00
17690.0,20,2939,6963.8,348.19,356,2010-02-03 14:26:00,2011-11-09 15:17:00
17691.0,4,315,637.55,159.3875,43,2010-06-11 11:50:00,2010-12-16 17:20:00
17692.0,12,2338,2975.7999999999997,247.98333333333332,162,2010-06-17 11:14:00,2011-08-04 14:01:00
17693.0,1,231,200.47,200.47,16,2011-07-25 15:48:00,2011-07-25 15:48:00
17694.0,3,1493,1695.97,565.3233333333334,81,2010-05-26 08:27:00,2011-07-21 12:00:00
17695.0,5,1809,1746.04,349.20799999999997,61,2010-01-28 09:27:00,2011-07-31 10:40:00
17696.0,27,5891,7679.59,284.42925925925925,365,2009-12-10 17:09:00,2011-11-01 13:43:00
17697.0,1,93,338.95,338.95,19,2011-04-17 15:40:00,2011-04-17 15:40:00
17698.0,1,93,154.95,154.95,8,2011-03-24 11:34:00,2011-03-24 11:34:00
17699.0,2,208,442.0,221.0,19,2010-05-27 11:53:00,2010-08-20 09:39:00
17700.0,14,3469,6679.97,477.1407142857143,360,2009-12-01 11:37:00,2011-11-23 11:51:00
17701.0,1,109,417.95,417.95,24,2011-04-01 12:25:00,2011-04-01 12:25:00
17702.0,6,2153,3144.04,524.0066666666667,153,2010-11-04 12:09:00,2011-11-09 16:03:00
17703.0,4,897,1094.84,273.71,78,2010-10-17 16:16:00,2011-11-04 15:51:00
17704.0,2,343,885.19,442.595,31,2011-04-14 09:28:00,2011-06-24 09:40:00
17705.0,11,1301,2083.9,189.44545454545457,120,2010-05-12 09:47:00,2011-12-06 13:45:00
17706.0,31,7824,20272.15,653.9403225806452,736,2010-01-19 12:13:00,2011-12-05 13:34:00
17707.0,8,546,609.3000000000001,76.16250000000001,24,2009-12-07 12:19:00,2011-06-07 15:03:00
17708.0,4,387,884.1800000000001,221.04500000000002,73,2010-10-12 12:13:00,2011-06-05 10:12:00
17709.0,5,295,671.01,134.202,40,2010-04-15 14:48:00,2011-06-23 11:55:00
17710.0,1,158,293.5,293.5,20,2010-10-12 07:49:00,2010-10-12 07:49:00
17711.0,2,246,385.1,192.55,23,2011-02-23 11:32:00,2011-11-29 11:40:00
17712.0,1,215,522.91,522.91,29,2011-10-26 12:28:00,2011-10-26 12:28:00
17713.0,4,989,1198.0900000000001,299.52250000000004,76,2010-06-09 09:33:00,2010-11-22 16:50:00
17714.0,5,608,1410.18,282.036,81,2010-07-14 10:41:00,2011-01-23 10:32:00
17715.0,2,576,489.59999999999997,244.79999999999998,2,2010-04-26 12:17:00,2011-05-23 12:32:00
17716.0,24,8819,15956.97,664.87375,601,2009-12-02 17:18:00,2011-11-17 12:00:00
17717.0,1,344,376.92,376.92,26,2010-10-14 12:54:00,2010-10-14 12:54:00
17718.0,2,274,439.17999999999995,219.58999999999997,23,2010-03-05 08:01:00,2011-04-21 13:39:00
17719.0,15,2466,5396.04,359.736,274,2011-03-29 11:29:00,2011-11-02 10:36:00
17720.0,10,1589,2666.91,266.691,132,2010-05-10 09:58:00,2011-11-13 15:04:00
17721.0,1,107,307.21000000000004,307.21000000000004,11,2010-02-18 15:18:00,2010-02-18 15:18:00
17722.0,5,2412,3520.2200000000003,704.0440000000001,174,2010-11-29 09:44:00,2011-09-04 15:22:00
17723.0,7,912,3378.4000000000005,482.6285714285715,12,2010-11-29 10:35:00,2011-08-04 18:37:00
17724.0,3,300,1033.0,344.3333333333333,40,2011-07-24 13:26:00,2011-09-29 15:26:00
17725.0,11,2162,3439.08,312.64363636363635,192,2011-03-17 19:47:00,2011-11-23 16:34:00
17726.0,7,444,1092.0600000000002,156.00857142857146,64,2010-01-26 14:58:00,2010-11-09 13:37:00
17727.0,1,645,1060.25,1060.25,66,2011-11-24 17:06:00,2011-11-24 17:06:00
17728.0,5,2146,4238.76,847.7520000000001,244,2010-09-12 14:58:00,2011-12-06 08:52:00
17729.0,1,247,438.65000000000003,438.65000000000003,23,2010-04-22 15:03:00,2010-04-22 15:03:00
17730.0,20,5300,7773.8,388.69,314,2010-04-29 11:48:00,2011-12-06 15:43:00
17731.0,6,707,1708.99,284.83166666666665,99,2010-02-09 12:37:00,2011-09-21 15:02:00
17732.0,8,1058,2166.42,270.8025,122,2010-08-09 08:41:00,2010-12-02 09:29:00
17733.0,2,463,692.19,346.095,35,2011-03-23 09:54:00,2011-11-01 08:16:00
17734.0,6,741,1442.3200000000002,240.38666666666668,86,2010-03-07 13:55:00,2011-10-17 12:33:00
17735.0,26,10683,16790.33,645.7819230769231,874,2010-07-30 13:25:00,2011-12-07 16:47:00
17736.0,3,238,377.44,125.81333333333333,25,2011-08-18 14:33:00,2011-11-30 15:36:00
17737.0,2,108,168.24,84.12,10,2011-10-12 14:42:00,2011-11-30 15:16:00
17738.0,13,2776,4183.5599999999995,321.8123076923076,230,2010-03-19 10:07:00,2011-11-20 15:05:00
17739.0,18,2335,7730.59,429.4772222222222,149,2009-12-07 10:48:00,2011-11-28 09:12:00
17740.0,6,222,426.9,71.14999999999999,9,2010-01-11 13:11:00,2010-11-15 16:33:00
17741.0,2,114,101.10000000000001,50.550000000000004,6,2010-05-28 12:11:00,2010-10-29 11:59:00
17742.0,11,653,2098.48,190.7709090909091,85,2009-12-01 13:16:00,2011-08-18 15:28:00
17743.0,1,96,229.2,229.2,3,2010-09-17 14:54:00,2010-09-17 14:54:00
17744.0,7,3826,2649.14,378.4485714285714,151,2010-11-24 09:34:00,2011-12-06 12:11:00
17745.0,2,164,600.34,300.17,28,2010-06-02 09:03:00,2010-08-19 12:30:00
17746.0,4,688,904.1800000000001,226.04500000000002,36,2010-04-08 12:54:00,2011-04-13 14:31:00
17747.0,1,12,71.4,71.4,1,2011-08-19 08:13:00,2011-08-19 08:13:00
17748.0,1,111,358.15,358.15,17,2010-06-30 13:49:00,2010-06-30 13:49:00
17749.0,3,446,1026.18,342.06,57,2010-06-11 14:56:00,2011-06-14 15:45:00
17750.0,9,3747,1710.45,190.05,178,2011-06-28 15:44:00,2011-12-04 14:09:00
17751.0,1,147,157.85999999999999,157.85999999999999,31,2010-10-14 13:57:00,2010-10-14 13:57:00
17752.0,1,192,80.64,80.64,1,2010-12-15 16:19:00,2010-12-15 16:19:00
17753.0,4,124,382.05999999999995,95.51499999999999,66,2010-01-06 14:20:00,2010-09-01 15:49:00
17754.0,13,4366,4451.22,342.4015384615385,214,2009-12-11 15:52:00,2011-12-09 11:20:00
17756.0,3,399,728.75,242.91666666666666,83,2010-11-10 12:54:00,2010-11-29 12:20:00
17757.0,56,5011,9074.05,162.03660714285712,1252,2010-01-13 15:56:00,2011-12-08 15:31:00
17758.0,12,3199,4964.03,381.8484615384615,518,2010-05-20 13:18:00,2011-11-20 14:45:00
17759.0,5,965,1261.88,252.37600000000003,126,2010-05-05 11:40:00,2011-11-22 16:02:00
17760.0,6,531,746.39,124.39833333333333,67,2010-02-28 12:15:00,2011-11-18 10:56:00
17761.0,1,398,712.78,712.78,19,2011-11-07 10:23:00,2011-11-07 10:23:00
17762.0,1,129,129.75,129.75,16,2010-09-09 17:40:00,2010-09-09 17:40:00
17763.0,4,41,86.15,21.5375,14,2010-02-18 14:32:00,2011-03-21 14:25:00
17764.0,5,674,1513.57,302.714,146,2009-12-03 14:28:00,2011-10-20 11:03:00
17765.0,4,195,524.0,131.0,74,2010-09-17 12:45:00,2011-07-04 12:41:00
17766.0,2,155,299.61,149.805,21,2010-11-23 14:17:00,2010-11-23 14:29:00
17767.0,2,198,413.04999999999995,206.52499999999998,39,2010-10-25 16:22:00,2011-11-24 14:42:00
17768.0,7,2339,3292.73,470.39,172,2009-12-02 12:26:00,2011-12-01 13:22:00
17769.0,17,3157,7053.38,414.90470588235297,571,2010-01-19 11:33:00,2011-11-27 11:18:00
17770.0,5,365,1143.27,228.654,38,2011-03-02 13:35:00,2011-05-25 12:34:00
17771.0,4,373,387.40999999999997,96.85249999999999,67,2010-04-29 13:21:00,2011-10-14 11:43:00
17772.0,3,113,360.75,120.25,95,2010-11-12 11:31:00,2011-11-29 11:05:00
17773.0,2,254,575.37,287.685,48,2010-01-18 14:32:00,2010-07-13 14:07:00
17774.0,9,1585,3273.83,363.75888888888886,387,2010-02-08 16:06:00,2011-09-04 12:49:00
17775.0,1,72,56.4,56.4,3,2011-03-30 10:50:00,2011-03-30 10:50:00
17776.0,2,273,330.56,165.28,78,2009-12-16 14:59:00,2010-11-18 12:14:00
17777.0,3,501,647.56,215.85333333333332,184,2011-08-31 14:35:00,2011-11-15 12:02:00
17778.0,1,214,197.70000000000002,197.70000000000002,10,2010-02-16 12:44:00,2010-02-16 12:44:00
17779.0,3,396,650.3199999999999,216.7733333333333,79,2011-07-19 12:19:00,2011-11-18 14:15:00
17780.0,3,156,346.56,115.52,78,2010-01-24 11:21:00,2010-02-10 13:43:00
17781.0,2,34,188.01999999999998,94.00999999999999,12,2011-03-31 19:54:00,2011-07-03 16:00:00
17782.0,2,538,679.02,339.51,29,2010-11-22 10:03:00,2010-11-22 11:15:00
17783.0,3,438,376.96,125.65333333333332,91,2010-07-15 12:50:00,2011-09-28 16:07:00
17784.0,1,72,112.86,112.86,19,2010-06-07 16:08:00,2010-06-07 16:08:00
17785.0,3,227,403.38,134.46,51,2010-05-23 13:01:00,2011-10-17 13:43:00
17786.0,2,195,266.85,133.425,62,2011-01-26 14:35:00,2011-09-15 12:51:00
17787.0,4,896,1817.54,454.385,127,2010-12-03 13:43:00,2011-07-10 11:24:00
17788.0,2,211,1117.9,558.95,5,2011-08-02 10:38:00,2011-09-27 10:09:00
17789.0,2,199,397.15,198.575,27,2010-02-16 13:16:00,2011-03-03 13:14:00
17790.0,20,1387,2779.41,138.9705,295,2010-06-13 13:30:00,2011-11-13 11:30:00
17791.0,1,46,106.1,106.1,10,2011-11-10 12:09:00,2011-11-10 12:09:00
17792.0,2,149,368.35,184.175,50,2010-08-18 13:08:00,2010-08-29 14:30:00
17793.0,1,226,300.34,300.34,49,2011-11-14 14:24:00,2011-11-14 14:24:00
17794.0,2,46,147.3,73.65,7,2010-01-20 12:17:00,2010-01-22 10:18:00
17795.0,2,305,342.83000000000004,171.41500000000002,44,2011-03-20 12:02:00,2011-06-13 12:36:00
17796.0,7,347,1236.39,176.62714285714287,201,2010-10-14 13:37:00,2011-10-30 15:38:00
17797.0,8,1086,1971.8700000000001,246.48375000000001,266,2009-12-15 14:30:00,2011-11-17 13:21:00
17798.0,1,138,178.07,178.07,43,2010-05-07 11:42:00,2010-05-07 11:42:00
17799.0,20,3674,6246.93,297.47285714285715,867,2009-12-13 16:03:00,2011-11-17 15:16:00
17800.0,9,732,1187.21,131.91222222222223,100,2011-01-09 13:50:00,2011-11-02 12:57:00
17801.0,3,820,770.03,256.6766666666667,78,2010-01-17 11:31:00,2010-09-14 14:32:00
17802.0,10,2705,4946.22,494.622,514,2009-12-13 13:39:00,2011-09-18 14:56:00
17803.0,1,98,184.66,184.66,27,2010-11-12 13:53:00,2010-11-12 13:53:00
17804.0,3,194,383.78,127.92666666666666,90,2009-12-01 12:22:00,2010-11-28 14:01:00
17805.0,2,1126,927.03,463.515,11,2010-04-08 14:36:00,2011-09-27 11:49:00
17806.0,1,727,546.04,546.04,43,2011-11-28 14:12:00,2011-11-28 14:12:00
17807.0,3,262,437.87,145.95666666666668,89,2010-01-04 14:00:00,2010-11-09 16:21:00
17808.0,4,143,262.64,65.66,33,2010-05-07 16:26:00,2010-06-09 10:44:00
17809.0,20,2995,10085.89,504.29449999999997,97,2009-12-02 14:52:00,2011-11-23 12:59:00
17810.0,2,118,373.15999999999997,186.57999999999998,53,2010-01-25 10:26:00,2010-02-09 10:47:00
17811.0,47,5278,9519.800000000001,202.54893617021278,1111,2010-09-20 11:24:00,2011-12-05 13:46:00
17812.0,7,444,911.99,130.28428571428572,180,2010-06-27 13:34:00,2011-11-27 11:47:00
17813.0,5,752,1698.07,339.614,337,2011-09-29 15:57:00,2011-11-25 16:13:00
17814.0,2,1435,1609.37,804.685,128,2010-10-13 14:03:00,2010-11-29 14:21:00
17815.0,1,612,591.96,591.96,13,2010-11-11 14:39:00,2010-11-11 14:39:00
17816.0,6,80,96.11,16.018333333333334,45,2009-12-15 15:27:00,2011-11-03 11:34:00
17817.0,6,353,788.15,131.35833333333332,125,2010-10-13 15:07:00,2011-12-05 14:39:00
17818.0,1,86,124.78,124.78,42,2009-12-02 11:34:00,2009-12-02 11:34:00
17819.0,12,1610,6021.05,501.75416666666666,89,2009-12-13 15:24:00,2011-09-29 10:52:00
17820.0,1,111,180.60999999999999,180.60999999999999,39,2010-11-30 17:43:00,2010-11-30 17:43:00
17821.0,1,162,334.62,334.62,6,2010-10-29 13:20:00,2010-10-29 13:20:00
17822.0,5,1375,2162.93,432.58599999999996,160,2010-05-28 12:15:00,2010-10-15 13:47:00
17823.0,2,252,449.25,224.625,97,2010-10-14 16:14:00,2010-10-14 16:24:00
17824.0,1,408,298.4,298.4,13,2011-10-19 14:14:00,2011-10-19 14:14:00
17825.0,4,516,701.96,175.49,26,2009-12-14 12:09:00,2010-04-20 12:01:00
17826.0,1,84,133.34,133.34,33,2010-11-30 13:23:00,2010-11-30 13:23:00
17827.0,6,1582,2376.17,396.02833333333336,277,2010-03-28 12:20:00,2011-12-04 15:00:00
17828.0,4,667,1820.09,455.0225,67,2011-06-08 08:31:00,2011-11-17 08:41:00
17829.0,5,3009,4756.74,951.348,171,2010-02-22 15:39:00,2011-02-14 12:46:00
17830.0,3,92,398.7,132.9,23,2011-02-24 10:15:00,2011-12-08 12:28:00
17831.0,1,12,35.400000000000006,35.400000000000006,2,2011-11-06 15:09:00,2011-11-06 15:09:00
17832.0,1,208,155.37,155.37,61,2011-10-21 11:43:00,2011-10-21 11:43:00
17833.0,1,143,338.46000000000004,338.46000000000004,28,2009-12-16 13:40:00,2009-12-16 13:40:00
17834.0,2,639,689.6700000000001,344.83500000000004,57,2010-09-20 15:32:00,2010-10-21 12:09:00
17835.0,3,344,342.24,114.08,59,2011-11-16 16:30:00,2011-12-07 11:48:00
17836.0,1,88,110.21000000000001,110.21000000000001,23,2011-10-23 16:13:00,2011-10-23 16:13:00
17837.0,8,510,1541.23,192.65375,160,2011-06-29 16:44:00,2011-10-28 16:13:00
17838.0,13,3491,5604.64,431.1261538461539,251,2010-03-19 09:53:00,2011-11-13 11:20:00
17839.0,1,257,318.15,318.15,50,2011-10-28 17:27:00,2011-10-28 17:27:00
17840.0,1,128,175.9,175.9,44,2010-09-22 12:24:00,2010-09-22 12:24:00
17841.0,211,36584,68545.25,324.8590047393365,12163,2009-12-02 15:41:00,2011-12-08 12:07:00
17842.0,1,89,430.69,430.69,18,2010-04-16 14:23:00,2010-04-16 14:23:00
17843.0,2,251,320.4,160.2,58,2010-10-24 10:56:00,2011-02-09 15:33:00
17844.0,1,52,51.559999999999995,51.559999999999995,5,2011-08-25 11:27:00,2011-08-25 11:27:00
17845.0,4,195,596.0899999999999,149.02249999999998,47,2010-05-12 13:04:00,2010-06-02 15:20:00
17846.0,1,1,2033.1,2033.1,1,2011-09-15 15:20:00,2011-09-15 15:20:00
17847.0,2,29,129.69,64.845,9,2010-03-04 12:57:00,2010-07-12 10:00:00
17848.0,30,1404,3559.11,118.637,161,2009-12-06 13:19:00,2011-09-19 16:49:00
17849.0,8,224,1063.76,132.97,50,2010-03-14 15:17:00,2011-05-05 13:46:00
17850.0,155,21052,51208.87,330.3798064516129,2499,2009-12-05 12:28:00,2010-12-02 15:27:00
17851.0,6,933,1552.35,258.72499999999997,227,2009-12-03 17:46:00,2010-10-13 15:13:00
17852.0,5,372,657.8100000000001,131.562,104,2009-12-08 12:51:00,2011-11-28 12:36:00
17853.0,3,625,1596.29,532.0966666666667,104,2009-12-03 15:09:00,2010-10-28 15:29:00
17854.0,6,607,1068.5,178.08333333333334,115,2009-12-08 11:13:00,2011-06-07 16:21:00
17855.0,1,197,208.97,208.97,17,2010-12-02 09:44:00,2010-12-02 09:44:00
17856.0,4,842,1418.03,354.5075,15,2011-03-03 11:40:00,2011-12-08 09:40:00
17857.0,24,19906,27347.04,1139.46,56,2010-03-08 12:09:00,2011-12-05 13:13:00
17858.0,30,5383,12518.65,417.2883333333333,371,2009-12-06 15:41:00,2011-12-04 11:56:00
17859.0,1,102,141.92000000000002,141.92000000000002,23,2011-02-08 10:32:00,2011-02-08 10:32:00
17860.0,4,696,717.39,179.3475,156,2009-12-11 16:48:00,2010-12-06 12:41:00
17861.0,18,4541,5088.29,282.6827777777778,544,2009-12-10 11:27:00,2011-12-06 16:21:00
17862.0,4,440,1254.89,313.7225,95,2010-05-25 17:22:00,2011-01-20 12:23:00
17863.0,12,4676,5360.48,446.70666666666665,255,2010-02-25 12:01:00,2011-10-11 13:45:00
17864.0,5,1015,876.5699999999999,175.314,121,2010-10-08 11:49:00,2011-11-27 11:15:00
17865.0,46,12950,26312.190000000002,572.0041304347826,997,2009-12-01 10:49:00,2011-11-09 12:08:00
17866.0,3,535,1134.95,378.31666666666666,26,2009-12-14 16:01:00,2011-07-20 11:07:00
17867.0,15,638,1582.05,105.47,124,2009-12-02 13:39:00,2011-11-09 14:15:00
17868.0,1,85,227.15,227.15,18,2010-11-18 18:55:00,2010-11-18 18:55:00
17869.0,7,491,813.64,116.23428571428572,79,2010-06-10 13:47:00,2011-08-24 16:16:00
17870.0,13,1699,2753.29,211.79153846153847,261,2010-11-23 11:39:00,2011-12-07 15:07:00
17871.0,5,665,1068.95,213.79000000000002,79,2010-01-15 14:48:00,2011-05-19 11:32:00
17872.0,1,176,235.87,235.87,15,2010-11-23 12:02:00,2010-11-23 12:02:00
17873.0,18,4159,6265.33,348.07388888888886,165,2009-12-16 15:11:00,2011-09-20 16:41:00
17874.0,6,221,683.46,113.91000000000001,46,2011-03-29 11:25:00,2011-06-07 12:54:00
17875.0,1,98,167.1,167.1,25,2010-01-20 15:30:00,2010-01-20 15:30:00
17876.0,3,1958,3424.02,1141.34,4,2010-02-02 13:00:00,2010-11-05 10:52:00
17877.0,1,98,237.61,237.61,12,2011-06-22 13:00:00,2011-06-22 13:00:00
17878.0,3,1014,1378.93,459.6433333333334,82,2010-11-09 13:50:00,2011-10-27 11:24:00
17879.0,1,45,178.51999999999998,178.51999999999998,6,2011-06-19 12:36:00,2011-06-19 12:36:00
17880.0,3,466,824.9200000000001,274.97333333333336,45,2009-12-09 16:13:00,2010-12-10 10:21:00
17881.0,1,32,133.35000000000002,133.35000000000002,8,2011-02-08 17:16:00,2011-02-08 17:16:00
17882.0,2,130,291.56,145.78,52,2010-11-25 14:35:00,2010-11-25 14:40:00
17883.0,7,476,988.4200000000001,141.20285714285714,169,2010-02-25 20:07:00,2011-12-06 17:49:00
17884.0,20,2749,2698.47,128.4985714285714,395,2009-12-04 16:23:00,2011-12-06 11:33:00
17885.0,1,110,156.34,156.34,50,2011-11-27 14:40:00,2011-11-27 14:40:00
17886.0,6,711,1572.55,262.09166666666664,163,2010-04-29 11:10:00,2011-11-08 10:09:00
17887.0,1,30,111.35,111.35,10,2011-08-02 17:29:00,2011-08-02 17:29:00
17888.0,25,1536,1807.44,72.2976,158,2009-12-21 16:34:00,2011-11-18 13:45:00
17889.0,7,403,746.42,106.63142857142857,112,2010-03-31 10:54:00,2011-05-11 16:26:00
17890.0,2,402,586.89,293.445,90,2010-12-13 15:12:00,2011-01-21 11:19:00
17891.0,1,393,203.85999999999999,203.85999999999999,34,2011-06-30 20:08:00,2011-06-30 20:08:00
17892.0,3,109,244.1,81.36666666666666,28,2011-07-07 12:56:00,2011-10-14 16:49:00
17893.0,1,149,107.21,107.21,15,2011-04-28 13:50:00,2011-04-28 13:50:00
17894.0,18,938,2304.58,128.03222222222223,400,2010-08-27 14:13:00,2011-09-29 09:23:00
17895.0,1,127,95.45,95.45,15,2011-10-26 17:00:00,2011-10-26 17:00:00
17896.0,1,288,256.32,256.32,2,2011-11-16 13:59:00,2011-11-16 13:59:00
17897.0,9,864,2099.89,233.3211111111111,247,2010-05-12 16:03:00,2011-06-20 11:23:00
17898.0,4,251,299.18,74.795,50,2010-05-21 17:22:00,2011-09-15 14:56:00
17899.0,1,170,154.55,154.55,29,2011-07-03 14:58:00,2011-07-03 14:58:00
17900.0,2,73,112.19999999999999,56.099999999999994,6,2011-06-02 14:28:00,2011-06-02 14:38:00
17901.0,3,38,260.08,86.69333333333333,22,2010-07-06 10:54:00,2011-11-10 17:29:00
17902.0,1,526,216.39999999999998,216.39999999999998,24,2010-06-11 12:25:00,2010-06-11 12:25:00
17903.0,1,142,381.09000000000003,381.09000000000003,44,2010-11-10 15:39:00,2010-11-10 15:39:00
17904.0,1,59,181.07,181.07,33,2011-11-18 12:57:00,2011-11-18 12:57:00
17905.0,13,1299,2178.87,167.6053846153846,144,2010-01-28 17:54:00,2011-09-29 17:33:00
17906.0,1,26,72.9,72.9,12,2011-04-06 17:25:00,2011-04-06 17:25:00
17907.0,1,1046,291.76,291.76,13,2010-03-09 12:33:00,2010-03-09 12:33:00
17908.0,5,670,1142.47,228.494,199,2009-12-14 12:24:00,2010-12-01 11:45:00
17909.0,1,35,110.05,110.05,8,2009-12-02 13:10:00,2009-12-02 13:10:00
17910.0,1,121,261.7,261.7,25,2009-12-13 16:04:00,2009-12-13 16:04:00
17911.0,1,223,366.23,366.23,39,2011-11-30 14:52:00,2011-11-30 14:52:00
17912.0,6,215,374.55,62.425000000000004,50,2010-11-29 13:53:00,2011-02-02 14:25:00
17913.0,14,1725,3429.29,244.9492857142857,446,2009-12-03 13:02:00,2011-10-12 10:45:00
17914.0,1,457,329.36,329.36,72,2011-12-06 11:58:00,2011-12-06 11:58:00
17915.0,1,184,225.78,225.78,27,2010-06-06 13:22:00,2010-06-06 13:22:00
17916.0,2,90,43.870000000000005,21.935000000000002,19,2009-12-06 14:10:00,2010-03-21 12:26:00
17917.0,3,184,335.03,111.67666666666666,88,2010-12-12 12:08:00,2011-10-25 13:20:00
17918.0,3,352,396.39,132.13,40,2010-07-22 14:20:00,2010-07-27 11:51:00
17919.0,2,1452,1840.32,920.16,40,2010-09-27 10:40:00,2011-09-12 13:41:00
17920.0,54,12265,23581.78,436.6996296296296,1562,2009-12-06 10:37:00,2011-12-05 14:29:00
17921.0,10,991,2394.36,239.436,354,2010-07-15 20:05:00,2011-10-06 18:56:00
17922.0,1,49,170.4,170.4,8,2010-06-14 16:32:00,2010-06-14 16:32:00
17923.0,3,140,497.0,165.66666666666666,3,2010-06-13 13:58:00,2011-03-02 15:15:00
17924.0,8,1208,3257.7000000000003,407.21250000000003,33,2010-10-21 12:17:00,2011-11-28 09:11:00
17925.0,1,72,244.08,244.08,1,2010-12-02 10:10:00,2010-12-02 10:10:00
17926.0,5,572,1035.49,207.098,44,2010-05-09 14:07:00,2011-07-29 14:39:00
17927.0,1,108,294.0,294.0,10,2009-12-18 11:03:00,2009-12-18 11:03:00
17928.0,3,222,341.24,113.74666666666667,27,2010-05-17 15:30:00,2011-10-25 13:52:00
17929.0,12,434,3082.1,256.84166666666664,15,2009-12-09 11:40:00,2011-11-28 16:01:00
17930.0,13,3795,4275.22,328.86307692307696,87,2010-03-04 10:41:00,2011-11-04 10:23:00
17931.0,14,1919,3402.24,243.01714285714283,346,2010-02-16 15:47:00,2011-07-28 18:33:00
17932.0,3,789,1331.57,443.8566666666666,90,2011-05-12 13:58:00,2011-11-10 19:49:00
17933.0,1,63,114.69,114.69,12,2010-03-17 15:11:00,2010-03-17 15:11:00
17934.0,3,628,1049.15,349.7166666666667,41,2010-10-29 12:23:00,2011-10-19 11:16:00
17935.0,7,244,686.14,98.02,63,2009-12-04 14:33:00,2011-07-24 13:18:00
17936.0,1,257,380.13,380.13,68,2011-12-04 13:32:00,2011-12-04 13:32:00
17937.0,7,1754,4301.22,614.46,43,2010-12-12 14:43:00,2011-12-01 11:45:00
17938.0,1,53,144.29,144.29,29,2010-10-15 14:27:00,2010-10-15 14:27:00
17939.0,1,40,99.14,99.14,12,2011-07-03 12:27:00,2011-07-03 12:27:00
17940.0,16,85148,30306.79,1894.174375,35,2009-12-03 12:31:00,2011-10-21 13:27:00
17941.0,4,1108,1433.28,358.32,7,2010-01-06 15:37:00,2011-08-01 08:30:00
17942.0,1,38,77.50000000000001,77.50000000000001,2,2011-12-02 10:45:00,2011-12-02 10:45:00
17944.0,1,84,74.99,74.99,24,2010-10-12 16:25:00,2010-10-12 16:25:00
17945.0,3,244,360.35,120.11666666666667,71,2010-01-12 11:33:00,2010-01-12 11:40:00
17946.0,2,75,149.57999999999998,74.78999999999999,18,2011-03-25 14:34:00,2011-04-20 17:00:00
17947.0,1,168,176.68,176.68,9,2011-11-02 13:05:00,2011-11-02 13:05:00
17948.0,1,144,358.56000000000006,358.56000000000006,1,2011-07-15 12:58:00,2011-07-15 12:58:00
17949.0,118,60538,117314.08,994.1871186440678,154,2009-12-02 11:07:00,2011-12-08 18:46:00
17950.0,7,659,1166.29,166.61285714285714,158,2010-01-04 17:39:00,2011-09-28 15:18:00
17951.0,4,780,1340.5800000000002,335.14500000000004,28,2010-10-31 15:15:00,2011-10-31 12:30:00
17952.0,4,477,788.46,197.115,95,2010-06-16 11:54:00,2010-11-26 13:54:00
17953.0,1,98,159.17000000000002,159.17000000000002,20,2010-06-17 15:08:00,2010-06-17 15:08:00
17954.0,19,3180,3804.38,200.2305263157895,739,2009-12-09 13:22:00,2011-12-04 14:15:00
17955.0,6,681,949.9,158.31666666666666,22,2010-02-12 16:27:00,2011-05-25 12:00:00
17956.0,1,1,12.75,12.75,1,2011-04-04 13:47:00,2011-04-04 13:47:00
17957.0,1,287,111.68,111.68,31,2011-10-04 14:58:00,2011-10-04 14:58:00
17958.0,2,284,973.8799999999999,486.93999999999994,36,2009-12-11 15:37:00,2011-08-15 12:19:00
17959.0,1,49,140.75,140.75,2,2010-04-26 14:12:00,2010-04-26 14:12:00
17960.0,3,60,135.08,45.02666666666667,37,2010-03-08 12:22:00,2011-06-21 14:15:00
17961.0,100,1491,2866.74,28.667399999999997,628,2009-12-01 14:48:00,2011-11-18 16:55:00
17962.0,4,633,666.96,166.74,176,2010-01-13 15:24:00,2011-07-20 14:16:00
17963.0,4,341,643.16,160.79,106,2010-01-19 17:25:00,2010-08-25 15:58:00
17964.0,2,294,463.21,231.605,88,2010-12-02 13:32:00,2011-11-08 10:44:00
17965.0,29,4383,7006.65,241.60862068965517,811,2009-12-14 13:19:00,2011-11-02 09:31:00
17966.0,10,3918,1963.92,196.392,113,2010-01-18 13:24:00,2011-11-02 10:26:00
17967.0,2,111,223.42,111.71,60,2010-10-19 13:19:00,2010-12-03 11:19:00
17968.0,4,352,590.44,147.61,119,2010-07-15 15:01:00,2010-12-01 12:23:00
17969.0,20,1014,2354.29,117.7145,201,2009-12-06 13:53:00,2011-06-26 13:00:00
17970.0,1,513,562.79,562.79,27,2011-05-12 20:03:00,2011-05-12 20:03:00
17971.0,1,62,161.94,161.94,21,2010-06-09 14:04:00,2010-06-09 14:04:00
17972.0,1,36,135.19,135.19,30,2011-04-12 12:16:00,2011-04-12 12:16:00
17973.0,1,176,337.04,337.04,15,2011-10-19 10:34:00,2011-10-19 10:34:00
17974.0,6,1189,1739.09,289.8483333333333,324,2010-10-28 20:03:00,2011-11-15 11:37:00
17975.0,24,2179,6696.33,279.01375,459,2010-08-06 11:24:00,2011-11-24 13:27:00
17976.0,1,93,321.79,321.79,56,2010-12-02 13:49:00,2010-12-02 13:49:00
17977.0,2,1948,1511.4499999999998,755.7249999999999,102,2010-11-04 14:26:00,2011-11-10 13:28:00
17978.0,4,1297,1159.9899999999998,289.99749999999995,66,2009-12-08 13:27:00,2010-12-09 14:05:00
17979.0,4,383,732.4100000000001,183.10250000000002,127,2011-03-25 11:34:00,2011-11-04 12:05:00
17980.0,4,771,1012.72,253.18,57,2010-11-11 14:42:00,2011-06-27 12:01:00
17981.0,1,260,239.12,239.12,17,2010-10-25 10:40:00,2010-10-25 10:40:00
17982.0,1,117,138.18,138.18,13,2010-01-28 09:38:00,2010-01-28 09:38:00
17983.0,1,108,171.70999999999998,85.85499999999999,24,2010-11-09 13:23:00,2010-11-09 13:24:00
17984.0,5,939,1152.19,230.43800000000002,225,2009-12-01 11:51:00,2011-07-17 15:59:00
17985.0,1,171,631.35,631.35,20,2011-11-17 14:24:00,2011-11-17 14:24:00
17986.0,1,10,20.8,20.8,1,2011-10-14 14:22:00,2011-10-14 14:22:00
17987.0,5,981,965.44,193.08800000000002,153,2010-06-07 11:23:00,2011-06-07 14:22:00
17988.0,14,186,489.53999999999996,34.96714285714285,123,2009-12-07 13:35:00,2011-11-28 11:00:00
17989.0,1,300,207.32999999999998,207.32999999999998,26,2010-11-25 13:49:00,2010-11-25 13:49:00
17990.0,6,777,1527.6100000000001,254.6016666666667,57,2009-12-07 15:19:00,2011-04-17 11:44:00
17991.0,3,93,300.3,100.10000000000001,38,2010-04-27 12:46:00,2011-04-28 15:58:00
17992.0,1,130,252.88,252.88,49,2010-11-15 13:04:00,2010-11-15 13:04:00
17993.0,1,108,225.99,225.99,60,2010-04-01 14:23:00,2010-04-01 14:23:00
17994.0,11,2181,2270.03,206.36636363636364,304,2010-03-29 10:37:00,2011-08-10 11:41:00
17995.0,3,263,495.48,165.16,29,2010-11-17 17:01:00,2011-03-03 12:30:00
17996.0,3,587,482.33000000000004,160.77666666666667,65,2010-06-11 11:48:00,2010-11-25 11:00:00
17997.0,8,2273,1962.46,245.3075,163,2011-06-28 17:28:00,2011-09-26 16:13:00
17998.0,3,561,639.24,213.08,58,2009-12-01 13:07:00,2010-11-24 15:31:00
17999.0,3,286,528.46,176.15333333333334,130,2010-11-26 13:16:00,2011-11-02 15:56:00
18000.0,1,109,124.25,124.25,6,2010-05-24 17:34:00,2010-05-24 17:34:00
18001.0,6,874,924.14,154.02333333333334,129,2009-12-02 15:38:00,2011-11-27 16:02:00
18002.0,4,71,244.37,61.0925,53,2009-12-08 11:07:00,2010-11-29 10:57:00
18003.0,1,297,353.51,353.51,23,2010-11-28 15:09:00,2010-11-28 15:09:00
18004.0,1,75,157.92,157.92,32,2010-12-12 13:47:00,2010-12-12 13:47:00
18005.0,2,86,226.47,113.235,52,2011-10-23 14:40:00,2011-12-06 11:51:00
18006.0,4,395,969.51,242.3775,61,2009-12-17 12:27:00,2011-11-16 16:52:00
18007.0,1,246,215.22,215.22,46,2010-11-12 11:08:00,2010-11-12 11:08:00
18008.0,23,7825,19759.079999999998,859.0904347826087,93,2010-01-06 12:35:00,2011-09-30 15:17:00
18009.0,8,651,2144.23,268.02875,176,2010-02-25 11:49:00,2011-04-18 13:36:00
18010.0,1,60,174.8,174.8,14,2011-03-28 12:27:00,2011-03-28 12:27:00
18011.0,2,125,410.78999999999996,205.39499999999998,63,2010-05-21 13:28:00,2010-12-01 17:35:00
18012.0,1,63,115.3,115.3,13,2009-12-16 13:16:00,2009-12-16 13:16:00
18013.0,2,285,187.29000000000002,93.64500000000001,31,2011-07-07 14:08:00,2011-07-07 14:11:00
18014.0,1,66,162.22,162.22,29,2011-11-11 15:28:00,2011-11-11 15:28:00
18015.0,1,157,120.03,120.03,46,2011-12-05 14:49:00,2011-12-05 14:49:00
18016.0,7,1207,1954.56,279.22285714285715,169,2010-01-27 16:00:00,2011-11-07 13:25:00
18017.0,4,400,688.0,172.0,4,2010-10-04 15:11:00,2011-09-19 16:15:00
18018.0,4,186,297.99,74.4975,43,2010-10-15 11:05:00,2011-08-23 17:37:00
18019.0,1,7,38.45,38.45,5,2011-10-19 12:10:00,2011-10-19 12:10:00
18020.0,1,67,190.48000000000002,190.48000000000002,12,2010-06-14 12:31:00,2010-06-14 12:31:00
18021.0,2,168,216.41,108.205,32,2010-07-15 18:47:00,2010-07-18 10:52:00
18022.0,5,1311,1507.25,301.45,369,2010-06-11 13:59:00,2011-11-04 12:45:00
18024.0,2,184,389.78,194.89,21,2011-07-10 12:28:00,2011-07-10 12:40:00
18025.0,6,1053,1177.72,196.28666666666666,111,2010-03-30 17:33:00,2010-11-25 12:37:00
18026.0,2,530,2074.07,1037.035,16,2010-07-22 16:21:00,2010-07-27 10:37:00
18027.0,1,78,115.31,115.31,21,2011-09-02 10:38:00,2011-09-02 10:38:00
18028.0,1,133,192.05,192.05,4,2010-05-05 13:28:00,2010-05-05 13:28:00
18029.0,1,253,433.77,433.77,18,2010-03-07 15:30:00,2010-03-07 15:30:00
18030.0,2,67,230.64999999999998,115.32499999999999,9,2011-10-28 13:55:00,2011-12-05 16:37:00
18031.0,1,298,451.3,451.3,49,2010-11-26 11:00:00,2010-11-26 11:00:00
18032.0,1,42,73.5,73.5,5,2011-01-09 15:32:00,2011-01-09 15:32:00
18033.0,1,252,93.82000000000001,93.82000000000001,32,2011-10-05 17:28:00,2011-10-05 17:28:00
18034.0,3,951,754.1999999999999,251.39999999999998,204,2010-11-29 12:36:00,2011-11-18 12:22:00
18035.0,5,1134,1260.23,252.046,53,2010-11-19 13:42:00,2011-11-04 12:39:00
18036.0,11,741,1545.49,140.4990909090909,319,2009-12-18 12:04:00,2011-11-07 14:40:00
18037.0,15,37,167.42,11.161333333333333,33,2009-12-01 13:48:00,2011-07-08 13:39:00
18038.0,1,80,141.48,141.48,25,2010-06-01 15:59:00,2010-06-01 15:59:00
18039.0,4,555,548.22,137.055,155,2010-03-09 11:19:00,2010-11-30 13:07:00
18040.0,2,148,357.2,178.6,19,2011-04-08 08:27:00,2011-11-20 14:20:00
18041.0,38,7316,8018.7699999999995,211.02026315789473,812,2010-01-14 10:04:00,2011-11-28 11:39:00
18042.0,2,69,281.15,140.575,16,2010-06-16 10:53:00,2011-10-17 11:49:00
18043.0,3,265,529.2900000000001,176.43000000000004,110,2010-12-08 12:35:00,2011-11-15 12:48:00
18044.0,18,1598,3505.61,194.75611111111112,200,2010-05-28 15:31:00,2011-12-05 14:26:00
18045.0,1,138,178.34,178.34,43,2011-10-25 13:07:00,2011-10-25 13:07:00
18046.0,1,44,189.63,189.63,26,2010-02-28 11:36:00,2010-02-28 11:36:00
18047.0,2,130,326.09000000000003,163.04500000000002,75,2010-11-23 12:57:00,2010-11-23 13:11:00
18048.0,3,256,394.93,131.64333333333335,58,2010-08-03 13:03:00,2011-05-20 14:58:00
18049.0,2,402,500.92,250.46,82,2010-04-28 13:24:00,2010-09-28 14:26:00
18050.0,2,250,412.06000000000006,206.03000000000003,23,2010-11-11 15:51:00,2010-12-15 14:25:00
18051.0,7,1661,2282.2799999999997,326.03999999999996,55,2009-12-09 12:17:00,2010-03-15 13:58:00
18052.0,1,17766,10877.18,10877.18,16,2010-05-24 11:11:00,2010-05-24 11:11:00
18053.0,3,409,571.0699999999999,190.35666666666665,32,2010-06-30 12:36:00,2011-09-30 09:05:00
18054.0,1,96,176.5,176.5,11,2010-11-12 08:18:00,2010-11-12 08:18:00
18055.0,14,3534,10142.64,724.4742857142857,529,2010-10-22 13:27:00,2011-12-02 14:25:00
18056.0,2,334,554.5999999999999,277.29999999999995,30,2010-03-31 12:29:00,2011-02-24 14:27:00
18057.0,3,970,1188.46,396.15333333333336,126,2010-01-18 12:42:00,2010-11-11 16:55:00
18058.0,3,394,774.06,258.02,16,2010-02-10 09:38:00,2011-11-30 08:38:00
18059.0,3,258,306.46,102.15333333333332,18,2011-10-03 09:30:00,2011-11-16 16:49:00
18060.0,2,902,1185.46,592.73,75,2010-05-24 08:34:00,2010-10-27 16:41:00
18061.0,28,3359,6083.81,217.2789285714286,122,2009-12-04 11:36:00,2011-11-18 11:20:00
18062.0,6,831,1632.67,272.1116666666667,54,2010-04-21 08:55:00,2011-06-19 14:47:00
18063.0,2,48,186.60000000000002,93.30000000000001,3,2010-03-16 13:05:00,2010-11-14 10:46:00
18064.0,11,2685,4481.83,407.4390909090909,63,2010-02-01 15:01:00,2011-07-29 16:39:00
18065.0,29,2265,5866.63,202.29758620689657,310,2009-12-09 16:00:00,2011-12-04 10:30:00
18066.0,3,535,1440.4,480.1333333333334,53,2010-10-20 11:42:00,2011-09-25 15:30:00
18067.0,1,189,396.33,396.33,36,2011-10-30 15:58:00,2011-10-30 15:58:00
18068.0,1,6,101.69999999999999,101.69999999999999,1,2011-02-23 14:50:00,2011-02-23 14:50:00
18069.0,11,3168,4464.92,405.9018181818182,956,2010-02-28 16:14:00,2011-11-13 16:03:00
18070.0,1,86,314.1,314.1,9,2010-02-08 13:28:00,2010-02-08 13:28:00
18071.0,6,678,1169.68,194.9466666666667,71,2009-12-05 10:31:00,2011-03-27 11:59:00
18072.0,1,288,247.44,247.44,18,2011-06-07 10:44:00,2011-06-07 10:44:00
18073.0,12,3102,3859.82,321.6516666666667,71,2011-05-26 19:38:00,2011-08-17 14:02:00
18074.0,2,361,1019.44,509.72,43,2010-07-22 10:31:00,2010-12-01 09:53:00
18075.0,20,3281,5783.29,289.1645,323,2010-07-29 11:47:00,2011-11-16 15:21:00
18076.0,1,164,151.49,151.49,8,2010-11-24 14:02:00,2010-11-24 14:02:00
18077.0,18,3020,4078.79,226.59944444444443,350,2009-12-07 11:40:00,2011-12-01 13:32:00
18078.0,4,370,725.53,181.3825,72,2010-03-21 15:50:00,2011-05-06 14:32:00
18079.0,5,8730,4203.93,840.7860000000001,133,2010-08-05 12:19:00,2011-10-25 15:27:00
18080.0,2,642,1231.5,615.75,2,2011-04-11 10:10:00,2011-11-21 08:02:00
18081.0,3,195,343.45000000000005,114.48333333333335,17,2011-07-29 11:56:00,2011-11-03 16:30:00
18082.0,1,608,680.84,680.84,62,2011-11-14 12:45:00,2011-11-14 12:45:00
18083.0,1,268,463.53,463.53,36,2010-11-07 11:44:00,2010-11-07 11:44:00
18084.0,3,755,795.23,265.07666666666665,7,2010-11-16 08:09:00,2011-11-23 13:57:00
18085.0,4,507,1341.85,335.4625,62,2010-03-21 11:57:00,2011-01-13 15:17:00
18086.0,1,106,101.34,101.34,7,2011-03-10 13:34:00,2011-03-10 13:34:00
18087.0,17,7775,14761.52,868.324705882353,88,2009-12-01 09:43:00,2011-09-02 15:12:00
18088.0,1,107,166.03,166.03,35,2011-10-09 13:41:00,2011-10-09 13:41:00
18089.0,1,95,428.45,428.45,9,2010-09-19 11:57:00,2010-09-19 11:57:00
18090.0,1,307,321.9,321.9,47,2010-10-14 12:32:00,2010-10-14 12:32:00
18091.0,1,539,360.85,360.85,25,2010-04-25 13:18:00,2010-04-25 13:18:00
18092.0,18,8298,14693.720000000001,816.3177777777778,140,2009-12-04 12:37:00,2011-12-07 13:14:00
18093.0,8,3429,4452.71,556.58875,61,2010-03-31 10:27:00,2011-09-07 15:43:00
18094.0,13,4164,6391.5199999999995,491.6553846153846,126,2010-01-07 11:16:00,2011-09-19 09:28:00
18095.0,5,1623,2303.09,460.61800000000005,48,2010-04-19 14:09:00,2011-01-31 12:50:00
18096.0,6,1409,1657.87,276.31166666666667,348,2010-07-14 14:30:00,2011-11-28 12:44:00
18097.0,11,2716,4627.92,420.72,156,2009-12-17 11:06:00,2011-12-02 11:16:00
18098.0,1,215,527.94,527.94,85,2010-11-08 16:31:00,2010-11-08 16:31:00
18099.0,1,149,168.31,168.31,19,2011-08-04 15:52:00,2011-08-04 15:52:00
18100.0,1,440,451.56,451.56,30,2010-06-07 14:19:00,2010-06-07 14:19:00
18101.0,5,247,622.01,124.402,106,2010-02-03 13:52:00,2011-11-28 13:37:00
18102.0,145,181645,580987.04,4006.8071724137935,1040,2009-12-01 09:24:00,2011-12-09 11:50:00
18103.0,1,23,105.8,105.8,10,2010-06-08 13:36:00,2010-06-08 13:36:00
18104.0,1,362,754.64,754.64,38,2011-11-02 14:07:00,2011-11-02 14:07:00
18105.0,1,46,113.48000000000002,113.48000000000002,18,2011-11-02 12:04:00,2011-11-02 12:04:00
18106.0,6,506,1441.06,240.17666666666665,186,2010-01-15 11:36:00,2011-01-14 12:23:00
18107.0,1,65,165.88,165.88,38,2010-09-23 13:03:00,2010-09-23 13:03:00
18108.0,3,261,848.81,282.93666666666667,47,2009-12-02 12:47:00,2011-03-30 13:56:00
18109.0,38,4822,9555.71,251.46605263157892,643,2010-07-01 12:13:00,2011-12-08 11:36:00
18110.0,2,169,392.28000000000003,196.14000000000001,62,2010-10-24 14:21:00,2011-11-20 12:34:00
18111.0,1,232,405.85,405.85,27,2010-04-29 12:58:00,2010-04-29 12:58:00
18112.0,4,443,773.36,193.34,61,2010-06-06 12:40:00,2011-11-27 14:43:00
18113.0,1,72,76.32000000000001,76.32000000000001,1,2010-12-06 12:31:00,2010-12-06 12:31:00
18114.0,1,55,220.1,220.1,28,2011-02-22 13:20:00,2011-02-22 13:20:00
18115.0,1,3,9.700000000000001,9.700000000000001,3,2010-01-11 11:57:00,2010-01-11 11:57:00
18116.0,13,1267,2134.49,164.19153846153844,560,2010-10-24 15:29:00,2011-10-03 11:00:00
18117.0,1,605,315.65,315.65,68,2011-11-14 12:47:00,2011-11-14 12:47:00
18118.0,29,3184,6221.02,214.51793103448279,1416,2010-11-23 13:36:00,2011-11-29 11:32:00
18119.0,1,124,180.7,180.7,29,2010-12-07 11:59:00,2010-12-07 11:59:00
18120.0,1,31,111.15,111.15,17,2011-05-09 13:45:00,2011-05-09 13:45:00
18121.0,2,438,653.3,326.65,30,2011-07-08 12:14:00,2011-07-13 12:53:00
18122.0,6,1225,1793.06,298.8433333333333,340,2011-07-12 11:37:00,2011-12-01 13:08:00
18123.0,3,616,666.6399999999999,222.21333333333328,56,2010-07-14 12:47:00,2011-11-15 14:23:00
18124.0,1,47,102.65,102.65,20,2010-08-24 17:21:00,2010-08-24 17:21:00
18125.0,4,800,1131.75,282.9375,187,2011-01-27 15:02:00,2011-11-10 12:29:00
18126.0,1,135,200.92000000000002,200.92000000000002,52,2011-10-10 12:19:00,2011-10-10 12:19:00
18127.0,4,250,556.13,139.0325,64,2010-11-01 13:56:00,2011-11-20 14:05:00
18128.0,1,216,399.29,399.29,42,2010-06-20 13:19:00,2010-06-20 13:19:00
18129.0,1,48,112.55000000000001,112.55000000000001,13,2011-04-10 14:16:00,2011-04-10 14:16:00
18130.0,3,824,1059.3899999999999,353.12999999999994,70,2011-10-13 15:58:00,2011-11-24 14:40:00
18131.0,1,552,222.95999999999998,222.95999999999998,4,2010-03-18 08:48:00,2010-03-18 08:48:00
18132.0,1,212,220.13,220.13,60,2010-07-23 16:54:00,2010-07-23 16:54:00
18133.0,1,1350,931.4999999999999,931.4999999999999,1,2011-05-11 14:14:00,2011-05-11 14:14:00
18134.0,2,128,445.0,222.5,28,2010-01-14 11:59:00,2010-04-20 14:02:00
18135.0,10,753,1249.6200000000001,124.96200000000002,36,2010-03-15 13:55:00,2011-11-10 19:32:00
18136.0,5,860,1631.3600000000001,326.27200000000005,88,2010-09-14 15:50:00,2011-10-07 15:40:00
18137.0,2,59,145.99,72.995,27,2010-06-06 13:45:00,2010-06-06 14:18:00
18138.0,1,38,152.65,152.65,8,2011-02-17 14:51:00,2011-02-17 14:51:00
18139.0,6,5557,8438.34,1406.39,159,2011-11-21 14:06:00,2011-11-22 10:44:00
18140.0,1,395,536.41,536.41,49,2010-08-23 11:58:00,2010-08-23 11:58:00
18141.0,2,433,882.47,441.235,42,2010-04-29 15:32:00,2010-11-03 11:44:00
18142.0,2,1276,1019.52,509.76,15,2011-05-08 12:31:00,2011-07-05 13:19:00
18143.0,2,570,1000.1600000000001,500.08000000000004,61,2011-07-21 10:44:00,2011-08-15 12:07:00
18144.0,19,2144,4892.95,257.5236842105263,84,2009-12-16 15:57:00,2011-12-02 12:46:00
18145.0,11,5104,5609.74,509.9763636363636,398,2009-12-08 12:30:00,2011-11-27 11:22:00
18146.0,2,153,160.35000000000002,80.17500000000001,10,2011-05-03 16:35:00,2011-07-22 12:08:00
18147.0,2,203,179.33999999999997,89.66999999999999,7,2011-08-23 12:22:00,2011-10-25 11:46:00
18148.0,1,63,112.85000000000001,112.85000000000001,9,2010-03-03 11:40:00,2010-03-03 11:40:00
18149.0,7,869,1553.96,221.99428571428572,88,2010-03-14 12:41:00,2011-10-20 12:04:00
18150.0,3,332,566.58,188.86,37,2011-05-22 10:47:00,2011-11-07 16:49:00
18151.0,6,986,1879.44,313.24,106,2010-03-04 10:47:00,2011-07-28 11:35:00
18152.0,1,75,426.69,426.69,10,2010-03-03 15:26:00,2010-03-03 15:26:00
18153.0,1,200,246.22,246.22,17,2010-02-18 15:50:00,2010-02-18 15:50:00
18154.0,5,626,932.5999999999999,186.51999999999998,47,2010-08-06 09:18:00,2011-12-06 16:41:00
18155.0,3,266,371.62,123.87333333333333,25,2011-02-21 10:36:00,2011-09-25 13:32:00
18156.0,2,283,675.64,337.82,118,2010-12-05 12:29:00,2011-11-27 12:24:00
18157.0,1,145,213.9,213.9,25,2010-05-17 14:09:00,2010-05-17 14:09:00
18158.0,2,354,453.4,226.7,34,2011-09-12 09:03:00,2011-11-30 16:19:00
18159.0,1,139,530.15,530.15,23,2011-02-11 14:26:00,2011-02-11 14:26:00
18160.0,3,519,1003.88,334.62666666666667,65,2010-11-18 16:33:00,2011-10-13 15:50:00
18161.0,6,965,1803.1,300.51666666666665,93,2010-11-25 15:55:00,2011-11-24 16:40:00
18162.0,1,332,371.51,371.51,45,2009-12-07 13:24:00,2009-12-07 13:24:00
18163.0,1,452,728.84,728.84,33,2010-05-04 14:51:00,2010-05-04 14:51:00
18164.0,1,184,399.65000000000003,399.65000000000003,24,2011-11-02 12:56:00,2011-11-02 12:56:00
18165.0,1,254,302.46000000000004,302.46000000000004,10,2011-06-15 13:23:00,2011-06-15 13:23:00
18166.0,1,90,175.5,175.5,10,2010-03-26 12:26:00,2010-03-26 12:26:00
18167.0,3,382,1384.8600000000001,461.62000000000006,37,2011-08-26 11:40:00,2011-11-16 15:56:00
18168.0,16,1995,3435.5,214.71875,355,2009-12-03 17:29:00,2011-06-16 19:21:00
18169.0,1,61,202.65,202.65,9,2011-10-10 12:18:00,2011-10-10 12:18:00
18170.0,9,1184,2878.0,319.77777777777777,126,2010-01-08 14:10:00,2011-11-06 14:35:00
18171.0,9,991,2437.31,270.8122222222222,92,2010-01-05 10:46:00,2011-10-12 09:13:00
18172.0,52,7407,17467.24,335.90846153846155,475,2009-12-11 09:58:00,2011-11-25 11:12:00
18173.0,5,1730,2696.36,539.272,45,2010-04-06 10:43:00,2011-09-14 11:26:00
18174.0,2,80,162.5,81.25,2,2010-04-15 12:17:00,2011-12-02 16:56:00
18175.0,1,70,176.1,176.1,7,2010-02-02 10:25:00,2010-02-02 10:25:00
18176.0,1,283,476.35,476.35,30,2010-12-16 15:45:00,2010-12-16 15:45:00
18177.0,9,1238,2216.32,246.2577777777778,99,2009-12-15 18:57:00,2011-11-08 14:44:00
18178.0,11,3850,6103.740000000001,554.8854545454546,350,2010-02-18 14:25:00,2011-08-03 09:30:00
18179.0,8,1811,2547.55,318.44375,109,2010-02-14 15:51:00,2011-11-30 16:23:00
18180.0,6,1721,1843.75,307.2916666666667,119,2011-07-20 08:59:00,2011-12-05 08:39:00
18181.0,5,510,1188.3400000000001,237.66800000000003,176,2009-12-04 15:30:00,2011-11-15 15:08:00
18182.0,1,167,291.13,291.13,10,2010-09-02 14:25:00,2010-09-02 14:25:00
18183.0,2,371,632.07,316.035,37,2011-03-10 10:08:00,2011-04-26 15:26:00
18184.0,1,60,49.8,49.8,1,2011-11-24 15:28:00,2011-11-24 15:28:00
18185.0,1,183,304.25,304.25,17,2011-04-04 13:42:00,2011-04-04 13:42:00
18186.0,1,338,329.58,329.58,11,2009-12-17 10:22:00,2009-12-17 10:22:00
18187.0,1,310,724.89,724.89,48,2010-03-18 09:49:00,2010-03-18 09:49:00
18188.0,6,1888,3280.59,546.765,133,2010-03-26 11:37:00,2011-11-24 16:46:00
18189.0,3,836,1403.73,467.91,86,2010-03-24 09:57:00,2011-09-23 12:40:00
18190.0,5,490,745.62,149.124,42,2009-12-22 12:05:00,2011-05-31 14:48:00
18191.0,2,332,529.4,264.7,15,2010-08-19 17:42:00,2011-03-23 12:08:00
18192.0,1,339,957.97,957.97,45,2011-09-29 09:53:00,2011-09-29 09:53:00
18193.0,3,926,1207.35,402.45,70,2010-09-23 13:33:00,2011-06-27 13:58:00
18194.0,6,1774,4162.04,693.6733333333333,28,2010-01-28 15:30:00,2011-09-18 13:29:00
18195.0,1,60,101.16,101.16,5,2010-11-17 15:03:00,2010-11-17 15:03:00
18196.0,4,1038,1457.19,364.2975,270,2010-03-17 14:55:00,2011-09-05 16:22:00
18197.0,1,166,230.1,230.1,9,2010-05-13 10:46:00,2010-05-13 10:46:00
18198.0,17,4074,5425.56,319.15058823529415,158,2011-01-07 13:39:00,2011-12-05 14:49:00
18199.0,1,99,344.75,344.75,20,2010-01-25 11:32:00,2010-01-25 11:32:00
18200.0,1,104,150.35,150.35,29,2011-08-25 18:45:00,2011-08-25 18:45:00
18201.0,1,191,447.53000000000003,447.53000000000003,27,2009-12-17 08:55:00,2009-12-17 08:55:00
18202.0,3,581,1396.99,465.66333333333336,68,2011-02-01 13:36:00,2011-05-24 12:12:00
18203.0,4,111,492.52,123.13,59,2009-12-08 13:19:00,2011-07-05 13:07:00
18204.0,3,1190,1975.35,658.4499999999999,186,2011-05-31 15:26:00,2011-09-29 16:44:00
18205.0,2,192,517.36,258.68,32,2011-09-26 12:02:00,2011-11-03 13:22:00
18206.0,1,246,314.65999999999997,314.65999999999997,19,2010-06-04 13:47:00,2010-06-04 13:47:00
18207.0,1,325,544.47,544.47,31,2010-07-28 14:26:00,2010-07-28 14:26:00
18208.0,1,82,360.08,360.08,17,2010-05-23 11:54:00,2010-05-23 11:54:00
18209.0,1,58,139.10000000000002,139.10000000000002,8,2011-11-11 12:07:00,2011-11-11 12:07:00
18210.0,7,1499,2768.83,395.54714285714283,144,2010-11-22 09:39:00,2011-12-08 11:02:00
18211.0,5,359,600.07,120.01400000000001,42,2011-03-06 12:09:00,2011-11-14 08:10:00
18212.0,2,158,514.37,257.185,42,2010-01-31 14:42:00,2011-01-17 16:14:00
18213.0,1,232,232.48000000000002,232.48000000000002,15,2011-04-17 10:21:00,2011-04-17 10:21:00
18214.0,4,989,1780.34,445.085,54,2010-06-03 19:47:00,2010-06-27 11:21:00
18215.0,5,1131,2232.4900000000002,446.49800000000005,89,2010-03-26 13:03:00,2011-09-11 16:05:00
18216.0,1,200,481.75,481.75,26,2011-11-08 16:55:00,2011-11-08 16:55:00
18217.0,4,740,945.0400000000001,236.26000000000002,40,2010-07-01 15:39:00,2011-11-10 13:18:00
18218.0,4,1028,1121.84,280.46,38,2010-02-17 15:11:00,2011-05-12 12:53:00
18219.0,17,1586,3352.7,197.21764705882353,190,2009-12-07 13:17:00,2011-12-07 11:43:00
18220.0,6,1352,1921.76,320.29333333333335,25,2009-12-15 11:42:00,2011-04-27 09:03:00
18221.0,6,1000,1424.94,237.49,84,2010-11-14 15:46:00,2011-11-17 14:40:00
18222.0,1,335,443.0,443.0,19,2011-09-08 10:45:00,2011-09-08 10:45:00
18223.0,26,6644,14000.85,538.4942307692307,576,2009-12-04 12:20:00,2011-12-05 09:11:00
18224.0,1,69,158.95000000000002,158.95000000000002,10,2011-03-21 10:30:00,2011-03-21 10:30:00
18225.0,26,7282,13014.800000000001,500.5692307692308,564,2009-12-04 16:52:00,2011-12-06 13:27:00
18226.0,26,7883,11878.88,456.88,528,2010-03-05 10:05:00,2011-10-26 13:36:00
18227.0,2,22,388.75,194.375,6,2010-08-12 16:45:00,2011-05-06 12:23:00
18228.0,2,238,779.9,389.95,30,2011-09-21 10:48:00,2011-10-14 09:21:00
18229.0,28,3071,10150.51,362.5182142857143,201,2009-12-03 14:42:00,2011-11-28 09:48:00
18230.0,9,1996,4291.06,476.7844444444445,140,2010-07-02 10:01:00,2011-11-30 13:22:00
18231.0,28,2915,6854.17,244.7917857142857,374,2010-01-10 12:13:00,2011-05-31 14:18:00
18232.0,4,302,592.97,148.2425,37,2011-05-26 16:30:00,2011-09-19 11:49:00
18233.0,1,4,440.0,440.0,1,2011-01-18 08:44:00,2011-01-18 08:44:00
18234.0,1,80,179.6,179.6,30,2010-06-06 11:22:00,2010-06-06 11:22:00
18235.0,3,1578,1796.48,598.8266666666667,104,2011-05-06 13:35:00,2011-09-29 08:27:00
18236.0,12,696,1795.3500000000001,149.6125,98,2010-04-15 13:39:00,2011-11-10 08:06:00
18237.0,5,622,987.0999999999999,197.42,61,2011-07-28 13:05:00,2011-12-07 12:49:00
18238.0,1,114,270.92,270.92,14,2010-07-12 12:51:00,2010-07-12 12:51:00
18239.0,6,844,1712.26,285.37666666666667,96,2010-10-13 10:11:00,2011-05-05 12:38:00
18240.0,1,126,422.58,422.58,6,2011-10-24 13:06:00,2011-10-24 13:06:00
18241.0,21,1471,2986.9900000000002,142.23761904761906,159,2010-04-01 11:55:00,2011-11-30 12:10:00
18242.0,8,2021,3605.21,450.65125,140,2010-01-11 08:49:00,2011-09-28 13:43:00
18243.0,1,221,515.78,515.78,26,2010-10-21 14:29:00,2010-10-21 14:29:00
18244.0,2,856,568.64,284.32,19,2010-07-25 10:30:00,2010-10-05 11:15:00
18245.0,20,5098,6324.9800000000005,316.249,458,2010-03-08 15:26:00,2011-12-02 14:48:00
18246.0,3,214,758.8199999999999,252.93999999999997,5,2010-04-09 10:19:00,2011-11-16 11:49:00
18247.0,3,335,839.73,279.91,37,2010-03-18 15:52:00,2010-10-21 09:49:00
18248.0,2,511,804.02,402.01,47,2011-06-06 13:18:00,2011-08-09 10:19:00
18249.0,1,128,95.34,95.34,8,2011-11-22 15:07:00,2011-11-22 15:07:00
18250.0,1,199,349.27,349.27,21,2011-02-02 13:16:00,2011-02-02 13:16:00
18251.0,9,39639,26278.86,2919.8733333333334,108,2009-12-22 12:01:00,2011-09-13 15:03:00
18252.0,7,932,1533.69,219.09857142857143,130,2009-12-18 16:13:00,2011-10-20 12:43:00
18253.0,1,128,317.88,317.88,7,2010-03-07 12:38:00,2010-03-07 12:38:00
18254.0,1,188,267.9,267.9,16,2010-05-07 14:37:00,2010-05-07 14:37:00
18255.0,2,201,303.15,151.575,19,2010-09-09 16:31:00,2011-09-11 13:16:00
18256.0,1,180,110.7,110.7,10,2010-11-17 08:53:00,2010-11-17 08:53:00
18257.0,12,2369,4600.15,383.3458333333333,275,2010-02-18 16:20:00,2011-10-31 14:48:00
18258.0,6,1981,2059.67,343.27833333333336,50,2010-05-16 11:35:00,2010-09-01 14:20:00
18259.0,7,1274,3941.9000000000005,563.1285714285715,85,2009-12-08 08:38:00,2011-11-15 12:34:00
18260.0,23,5244,9947.26,432.4895652173913,410,2009-12-15 13:50:00,2011-06-20 12:37:00
18261.0,2,146,324.24,162.12,21,2011-09-05 09:34:00,2011-10-27 15:36:00
18262.0,3,552,577.54,192.51333333333332,42,2010-04-16 09:05:00,2011-07-22 16:04:00
18263.0,3,1468,1213.1599999999999,404.3866666666666,61,2011-04-01 11:48:00,2011-11-14 09:00:00
18264.0,1,241,603.25,603.25,36,2010-07-29 10:02:00,2010-07-29 10:02:00
18265.0,2,311,801.51,400.755,46,2011-07-04 15:26:00,2011-09-28 14:10:00
18266.0,1,138,251.1,251.1,14,2010-10-01 15:33:00,2010-10-01 15:33:00
18267.0,1,135,269.37,269.37,17,2010-02-05 08:43:00,2010-02-05 08:43:00
18268.0,6,711,1490.23,248.37166666666667,67,2009-12-11 10:27:00,2011-07-28 19:13:00
18269.0,1,76,168.6,168.6,7,2010-12-08 13:53:00,2010-12-08 13:53:00
18270.0,3,209,444.55,148.18333333333334,17,2010-10-03 10:49:00,2011-11-01 13:57:00
18271.0,2,319,680.85,340.425,21,2009-12-08 11:27:00,2010-04-09 09:26:00
18272.0,9,2880,4385.98,487.33111111111106,226,2010-03-04 12:53:00,2011-12-07 12:43:00
18273.0,4,140,357.0,89.25,4,2010-04-28 12:24:00,2011-12-07 13:16:00
18274.0,1,88,175.92,175.92,11,2011-11-09 17:03:00,2011-11-09 17:03:00
18275.0,2,417,741.85,370.925,19,2009-12-08 16:23:00,2010-05-10 15:46:00
18276.0,6,1246,1656.52,276.08666666666664,94,2009-12-10 17:14:00,2011-10-27 10:54:00
18277.0,5,449,1180.05,236.01,64,2010-08-02 10:26:00,2011-10-12 15:22:00
18278.0,2,140,414.20000000000005,207.10000000000002,24,2010-10-31 12:13:00,2011-09-27 11:58:00
18279.0,1,630,231.33999999999997,231.33999999999997,13,2010-07-08 14:48:00,2010-07-08 14:48:00
18280.0,2,194,488.15000000000003,244.07500000000002,30,2010-11-10 15:51:00,2011-03-07 09:52:00
18281.0,2,146,201.14,100.57,17,2010-05-11 10:49:00,2011-06-12 10:53:00
18282.0,2,103,178.05,89.025,12,2011-08-05 13:35:00,2011-12-02 11:43:00
18283.0,22,1679,2664.9,121.13181818181819,905,2010-02-19 17:16:00,2011-12-06 12:02:00
18284.0,1,494,461.68,461.68,28,2010-10-04 11:33:00,2010-10-04 11:33:00
18285.0,1,145,427.0,427.0,12,2010-02-17 10:24:00,2010-02-17 10:24:00
18286.0,2,608,1296.43,648.215,67,2009-12-16 10:45:00,2010-08-20 11:57:00
18287.0,7,3013,4182.99,597.5699999999999,153,2010-05-17 11:55:00,2011-10-28 09:29:00
