Customer ID,LastPurchase,Recency,Frequency,Monetary,R_Score,F_Score,M_Score,RFM_Score,RFM_Segment,AtRisk60,RiskLevel,HighValue,Priority
12346,2011-01-18 10:01:00,325.1173611111111,12,77556.46,2,5,5,12,Loyal Customers,True,At Risk,True,High Priority
12347,2011-12-07 15:52:00,1.8736111111111111,8,4921.53,5,4,5,14,Champions,False,Active,True,Standard
12348,2011-09-25 13:13:00,74.98402777777778,5,2019.4,3,4,4,11,Loyal Customers,True,At Risk,False,Retention Opportunity
12349,2011-11-21 09:51:00,18.124305555555555,4,4428.6900000000005,5,3,5,13,Champions,False,Active,True,Standard
12350,2011-02-02 16:01:00,309.8673611111111,1,334.40000000000003,2,1,2,5,At Risk,True,At Risk,False,Retention Opportunity
12351,2010-11-29 15:23:00,374.89375,1,300.93,2,1,2,5,At Risk,True,At Risk,False,Retention Opportunity
12352,2011-11-03 14:37:00,35.925694444444446,10,2849.84,4,5,4,13,Champions,False,Active,True,Standard
12353,2011-05-19 17:47:00,203.79375,2,406.76,2,2,2,6,At Risk,True,At Risk,False,Retention Opportunity
12354,2011-04-21 13:11:00,231.98541666666668,1,1079.4,2,1,3,6,At Risk,True,At Risk,False,Retention Opportunity
12355,2011-05-09 13:49:00,213.95902777777775,2,947.61,2,2,3,7,Potential Loyalists,True,At Risk,False,Retention Opportunity
12356,2011-11-17 08:40:00,22.17361111111111,6,6371.7300000000005,4,4,5,13,Champions,False,Active,True,Standard
12357,2011-11-06 16:07:00,32.863194444444446,3,18287.66,4,3,5,12,Loyal Customers,False,Active,True,Standard
12358,2011-12-08 10:26:00,1.1,5,3887.07,5,4,5,14,Champions,False,Active,True,Standard
12359,2011-10-13 12:47:00,57.00208333333333,10,8873.39,4,5,5,14,Champions,False,Active,True,Standard
12360,2011-10-18 15:22:00,51.894444444444446,8,4252.89,4,4,5,13,Champions,False,Active,True,Standard
12361,2011-02-25 13:51:00,286.9576388888889,4,511.25,2,3,2,7,Potential Loyalists,True,At Risk,False,Retention Opportunity
12362,2011-12-06 15:40:00,2.8819444444444446,11,5356.2300000000005,5,5,5,15,Champions,False,Active,True,Standard
12363,2011-08-22 10:18:00,109.10555555555555,2,552.0,3,2,2,7,Potential Loyalists,True,At Risk,False,Retention Opportunity
12364,2011-12-02 10:22:00,7.102777777777778,4,1313.1,5,3,4,12,Loyal Customers,False,Active,False,Standard
12365,2011-02-21 14:04:00,290.9486111111111,2,641.38,2,2,3,7,Potential Loyalists,True,At Risk,False,Retention Opportunity
12366,2010-03-16 10:28:00,633.0986111111112,1,500.24,1,1,2,4,Lost / Low Value,True,At Risk,False,Retention Opportunity
12367,2011-12-05 16:48:00,3.834722222222222,1,168.9,5,1,1,7,Potential Loyalists,False,Active,False,Standard
12368,2010-03-21 15:56:00,627.8708333333333,1,917.7,1,1,3,5,At Risk,True,At Risk,False,Retention Opportunity
12369,2010-10-22 13:13:00,412.9840277777778,3,1791.15,1,3,4,8,Potential Loyalists,True,At Risk,False,Retention Opportunity
12370,2011-10-19 14:51:00,50.91597222222222,7,4316.56,4,4,5,13,Champions,False,Active,True,Standard
12371,2011-10-26 10:16:00,44.10694444444445,5,4067.38,4,4,5,13,Champions,False,Active,True,Standard
12372,2011-09-29 12:12:00,71.02638888888889,3,1298.04,3,3,4,10,Loyal Customers,True,At Risk,False,Retention Opportunity
12373,2011-02-01 13:10:00,310.9861111111111,3,1127.65,2,3,3,8,Potential Loyalists,True,At Risk,False,Retention Opportunity
12374,2011-11-14 15:37:00,24.884027777777774,4,2989.2200000000003,4,3,5,12,Loyal Customers,False,Active,True,Standard
12375,2011-11-29 10:36:00,10.093055555555557,2,457.5,5,2,2,9,Potential Loyalists,False,Active,False,Standard
12376,2010-11-15 12:15:00,389.02430555555554,2,503.15,2,2,2,6,At Risk,True,At Risk,False,Retention Opportunity
12377,2011-01-28 15:45:00,314.87847222222223,4,3426.32,2,3,5,10,Loyal Customers,True,At Risk,True,High Priority
12378,2011-08-02 10:34:00,129.09444444444443,2,5416.32,3,2,5,10,Loyal Customers,True,At Risk,True,High Priority
12379,2011-09-19 10:09:00,81.11180555555555,4,1620.22,3,3,4,10,Loyal Customers,True,At Risk,False,Retention Opportunity
12380,2011-11-18 11:27:00,21.05763888888889,11,9676.3,4,5,5,14,Champions,False,Active,True,Standard
12381,2011-12-05 12:44:00,4.004166666666666,5,1845.31,5,4,4,13,Champions,False,Active,False,Standard
12383,2011-06-08 08:02:00,184.2,5,1850.56,3,4,4,11,Loyal Customers,True,At Risk,False,Retention Opportunity
12384,2011-11-11 08:39:00,28.17430555555556,2,585.27,4,2,2,8,Potential Loyalists,False,Active,False,Standard
12385,2010-11-25 15:14:00,378.9,1,1938.4,2,1,4,7,Potential Loyalists,True,At Risk,False,Retention Opportunity
12386,2011-01-06 12:37:00,337.00902777777776,2,401.9,2,2,2,6,At Risk,True,At Risk,False,Retention Opportunity
12387,2010-10-20 16:27:00,414.84930555555553,1,143.94,1,1,1,3,Lost / Low Value,True,At Risk,False,Retention Opportunity
12388,2011-11-24 12:30:00,15.01388888888889,8,3901.11,5,4,5,14,Champions,False,Active,True,Standard
12389,2010-11-02 11:52:00,402.04027777777776,3,1433.33,2,3,4,9,Potential Loyalists,True,At Risk,False,Retention Opportunity
12390,2011-09-21 09:33:00,79.13680555555555,1,549.84,3,1,2,6,At Risk,True,At Risk,False,Retention Opportunity
12391,2011-11-18 12:07:00,21.02986111111111,6,2724.84,4,4,4,12,Loyal Customers,False,Active,True,Standard
12392,2010-04-27 14:04:00,590.9486111111111,1,234.75000000000003,1,1,1,3,Lost / Low Value,True,At Risk,False,Retention Opportunity
12393,2011-09-28 15:41:00,71.88125,6,2399.45,3,4,4,11,Loyal Customers,True,At Risk,True,High Priority
12394,2011-10-07 08:08:00,63.19583333333333,2,1272.48,3,2,4,9,Potential Loyalists,True,At Risk,False,Retention Opportunity
12395,2011-11-20 15:21:00,18.895138888888887,15,4721.17,5,5,5,15,Champions,False,Active,True,Standard
12396,2010-02-03 13:22:00,673.9777777777778,1,931.43,1,1,3,5,At Risk,True,At Risk,False,Retention Opportunity
12397,2011-11-04 09:52:00,35.12361111111111,2,2409.9,4,2,4,10,Loyal Customers,False,Active,True,Standard
12398,2011-10-25 10:27:00,45.09930555555555,1,1635.66,4,1,4,9,Potential Loyalists,False,Active,False,Standard
12399,2011-08-12 13:15:00,118.98263888888889,7,1962.3,3,4,4,11,Loyal Customers,True,At Risk,False,Retention Opportunity
12400,2010-10-21 13:45:00,413.96180555555554,1,205.25,1,1,1,3,Lost / Low Value,True,At Risk,False,Retention Opportunity
12401,2011-02-09 13:50:00,302.9583333333333,1,84.3,2,1,1,4,Lost / Low Value,True,At Risk,False,Retention Opportunity
12402,2011-01-20 13:49:00,322.9590277777778,6,1256.9,2,4,4,10,Loyal Customers,True,At Risk,False,Retention Opportunity
12403,2011-10-21 10:51:00,49.08263888888889,2,1019.36,4,2,3,9,Potential Loyalists,False,Active,False,Standard
12404,2010-01-26 16:25:00,681.8506944444445,1,63.24,1,1,1,3,Lost / Low Value,True,At Risk,False,Retention Opportunity
12405,2011-07-14 08:52:00,148.1652777777778,1,1710.39,3,1,4,8,Potential Loyalists,True,At Risk,False,Retention Opportunity
12406,2011-11-17 19:22:00,21.727777777777774,5,6390.36,4,4,5,13,Champions,False,Active,True,Standard
12407,2011-10-21 10:11:00,49.110416666666666,5,1708.12,4,4,4,12,Loyal Customers,False,Active,False,Standard
12408,2011-11-07 12:27:00,32.015972222222224,8,4340.77,4,4,5,13,Champions,False,Active,True,Standard
12409,2011-09-22 10:38:00,78.09166666666667,7,23419.29,3,4,5,12,Loyal Customers,True,At Risk,True,High Priority
12410,2011-02-04 10:39:00,308.0909722222222,3,1013.71,2,3,3,8,Potential Loyalists,True,At Risk,False,Retention Opportunity
12411,2010-10-26 09:25:00,409.1423611111111,1,346.9,2,1,2,5,At Risk,True,At Risk,False,Retention Opportunity
12412,2011-09-26 10:16:00,74.10694444444445,6,2596.93,3,4,4,11,Loyal Customers,True,At Risk,True,High Priority
12413,2011-10-04 09:00:00,66.15972222222223,4,999.45,3,3,3,9,Potential Loyalists,True,At Risk,False,Retention Opportunity
12414,2011-05-06 14:51:00,216.91597222222225,6,952.41,2,4,3,9,Potential Loyalists,True,At Risk,False,Retention Opportunity
12415,2011-11-15 14:22:00,23.93611111111111,28,144458.37,4,5,5,14,Champions,False,Active,True,Standard
12416,2010-02-21 10:19:00,656.1048611111111,1,202.56,1,1,1,3,Lost / Low Value,True,At Risk,False,Retention Opportunity
12417,2011-12-06 14:52:00,2.915277777777778,20,6797.41,5,5,5,15,Champions,False,Active,True,Standard
12418,2011-08-19 11:08:00,112.07083333333334,4,2021.2,3,3,4,10,Loyal Customers,True,At Risk,False,Retention Opportunity
12419,2010-11-19 10:04:00,385.1152777777778,2,503.01,2,2,2,6,At Risk,True,At Risk,False,Retention Opportunity
12420,2011-10-07 08:55:00,63.16319444444444,1,600.39,3,1,2,6,At Risk,True,At Risk,False,Retention Opportunity
12421,2011-11-24 09:07:00,15.154861111111112,6,1098.6,5,4,3,12,Loyal Customers,False,Active,False,Standard
12422,2011-09-05 09:48:00,95.12638888888888,17,5231.8,3,5,5,13,Champions,True,At Risk,True,High Priority
12423,2011-12-09 10:10:00,0.1111111111111111,10,2622.39,5,5,4,14,Champions,False,Active,True,Standard
12424,2011-06-30 12:06:00,162.03055555555557,4,3340.03,3,3,5,11,Loyal Customers,True,At Risk,True,High Priority
12425,2011-09-22 17:31:00,77.80486111111111,2,1741.41,3,2,4,9,Potential Loyalists,True,At Risk,False,Retention Opportunity
12426,2011-05-29 12:26:00,194.01666666666668,2,1345.21,2,2,4,8,Potential Loyalists,True,At Risk,False,Retention Opportunity
12427,2011-11-18 08:56:00,21.1625,3,825.8000000000001,4,3,3,10,Loyal Customers,False,Active,False,Standard
12428,2011-11-14 08:22:00,25.18611111111111,9,7956.46,4,5,5,14,Champions,False,Active,True,Standard
12429,2011-11-30 17:22:00,8.811111111111112,8,6204.41,5,4,5,14,Champions,False,Active,True,Standard
12430,2011-10-27 15:09:00,42.90347222222222,1,256.4,4,1,1,6,At Risk,False,Active,False,Standard
12431,2011-11-04 11:55:00,35.03819444444444,27,10432.22,4,5,5,14,Champions,False,Active,True,Standard
12432,2011-10-28 11:43:00,42.046527777777776,5,5059.32,4,4,5,13,Champions,False,Active,True,Standard
12433,2011-12-09 10:02:00,0.1166666666666666,10,16794.14,5,5,5,15,Champions,False,Active,True,Standard
12434,2011-09-16 12:38:00,84.00833333333334,3,1103.43,3,3,3,9,Potential Loyalists,True,At Risk,False,Retention Opportunity
12435,2011-09-21 09:06:00,79.15555555555555,6,13925.93,3,4,5,12,Loyal Customers,True,At Risk,True,High Priority
12436,2011-09-01 12:09:00,99.02847222222222,1,509.01,3,1,2,6,At Risk,True,At Risk,False,Retention Opportunity
12437,2011-12-08 11:35:00,1.0520833333333333,39,12683.4,5,5,5,15,Champions,False,Active,True,Standard
12438,2011-11-25 13:28:00,13.973611111111111,2,2906.85,5,2,4,11,Loyal Customers,False,Active,True,Standard
12439,2010-01-26 12:11:00,682.0270833333333,2,1142.88,1,2,3,6,At Risk,True,At Risk,False,Retention Opportunity
12440,2010-09-03 13:11:00,461.98541666666665,2,859.2,1,2,3,6,At Risk,True,At Risk,False,Retention Opportunity
12441,2010-12-08 10:45:00,366.08680555555554,1,173.55,2,1,1,4,Lost / Low Value,True,At Risk,False,Retention Opportunity
12442,2011-12-06 14:22:00,2.936111111111111,1,172.06,5,1,1,7,Potential Loyalists,False,Active,False,Standard
12443,2009-12-07 15:42:00,731.8805555555556,1,485.31,1,1,2,4,Lost / Low Value,True,At Risk,False,Retention Opportunity
12444,2011-11-18 13:23:00,20.977083333333333,5,5005.46,4,4,5,13,Champions,False,Active,True,Standard
12445,2011-11-17 18:43:00,21.75486111111111,2,434.98,4,2,2,8,Potential Loyalists,False,Active,False,Standard
12446,2011-10-13 12:50:00,57.0,1,1002.31,4,1,3,8,Potential Loyalists,False,Active,False,Standard
12447,2011-04-10 13:25:00,242.97569444444449,1,476.49,2,1,2,5,At Risk,True,At Risk,False,Retention Opportunity
12448,2011-10-26 13:46:00,43.96111111111111,1,449.45,4,1,2,7,Potential Loyalists,False,Active,False,Standard
12449,2011-11-17 13:46:00,21.961111111111112,6,4835.89,4,4,5,13,Champions,False,Active,True,Standard
12450,2011-07-06 14:41:00,155.92291666666668,5,688.2,3,4,3,10,Loyal Customers,True,At Risk,False,Retention Opportunity
12451,2011-11-29 08:40:00,10.17361111111111,8,12669.88,5,4,5,14,Champions,False,Active,True,Standard
12452,2011-11-23 10:28:00,16.09861111111111,2,430.5700000000001,5,2,2,9,Potential Loyalists,False,Active,False,Standard
12453,2011-07-28 14:08:00,133.94583333333333,1,707.09,3,1,3,7,Potential Loyalists,True,At Risk,False,Retention Opportunity
12454,2011-10-14 17:13:00,55.81736111111111,5,16679.78,4,4,5,13,Champions,False,Active,True,Standard
12455,2011-09-27 15:31:00,72.88819444444445,10,5879.95,3,5,5,13,Champions,True,At Risk,True,High Priority
12456,2011-10-26 14:41:00,43.922916666666666,3,3181.04,4,3,5,12,Loyal Customers,False,Active,True,Standard
12457,2011-10-04 13:13:00,65.98402777777778,8,2995.91,3,4,5,12,Loyal Customers,True,At Risk,True,High Priority
12458,2011-09-29 15:25:00,70.89236111111111,4,1777.49,3,3,4,10,Loyal Customers,True,At Risk,False,Retention Opportunity
12459,2010-04-13 14:53:00,604.9145833333333,1,454.36,1,1,2,4,Lost / Low Value,True,At Risk,False,Retention Opportunity
12460,2010-09-09 13:51:00,455.9576388888889,1,326.65,1,1,2,4,Lost / Low Value,True,At Risk,False,Retention Opportunity
12461,2011-09-06 16:57:00,93.82847222222222,2,826.88,3,2,3,8,Potential Loyalists,True,At Risk,False,Retention Opportunity
12462,2011-11-21 09:11:00,18.152083333333334,2,1189.59,5,2,3,10,Loyal Customers,False,Active,False,Standard
12463,2011-10-17 13:44:00,52.9625,4,1344.78,4,3,4,11,Loyal Customers,False,Active,False,Standard
12464,2011-11-29 13:33:00,9.970138888888888,8,1212.05,5,4,3,12,Loyal Customers,False,Active,False,Standard
12465,2011-11-22 16:34:00,16.844444444444445,2,742.19,5,2,3,10,Loyal Customers,False,Active,False,Standard
12466,2010-01-26 16:26:00,681.85,1,56.73,1,1,1,3,Lost / Low Value,True,At Risk,False,Retention Opportunity
12467,2010-10-12 15:41:00,422.88125,1,132.8,1,1,1,3,Lost / Low Value,True,At Risk,False,Retention Opportunity
12468,2011-06-05 11:36:00,187.05138888888888,5,3670.74,3,4,5,12,Loyal Customers,True,At Risk,True,High Priority
12469,2010-07-05 12:40:00,522.0069444444445,2,3070.54,1,2,5,8,Potential Loyalists,True,At Risk,True,High Priority
12470,2010-01-19 11:01:00,689.0756944444445,1,211.95,1,1,1,3,Lost / Low Value,True,At Risk,False,Retention Opportunity
12471,2011-12-07 15:43:00,1.8798611111111112,79,39918.19,5,5,5,15,Champions,False,Active,True,Standard
12472,2011-11-07 14:01:00,31.950694444444444,19,16249.29,4,5,5,14,Champions,False,Active,True,Standard
12473,2011-11-10 13:46:00,28.961111111111112,5,3928.05,4,4,5,13,Champions,False,Active,True,Standard
12474,2011-11-22 14:39:00,16.924305555555556,31,12372.75,5,5,5,15,Champions,False,Active,True,Standard
12475,2011-10-17 10:10:00,53.11111111111112,2,1149.64,4,2,3,9,Potential Loyalists,False,Active,False,Standard
12476,2011-11-24 12:40:00,15.006944444444445,23,14083.91,5,5,5,15,Champions,False,Active,True,Standard
12477,2011-11-17 09:51:00,22.124305555555555,9,20276.37,4,5,5,14,Champions,False,Active,True,Standard
12478,2011-12-06 09:56:00,3.120833333333333,1,680.99,5,1,3,9,Potential Loyalists,False,Active,False,Standard
12479,2011-11-28 13:26:00,10.975,1,527.2,5,1,2,8,Potential Loyalists,False,Active,False,Standard
12480,2011-11-11 14:52:00,27.915277777777774,7,5464.85,4,4,5,13,Champions,False,Active,True,Standard
12481,2011-11-17 08:29:00,22.18125,15,12185.51,4,5,5,14,Champions,False,Active,True,Standard
12482,2010-05-12 16:51:00,575.8326388888889,29,23691.4,1,5,5,11,Loyal Customers,True,At Risk,True,High Priority
12483,2011-11-22 17:02:00,16.825,19,5097.18,5,5,5,15,Champions,False,Active,True,Standard
12484,2011-11-07 11:37:00,32.050694444444446,12,6354.1,4,5,5,14,Champions,False,Active,True,Standard
12485,2010-06-28 15:22:00,528.8944444444444,1,708.1,1,1,3,5,At Risk,True,At Risk,False,Retention Opportunity
12486,2010-10-04 12:14:00,431.025,1,1037.28,1,1,3,5,At Risk,True,At Risk,False,Retention Opportunity
12487,2009-12-09 11:36:00,730.0513888888889,1,285.3,1,1,1,3,Lost / Low Value,True,At Risk,False,Retention Opportunity
12488,2011-11-30 08:50:00,9.166666666666666,3,1298.66,5,3,4,12,Loyal Customers,False,Active,False,Standard
12489,2011-01-07 13:13:00,335.9840277777778,1,334.93,2,1,2,5,At Risk,True,At Risk,False,Retention Opportunity
12490,2011-12-04 16:07:00,4.863194444444445,21,9823.64,5,5,5,15,Champions,False,Active,True,Standard
12491,2011-11-01 12:18:00,38.02222222222223,1,460.4,4,1,2,7,Potential Loyalists,False,Active,False,Standard
12492,2011-10-07 15:15:00,62.89930555555556,3,715.21,3,3,3,9,Potential Loyalists,True,At Risk,False,Retention Opportunity
12493,2011-06-27 10:17:00,165.10625,2,433.74,3,2,2,7,Potential Loyalists,True,At Risk,False,Retention Opportunity
12494,2011-11-24 09:34:00,15.136111111111113,9,1815.27,5,5,4,14,Champions,False,Active,False,Standard
12495,2010-03-09 10:53:00,640.08125,1,357.4,1,1,2,4,Lost / Low Value,True,At Risk,False,Retention Opportunity
12496,2010-03-29 14:06:00,619.9472222222222,2,45.34,1,2,1,4,Lost / Low Value,True,At Risk,False,Retention Opportunity
12497,2011-09-19 12:29:00,81.01458333333333,3,6248.5,3,3,5,11,Loyal Customers,True,At Risk,True,High Priority
12498,2011-11-18 12:53:00,20.997916666666665,3,403.7000000000001,4,3,2,9,Potential Loyalists,False,Active,False,Standard
12499,2010-05-28 15:12:00,559.9013888888888,1,393.72,1,1,2,4,Lost / Low Value,True,At Risk,False,Retention Opportunity
12500,2011-11-16 16:20:00,22.854166666666668,19,5955.21,4,5,5,14,Champions,False,Active,True,Standard
12501,2011-01-07 12:28:00,336.0152777777778,1,2169.39,2,1,4,7,Potential Loyalists,True,At Risk,False,Retention Opportunity
12502,2011-09-05 11:52:00,95.04027777777776,5,3723.87,3,4,5,12,Loyal Customers,True,At Risk,True,High Priority
12503,2010-05-04 13:59:00,583.9520833333333,1,1126.0,1,1,3,5,At Risk,True,At Risk,False,Retention Opportunity
12504,2011-11-21 16:02:00,17.866666666666667,4,779.05,5,3,3,11,Loyal Customers,False,Active,False,Standard
12505,2010-10-27 09:18:00,408.14722222222224,1,955.2,2,1,3,6,At Risk,True,At Risk,False,Retention Opportunity
12506,2011-04-21 08:54:00,232.1638888888889,1,73.5,2,1,1,4,Lost / Low Value,True,At Risk,False,Retention Opportunity
12507,2011-07-28 17:09:00,133.8201388888889,4,1844.06,3,3,4,10,Loyal Customers,True,At Risk,False,Retention Opportunity
12508,2011-11-13 15:37:00,25.884027777777774,2,397.88,4,2,2,8,Potential Loyalists,False,Active,False,Standard
12509,2011-02-28 14:45:00,283.9201388888889,1,176.5,2,1,1,4,Lost / Low Value,True,At Risk,False,Retention Opportunity
12510,2011-07-20 10:15:00,142.10763888888889,9,5178.02,3,5,5,13,Champions,True,At Risk,True,High Priority
12511,2010-10-07 10:39:00,428.0909722222222,1,3084.02,1,1,5,7,Potential Loyalists,True,At Risk,True,High Priority
12512,2011-10-04 14:55:00,65.91319444444444,2,132.18,3,2,1,6,At Risk,True,At Risk,False,Retention Opportunity
12513,2011-08-19 10:51:00,112.0826388888889,1,612.29,3,1,3,7,Potential Loyalists,True,At Risk,False,Retention Opportunity
12514,2011-03-17 16:38:00,266.84166666666664,2,1597.76,2,2,4,8,Potential Loyalists,True,At Risk,False,Retention Opportunity
12515,2010-12-21 15:43:00,352.8798611111111,1,383.7,2,1,2,5,At Risk,True,At Risk,False,Retention Opportunity
12516,2011-09-23 09:13:00,77.15069444444444,4,2648.62,3,3,4,10,Loyal Customers,True,At Risk,True,High Priority
12517,2011-11-11 14:04:00,27.948611111111116,5,2481.6,4,4,4,12,Loyal Customers,False,Active,True,Standard
12518,2011-12-09 10:13:00,0.1090277777777777,5,2056.89,5,4,4,13,Champions,False,Active,False,Standard
12519,2011-10-07 09:26:00,63.141666666666666,2,716.54,3,2,3,8,Potential Loyalists,True,At Risk,False,Retention Opportunity
12520,2011-09-21 15:23:00,78.89375,5,2634.26,3,4,4,11,Loyal Customers,True,At Risk,True,High Priority
12521,2011-07-20 10:51:00,142.08263888888888,1,599.68,3,1,2,6,At Risk,True,At Risk,False,Retention Opportunity
12522,2011-10-31 15:30:00,38.888888888888886,2,192.72,4,2,1,7,Potential Loyalists,False,Active,False,Standard
12523,2011-11-20 12:55:00,18.99652777777778,23,4352.35,4,5,5,14,Champions,False,Active,True,Standard
12524,2011-11-30 15:31:00,8.888194444444444,17,11126.11,5,5,5,15,Champions,False,Active,True,Standard
12525,2010-07-29 16:08:00,497.8625,3,973.73,1,3,3,7,Potential Loyalists,True,At Risk,False,Retention Opportunity
12526,2011-12-09 12:09:00,0.0284722222222222,3,1316.66,5,3,4,12,Loyal Customers,False,Active,False,Standard
12527,2011-09-19 11:55:00,81.03819444444444,5,735.51,3,4,3,10,Loyal Customers,True,At Risk,False,Retention Opportunity
12528,2011-11-30 14:40:00,8.92361111111111,6,1933.48,5,4,4,13,Champions,False,Active,False,Standard
12529,2010-06-29 13:10:00,527.9861111111111,1,316.48,1,1,2,4,Lost / Low Value,True,At Risk,False,Retention Opportunity
12530,2011-10-11 12:34:00,59.01111111111111,9,3759.26,3,5,5,13,Champions,False,Active,True,Standard
12531,2011-11-25 11:12:00,14.068055555555556,2,1933.2,5,2,4,11,Loyal Customers,False,Active,False,Standard
12532,2011-11-09 13:47:00,29.960416666666667,1,349.83000000000004,4,1,2,7,Potential Loyalists,False,Active,False,Standard
12533,2010-03-22 10:56:00,627.0791666666667,2,1367.89,1,2,4,7,Potential Loyalists,True,At Risk,False,Retention Opportunity
12534,2011-08-01 10:26:00,130.1,1,1089.18,3,1,3,7,Potential Loyalists,True,At Risk,False,Retention Opportunity
12535,2011-09-09 08:48:00,91.16805555555555,2,716.35,3,2,3,8,Potential Loyalists,True,At Risk,False,Retention Opportunity
12536,2011-10-27 14:20:00,42.9375,3,12601.830000000002,4,3,5,12,Loyal Customers,False,Active,True,Standard
12537,2010-10-27 08:36:00,408.1763888888889,1,732.94,2,1,3,6,At Risk,True,At Risk,False,Retention Opportunity
12538,2011-11-10 17:16:00,28.815277777777776,2,640.45,4,2,3,9,Potential Loyalists,False,Active,False,Standard
12539,2011-11-17 13:30:00,21.97222222222222,7,11214.75,4,4,5,13,Champions,False,Active,True,Standard
12540,2011-11-20 11:31:00,19.054861111111112,33,22254.49,4,5,5,14,Champions,False,Active,True,Standard
12541,2011-11-10 10:40:00,29.09027777777778,3,981.18,4,3,3,10,Loyal Customers,False,Active,False,Standard
12542,2010-08-12 19:12:00,483.7347222222222,2,481.88,1,2,2,5,At Risk,True,At Risk,False,Retention Opportunity
12543,2010-09-17 15:51:00,447.8743055555556,1,980.25,1,1,3,5,At Risk,True,At Risk,False,Retention Opportunity
12544,2011-11-03 16:15:00,35.857638888888886,1,372.7,4,1,2,7,Potential Loyalists,False,Active,False,Standard
12545,2011-09-25 13:39:00,74.96597222222222,2,1000.39,3,2,3,8,Potential Loyalists,True,At Risk,False,Retention Opportunity
12546,2011-10-24 12:09:00,46.02847222222222,2,1161.5,4,2,3,9,Potential Loyalists,False,Active,False,Standard
12547,2011-05-26 12:38:00,197.00833333333333,3,383.58,2,3,2,7,Potential Loyalists,True,At Risk,False,Retention Opportunity
12548,2011-06-26 15:35:00,165.88541666666666,1,95.2,3,1,1,5,At Risk,True,At Risk,False,Retention Opportunity
12549,2010-05-13 12:05:00,575.03125,6,1575.68,1,4,4,9,Potential Loyalists,True,At Risk,False,Retention Opportunity
12550,2011-09-21 14:35:00,78.92708333333333,1,964.83,3,1,3,7,Potential Loyalists,True,At Risk,False,Retention Opportunity
12551,2010-12-17 11:23:00,357.06041666666664,1,168.0,2,1,1,4,Lost / Low Value,True,At Risk,False,Retention Opportunity
12552,2011-11-01 10:02:00,38.11666666666667,2,437.82,4,2,2,8,Potential Loyalists,False,Active,False,Standard
12553,2011-12-01 16:38:00,7.841666666666667,12,4608.75,5,5,5,15,Champions,False,Active,True,Standard
12554,2010-09-17 12:29:00,448.01458333333335,1,468.5,1,1,2,4,Lost / Low Value,True,At Risk,False,Retention Opportunity
12555,2010-01-26 16:26:00,681.85,1,129.23,1,1,1,3,Lost / Low Value,True,At Risk,False,Retention Opportunity
12556,2011-10-20 13:06:00,49.98888888888889,2,599.56,4,2,2,8,Potential Loyalists,False,Active,False,Standard
12557,2011-11-23 16:59:00,15.827083333333333,8,18096.14,5,4,5,14,Champions,False,Active,True,Standard
12558,2011-12-02 10:41:00,7.089583333333334,1,269.96,5,1,1,7,Potential Loyalists,False,Active,False,Standard
12559,2011-02-02 09:49:00,310.12569444444443,2,561.71,2,2,2,6,At Risk,True,At Risk,False,Retention Opportunity
12560,2011-12-04 13:54:00,4.955555555555556,3,2134.01,5,3,4,12,Loyal Customers,False,Active,False,Standard
12561,2011-02-10 11:39:00,302.0493055555556,1,238.85,2,1,1,4,Lost / Low Value,True,At Risk,False,Retention Opportunity
12562,2011-12-01 17:20:00,7.8125,9,4966.92,5,5,5,15,Champions,False,Active,True,Standard
12563,2010-10-27 09:52:00,408.12361111111113,1,249.24,2,1,1,4,Lost / Low Value,True,At Risk,False,Retention Opportunity
12564,2011-03-23 14:55:00,260.91319444444446,1,456.9,2,1,2,5,At Risk,True,At Risk,False,Retention Opportunity
12565,2011-02-24 10:34:00,288.09444444444443,1,145.92000000000002,2,1,1,4,Lost / Low Value,True,At Risk,False,Retention Opportunity
12566,2011-09-14 14:30:00,85.93055555555556,1,351.65,3,1,2,6,At Risk,True,At Risk,False,Retention Opportunity
12567,2011-11-17 11:02:00,22.075,15,11767.48,4,5,5,14,Champions,False,Active,True,Standard
12568,2010-03-05 09:15:00,644.1493055555555,1,70.0,1,1,1,3,Lost / Low Value,True,At Risk,False,Retention Opportunity
12569,2011-12-07 16:24:00,1.851388888888889,32,4124.6900000000005,5,5,5,15,Champions,False,Active,True,Standard
12570,2010-01-26 17:28:00,681.8069444444444,1,77.52,1,1,1,3,Lost / Low Value,True,At Risk,False,Retention Opportunity
12571,2011-10-31 10:19:00,39.10486111111111,2,519.61,4,2,2,8,Potential Loyalists,False,Active,False,Standard
12572,2011-12-01 09:20:00,8.145833333333334,2,1020.42,5,2,3,10,Loyal Customers,False,Active,False,Standard
12573,2011-04-26 15:52:00,226.8736111111111,5,717.41,2,4,3,9,Potential Loyalists,True,At Risk,False,Retention Opportunity
12574,2011-01-28 09:20:00,315.1458333333333,1,218.45,2,1,1,4,Lost / Low Value,True,At Risk,False,Retention Opportunity
12575,2010-09-08 13:09:00,456.9868055555556,2,622.82,1,2,3,6,At Risk,True,At Risk,False,Retention Opportunity
12576,2011-11-04 10:11:00,35.110416666666666,8,2142.7200000000003,4,4,4,12,Loyal Customers,False,Active,False,Standard
12577,2011-11-04 13:24:00,34.97638888888889,8,1617.1,4,4,4,12,Loyal Customers,False,Active,False,Standard
12578,2011-11-18 13:30:00,20.97222222222222,4,4642.45,4,3,5,12,Loyal Customers,False,Active,True,Standard
12579,2011-09-22 17:15:00,77.81597222222223,1,440.42,3,1,2,6,At Risk,True,At Risk,False,Retention Opportunity
12580,2011-04-07 10:24:00,246.1013888888889,2,1052.9,2,2,3,7,Potential Loyalists,True,At Risk,False,Retention Opportunity
12581,2011-10-31 08:56:00,39.1625,1,197.71,4,1,1,6,At Risk,False,Active,False,Standard
12582,2011-04-15 08:45:00,238.17013888888889,4,1980.4,2,3,4,9,Potential Loyalists,True,At Risk,False,Retention Opportunity
12583,2011-12-07 08:07:00,2.196527777777778,27,13591.58,5,5,5,15,Champions,False,Active,True,Standard
12584,2011-12-06 09:35:00,3.1354166666666665,9,2338.15,5,5,4,14,Champions,False,Active,True,Standard
12585,2011-04-19 13:39:00,233.96597222222223,2,2040.1,2,2,4,8,Potential Loyalists,True,At Risk,False,Retention Opportunity
12586,2011-11-22 16:24:00,16.851388888888888,4,2062.67,5,3,4,12,Loyal Customers,False,Active,False,Standard
12587,2011-12-02 12:47:00,7.002083333333333,1,144.0,5,1,1,7,Potential Loyalists,False,Active,False,Standard
12588,2011-10-31 15:01:00,38.90902777777778,4,958.78,4,3,3,10,Loyal Customers,False,Active,False,Standard
12589,2011-11-11 10:19:00,28.104861111111116,8,4695.66,4,4,5,13,Champions,False,Active,True,Standard
12590,2011-05-12 14:52:00,210.9152777777778,2,9864.26,2,2,5,9,Potential Loyalists,True,At Risk,True,High Priority
12591,2011-01-26 14:35:00,316.9270833333333,3,1338.95,2,3,4,9,Potential Loyalists,True,At Risk,False,Retention Opportunity
12592,2011-09-08 15:04:00,91.90694444444443,5,2582.66,3,4,4,11,Loyal Customers,True,At Risk,True,High Priority
12593,2011-08-23 12:43:00,108.00486111111113,3,418.1,3,3,2,8,Potential Loyalists,True,At Risk,False,Retention Opportunity
12594,2011-11-02 12:20:00,37.020833333333336,15,5090.110000000001,4,5,5,14,Champions,False,Active,True,Standard
12595,2010-07-23 09:10:00,504.15277777777777,1,299.02,1,1,2,4,Lost / Low Value,True,At Risk,False,Retention Opportunity
12596,2011-10-19 13:02:00,50.99166666666667,2,618.27,4,2,3,9,Potential Loyalists,False,Active,False,Standard
12597,2011-11-20 13:33:00,18.97013888888889,4,3811.22,4,3,5,12,Loyal Customers,False,Active,True,Standard
12598,2011-11-30 12:18:00,9.022222222222222,11,4534.09,5,5,5,15,Champions,False,Active,True,Standard
12599,2011-11-10 13:34:00,28.969444444444445,13,2296.72,4,5,4,13,Champions,False,Active,True,Standard
12600,2011-11-11 10:29:00,28.097916666666663,21,4967.42,4,5,5,14,Champions,False,Active,True,Standard
12601,2011-06-03 10:17:00,189.10625,6,681.26,2,4,3,9,Potential Loyalists,True,At Risk,False,Retention Opportunity
12602,2011-10-12 11:22:00,58.06111111111111,1,153.12,4,1,1,6,At Risk,False,Active,False,Standard
12603,2011-11-18 10:42:00,21.08888888888889,1,739.1999999999999,4,1,3,8,Potential Loyalists,False,Active,False,Standard
12604,2011-09-21 14:08:00,78.94583333333334,2,254.18,3,2,1,6,At Risk,True,At Risk,False,Retention Opportunity
12605,2010-11-28 14:18:00,375.93888888888887,4,1232.95,2,3,4,9,Potential Loyalists,True,At Risk,False,Retention Opportunity
12606,2010-01-26 16:23:00,681.8520833333333,1,21.0,1,1,1,3,Lost / Low Value,True,At Risk,False,Retention Opportunity
12607,2011-10-10 16:06:00,59.86388888888889,1,1579.51,3,1,4,8,Potential Loyalists,False,Active,False,Standard
12608,2010-10-31 10:49:00,404.0840277777778,1,415.79,2,1,2,5,At Risk,True,At Risk,False,Retention Opportunity
12609,2011-09-22 16:34:00,77.84444444444445,9,3435.86,3,5,5,13,Champions,True,At Risk,True,High Priority
12610,2011-11-17 09:34:00,22.136111111111116,5,2099.54,4,4,4,12,Loyal Customers,False,Active,False,Standard
12611,2011-10-18 13:12:00,51.984722222222224,1,1193.32,4,1,3,8,Potential Loyalists,False,Active,False,Standard
12612,2011-09-26 15:35:00,73.88541666666667,1,704.04,3,1,3,7,Potential Loyalists,True,At Risk,False,Retention Opportunity
12613,2011-10-13 14:59:00,56.91041666666667,10,6817.37,4,5,5,14,Champions,False,Active,True,Standard
12614,2011-03-07 10:22:00,277.10277777777776,1,315.6,2,1,2,5,At Risk,True,At Risk,False,Retention Opportunity
12615,2011-12-07 15:02:00,1.9083333333333332,8,5740.9800000000005,5,4,5,14,Champions,False,Active,True,Standard
12616,2011-09-05 15:17:00,94.89791666666666,3,1131.1,3,3,3,9,Potential Loyalists,True,At Risk,False,Retention Opportunity
12617,2011-11-10 14:39:00,28.92430555555556,1,352.98,4,1,2,7,Potential Loyalists,False,Active,False,Standard
12618,2011-11-18 11:10:00,21.069444444444443,1,177.31,4,1,1,6,At Risk,False,Active,False,Standard
12619,2011-11-23 14:52:00,15.915277777777778,10,3781.38,5,5,5,15,Champions,False,Active,True,Standard
12620,2011-11-25 10:20:00,14.104166666666666,3,1339.41,5,3,4,12,Loyal Customers,False,Active,False,Standard
12621,2011-12-08 11:25:00,1.0590277777777777,35,24311.2,5,5,5,15,Champions,False,Active,True,Standard
12622,2011-04-21 16:39:00,231.84097222222223,1,180.1,2,1,1,4,Lost / Low Value,True,At Risk,False,Retention Opportunity
12623,2011-03-08 13:50:00,275.9583333333333,7,3747.84,2,4,5,11,Loyal Customers,True,At Risk,True,High Priority
12624,2011-08-25 15:04:00,105.90694444444443,2,641.13,3,2,3,8,Potential Loyalists,True,At Risk,False,Retention Opportunity
12625,2011-05-12 09:54:00,211.12222222222223,4,5164.88,2,3,5,10,Loyal Customers,True,At Risk,True,High Priority
12626,2011-11-16 16:06:00,22.863888888888887,9,6620.4800000000005,4,5,5,14,Champions,False,Active,True,Standard
12627,2011-11-29 12:07:00,10.029861111111112,7,4478.53,5,4,5,14,Champions,False,Active,True,Standard
12628,2011-12-05 13:15:00,3.982638888888889,3,786.46,5,3,3,11,Loyal Customers,False,Active,False,Standard
12629,2010-11-19 09:18:00,385.14722222222224,2,1558.22,2,2,4,8,Potential Loyalists,True,At Risk,False,Retention Opportunity
12630,2011-11-30 10:48:00,9.084722222222222,2,1270.88,5,2,4,11,Loyal Customers,False,Active,False,Standard
12631,2011-10-13 13:53:00,56.95625,6,3481.57,4,4,5,13,Champions,False,Active,True,Standard
12632,2010-07-07 09:39:00,520.1326388888889,2,804.88,1,2,3,6,At Risk,True,At Risk,False,Retention Opportunity
12633,2011-10-12 11:40:00,58.04861111111112,7,5678.16,4,4,5,13,Champions,False,Active,True,Standard
12634,2010-06-22 10:05:00,535.1145833333334,2,490.0,1,2,2,5,At Risk,True,At Risk,False,Retention Opportunity
12635,2011-09-11 11:04:00,89.0736111111111,4,2930.41,3,3,5,11,Loyal Customers,True,At Risk,True,High Priority
12636,2009-12-01 09:55:00,738.1215277777778,1,141.0,1,1,1,3,Lost / Low Value,True,At Risk,False,Retention Opportunity
12637,2011-10-03 13:46:00,66.96111111111111,12,8283.81,3,5,5,13,Champions,True,At Risk,True,High Priority
12638,2011-11-06 13:11:00,32.985416666666666,2,921.49,4,2,3,9,Potential Loyalists,False,Active,False,Standard
12639,2011-04-15 12:48:00,238.0013888888889,3,1312.37,2,3,4,9,Potential Loyalists,True,At Risk,False,Retention Opportunity
12640,2011-11-16 11:52:00,23.040277777777774,3,1174.58,4,3,3,10,Loyal Customers,False,Active,False,Standard
12641,2011-08-16 13:26:00,114.975,1,185.9,3,1,1,5,At Risk,True,At Risk,False,Retention Opportunity
12642,2011-11-14 15:03:00,24.90763888888889,3,1013.26,4,3,3,10,Loyal Customers,False,Active,False,Standard
12643,2011-08-03 12:56:00,127.99583333333334,12,8304.82,3,5,5,13,Champions,True,At Risk,True,High Priority
12644,2011-08-02 10:33:00,129.0951388888889,4,1918.49,3,3,4,10,Loyal Customers,True,At Risk,False,Retention Opportunity
12645,2011-11-06 12:38:00,33.00833333333333,8,3539.3,4,4,5,13,Champions,False,Active,True,Standard
12646,2011-12-05 10:14:00,4.108333333333333,2,1346.97,5,2,4,11,Loyal Customers,False,Active,False,Standard
12647,2011-11-17 12:56:00,21.995833333333334,36,16955.55,4,5,5,14,Champions,False,Active,True,Standard
12648,2011-07-08 11:55:00,154.03819444444446,4,1112.0,3,3,3,9,Potential Loyalists,True,At Risk,False,Retention Opportunity
12649,2011-08-24 14:41:00,106.92291666666668,8,2294.65,3,4,4,11,Loyal Customers,True,At Risk,True,High Priority
12650,2011-12-06 16:34:00,2.844444444444445,1,314.44,5,1,2,8,Potential Loyalists,False,Active,False,Standard
12651,2011-01-09 12:46:00,334.0027777777778,4,377.75,2,3,2,7,Potential Loyalists,True,At Risk,False,Retention Opportunity
12652,2011-01-12 15:00:00,330.90972222222223,2,1017.03,2,2,3,7,Potential Loyalists,True,At Risk,False,Retention Opportunity
12653,2011-07-14 10:41:00,148.08958333333334,3,4160.83,3,3,5,11,Loyal Customers,True,At Risk,True,High Priority
12654,2011-11-29 10:10:00,10.11111111111111,5,601.98,5,4,2,11,Loyal Customers,False,Active,False,Standard
12655,2010-10-12 09:17:00,423.1479166666667,1,261.35,1,1,1,3,Lost / Low Value,True,At Risk,False,Retention Opportunity
12656,2011-11-22 13:42:00,16.96388888888889,8,6407.83,5,4,5,14,Champions,False,Active,True,Standard
12657,2011-11-28 15:47:00,10.877083333333331,4,1643.18,5,3,4,12,Loyal Customers,False,Active,False,Standard
12658,2011-11-21 10:22:00,18.102777777777774,1,686.05,5,1,3,9,Potential Loyalists,False,Active,False,Standard
12659,2011-11-10 11:53:00,29.039583333333333,1,91.68,4,1,1,6,At Risk,False,Active,False,Standard
12660,2011-11-28 13:26:00,10.975,1,245.1,5,1,1,7,Potential Loyalists,False,Active,False,Standard
12661,2010-09-29 16:46:00,435.8361111111111,1,162.0,1,1,1,3,Lost / Low Value,True,At Risk,False,Retention Opportunity
12662,2011-12-09 11:59:00,0.0354166666666666,20,6726.54,5,5,5,15,Champions,False,Active,True,Standard
12663,2010-03-25 09:40:00,624.1319444444445,2,239.4,1,2,1,4,Lost / Low Value,True,At Risk,False,Retention Opportunity
12664,2011-12-01 17:07:00,7.821527777777778,11,6070.04,5,5,5,15,Champions,False,Active,True,Standard
12665,2011-01-19 08:34:00,324.1777777777778,3,313.6,2,3,2,7,Potential Loyalists,True,At Risk,False,Retention Opportunity
12666,2010-11-10 16:40:00,393.84027777777777,1,1248.42,2,1,4,7,Potential Loyalists,True,At Risk,False,Retention Opportunity
12667,2011-10-12 17:00:00,57.826388888888886,1,620.13,4,1,3,8,Potential Loyalists,False,Active,False,Standard
12668,2011-11-28 10:56:00,11.079166666666667,10,11383.03,5,5,5,15,Champions,False,Active,True,Standard
12669,2011-07-12 09:54:00,150.12222222222223,3,2744.03,3,3,4,10,Loyal Customers,True,At Risk,True,High Priority
12670,2011-11-29 15:23:00,9.89375,7,3760.29,5,4,5,14,Champions,False,Active,True,Standard
12671,2010-04-12 16:30:00,605.8472222222222,1,2622.481,1,1,4,6,At Risk,True,At Risk,True,High Priority
12672,2011-01-14 09:20:00,329.1458333333333,2,437.05,2,2,2,6,At Risk,True,At Risk,False,Retention Opportunity
12673,2011-12-04 13:55:00,4.954861111111111,3,1230.02,5,3,4,12,Loyal Customers,False,Active,False,Standard
12674,2011-11-01 12:12:00,38.02638888888889,4,1970.6,4,3,4,11,Loyal Customers,False,Active,False,Standard
12675,2010-06-04 09:49:00,553.1256944444444,2,957.25,1,2,3,6,At Risk,True,At Risk,False,Retention Opportunity
12676,2011-11-15 12:25:00,24.01736111111111,11,2843.09,4,5,4,13,Champions,False,Active,True,Standard
12677,2010-06-02 14:30:00,554.9305555555555,2,395.1,1,2,2,5,At Risk,True,At Risk,False,Retention Opportunity
12678,2011-10-28 13:04:00,41.99027777777778,21,34281.18,4,5,5,14,Champions,False,Active,True,Standard
12679,2011-10-12 12:30:00,58.013888888888886,4,1113.02,4,3,3,10,Loyal Customers,False,Active,False,Standard
12680,2011-12-09 12:50:00,0.0,4,880.81,5,3,3,11,Loyal Customers,False,Active,False,Standard
12681,2011-11-25 11:33:00,14.053472222222222,45,29834.76,5,5,5,15,Champions,False,Active,True,Standard
12682,2011-12-06 10:00:00,3.118055555555556,52,22950.22,5,5,5,15,Champions,False,Active,True,Standard
12683,2011-12-05 16:31:00,3.8465277777777778,21,11633.7,5,5,5,15,Champions,False,Active,True,Standard
12684,2011-12-02 09:53:00,7.122916666666667,7,2283.63,5,4,4,13,Champions,False,Active,True,Standard
12685,2011-11-11 13:46:00,27.961111111111112,6,2863.08,4,4,4,12,Loyal Customers,False,Active,True,Standard
12686,2010-12-03 09:51:00,371.1243055555556,1,89.14,2,1,1,4,Lost / Low Value,True,At Risk,False,Retention Opportunity
12687,2010-08-16 12:12:00,480.0263888888889,2,2138.91,1,2,4,7,Potential Loyalists,True,At Risk,False,Retention Opportunity
12688,2011-08-18 08:49:00,113.1673611111111,1,4873.81,3,1,5,9,Potential Loyalists,True,At Risk,True,High Priority
12689,2011-11-14 08:31:00,25.179861111111112,2,1247.61,4,2,4,10,Loyal Customers,False,Active,False,Standard
12690,2011-05-18 09:09:00,205.15347222222223,1,389.01,2,1,2,5,At Risk,True,At Risk,False,Retention Opportunity
12691,2011-11-11 16:49:00,27.834027777777777,7,1170.4,4,4,3,11,Loyal Customers,False,Active,False,Standard
12692,2010-03-12 14:02:00,636.95,1,110.95,1,1,1,3,Lost / Low Value,True,At Risk,False,Retention Opportunity
12693,2011-08-04 17:51:00,126.79097222222222,7,1703.02,3,4,4,11,Loyal Customers,True,At Risk,False,Retention Opportunity
12694,2011-09-30 13:06:00,69.9888888888889,3,1843.35,3,3,4,10,Loyal Customers,True,At Risk,False,Retention Opportunity
12695,2011-12-02 13:22:00,6.977777777777778,7,1407.12,5,4,4,13,Champions,False,Active,False,Standard
12696,2010-10-01 10:43:00,434.08819444444447,2,851.91,1,2,3,6,At Risk,True,At Risk,False,Retention Opportunity
12697,2011-11-11 08:47:00,28.16875,3,957.59,4,3,3,10,Loyal Customers,False,Active,False,Standard
12698,2010-04-28 15:51:00,589.8743055555556,1,339.75,1,1,2,4,Lost / Low Value,True,At Risk,False,Retention Opportunity
12699,2010-10-18 12:07:00,417.02986111111113,1,638.11,1,1,3,5,At Risk,True,At Risk,False,Retention Opportunity
12700,2011-12-02 10:47:00,7.085416666666666,4,4939.99,5,3,5,13,Champions,False,Active,True,Standard
12701,2011-09-21 10:47:00,79.08541666666666,6,2446.41,3,4,4,11,Loyal Customers,True,At Risk,True,High Priority
12702,2011-11-20 10:36:00,19.093055555555555,1,219.0,4,1,1,6,At Risk,False,Active,False,Standard
12703,2011-09-29 17:52:00,70.79027777777777,4,1006.53,3,3,3,9,Potential Loyalists,True,At Risk,False,Retention Opportunity
12704,2011-12-02 13:15:00,6.982638888888889,8,2340.84,5,4,4,13,Champions,False,Active,True,Standard
12705,2011-11-24 13:17:00,14.98125,14,11762.1,5,5,5,15,Champions,False,Active,True,Standard
12707,2011-02-21 08:38:00,291.175,1,603.42,2,1,2,5,At Risk,True,At Risk,False,Retention Opportunity
12708,2011-11-10 09:52:00,29.12361111111111,18,5117.66,4,5,5,14,Champions,False,Active,True,Standard
12709,2011-11-24 15:38:00,14.883333333333333,34,30291.76,5,5,5,15,Champions,False,Active,True,Standard
12710,2011-09-04 12:00:00,96.03472222222224,3,1149.02,3,3,3,9,Potential Loyalists,True,At Risk,False,Retention Opportunity
12711,2010-04-07 11:59:00,611.0354166666667,2,1339.05,1,2,4,7,Potential Loyalists,True,At Risk,False,Retention Opportunity
12712,2011-11-11 08:19:00,28.188194444444445,21,6723.03,4,5,5,14,Champions,False,Active,True,Standard
12713,2011-12-09 12:16:00,0.0236111111111111,1,848.55,5,1,3,9,Potential Loyalists,False,Active,False,Standard
12714,2011-11-30 15:43:00,8.879861111111111,12,14093.71,5,5,5,15,Champions,False,Active,True,Standard
12715,2011-08-25 15:22:00,105.89444444444445,1,343.36,3,1,2,6,At Risk,True,At Risk,False,Retention Opportunity
12716,2011-12-06 08:55:00,3.1631944444444446,2,1053.49,5,2,3,10,Loyal Customers,False,Active,False,Standard
12717,2011-07-11 14:47:00,150.91875,3,1308.91,3,3,4,10,Loyal Customers,True,At Risk,False,Retention Opportunity
12718,2011-09-29 16:38:00,70.84166666666667,1,238.25,3,1,1,5,At Risk,True,At Risk,False,Retention Opportunity
12719,2011-12-04 13:45:00,4.961805555555555,2,644.95,5,2,3,10,Loyal Customers,False,Active,False,Standard
12720,2011-12-07 08:03:00,2.199305555555556,30,7787.28,5,5,5,15,Champions,False,Active,True,Standard
12721,2011-11-08 12:13:00,31.025694444444444,8,4013.08,4,4,5,13,Champions,False,Active,True,Standard
12722,2011-09-15 14:50:00,84.91666666666667,4,997.63,3,3,3,9,Potential Loyalists,True,At Risk,False,Retention Opportunity
12723,2011-12-06 10:19:00,3.104861111111111,5,725.07,5,4,3,12,Loyal Customers,False,Active,False,Standard
12724,2011-12-04 16:02:00,4.866666666666666,7,2317.52,5,4,4,13,Champions,False,Active,True,Standard
12725,2010-12-03 15:45:00,370.87847222222223,4,2266.76,2,3,4,9,Potential Loyalists,True,At Risk,True,High Priority
12726,2011-11-11 13:35:00,27.96875,11,4014.6,4,5,5,14,Champions,False,Active,True,Standard
12727,2011-11-29 11:46:00,10.044444444444444,10,5679.53,5,5,5,15,Champions,False,Active,True,Standard
12728,2011-09-29 15:31:00,70.88819444444445,5,1070.17,3,4,3,10,Loyal Customers,True,At Risk,False,Retention Opportunity
12729,2011-08-18 11:40:00,113.04861111111111,1,453.01,3,1,2,6,At Risk,True,At Risk,False,Retention Opportunity
12730,2010-07-06 12:19:00,521.0215277777778,1,829.25,1,1,3,5,At Risk,True,At Risk,False,Retention Opportunity
12731,2011-11-16 11:59:00,23.035416666666663,17,25775.71,4,5,5,14,Champions,False,Active,True,Standard
12732,2011-06-13 11:33:00,179.0534722222222,1,236.26,3,1,1,5,At Risk,True,At Risk,False,Retention Opportunity
12733,2011-04-19 16:19:00,233.85486111111112,4,2424.87,2,3,4,9,Potential Loyalists,True,At Risk,True,High Priority
12734,2010-12-22 12:47:00,352.00208333333336,3,639.65,2,3,3,8,Potential Loyalists,True,At Risk,False,Retention Opportunity
12735,2011-01-28 13:37:00,314.9673611111112,2,779.5699999999999,2,2,3,7,Potential Loyalists,True,At Risk,False,Retention Opportunity
12736,2011-01-11 07:57:00,332.2034722222222,1,234.0,2,1,1,4,Lost / Low Value,True,At Risk,False,Retention Opportunity
12737,2010-07-29 12:29:00,498.01458333333335,2,3710.5,1,2,5,8,Potential Loyalists,True,At Risk,True,High Priority
12738,2010-12-02 18:27:00,371.7659722222222,1,155.35,2,1,1,4,Lost / Low Value,True,At Risk,False,Retention Opportunity
12739,2011-09-22 13:00:00,77.99305555555556,4,2726.73,3,3,4,10,Loyal Customers,True,At Risk,True,High Priority
12740,2011-10-07 10:44:00,63.0875,1,427.6,3,1,2,6,At Risk,True,At Risk,False,Retention Opportunity
12741,2010-06-28 14:36:00,528.9263888888889,2,406.07,1,2,2,5,At Risk,True,At Risk,False,Retention Opportunity
12742,2010-03-24 12:43:00,625.0048611111112,1,1201.52,1,1,3,5,At Risk,True,At Risk,False,Retention Opportunity
12743,2011-07-28 16:21:00,133.85347222222222,2,540.13,3,2,2,7,Potential Loyalists,True,At Risk,False,Retention Opportunity
12744,2011-10-19 11:18:00,51.06388888888889,11,25317.06,4,5,5,14,Champions,False,Active,True,Standard
12745,2010-08-10 10:14:00,486.10833333333335,3,925.41,1,3,3,7,Potential Loyalists,True,At Risk,False,Retention Opportunity
12746,2010-06-17 10:41:00,540.0895833333333,1,254.55,1,1,1,3,Lost / Low Value,True,At Risk,False,Retention Opportunity
12747,2011-12-07 14:34:00,1.9277777777777776,26,8898.48,5,5,5,15,Champions,False,Active,True,Standard
12748,2011-12-09 12:20:00,0.0208333333333333,336,53539.64,5,5,5,15,Champions,False,Active,True,Standard
12749,2011-12-06 09:56:00,3.120833333333333,9,6897.36,5,5,5,15,Champions,False,Active,True,Standard
12750,2011-08-03 09:13:00,128.15069444444444,1,275.88,3,1,1,5,At Risk,True,At Risk,False,Retention Opportunity
12751,2010-09-21 12:49:00,444.0006944444444,1,268.27,1,1,1,3,Lost / Low Value,True,At Risk,False,Retention Opportunity
12752,2011-09-19 13:32:00,80.97083333333333,1,4366.78,3,1,5,9,Potential Loyalists,True,At Risk,True,High Priority
12753,2011-11-17 10:52:00,22.08194444444445,6,21429.39,4,4,5,13,Champions,False,Active,True,Standard
12754,2011-04-18 09:00:00,235.15972222222223,3,3010.74,2,3,5,10,Loyal Customers,True,At Risk,True,High Priority
12755,2011-03-04 12:42:00,280.0055555555556,11,5236.26,2,5,5,12,Loyal Customers,True,At Risk,True,High Priority
12756,2011-09-14 09:31:00,86.13819444444445,1,112.08,3,1,1,5,At Risk,True,At Risk,False,Retention Opportunity
12757,2011-11-24 12:30:00,15.01388888888889,13,7834.650000000001,5,5,5,15,Champions,False,Active,True,Standard
12758,2011-08-15 10:22:00,116.10277777777776,7,9903.24,3,4,5,12,Loyal Customers,True,At Risk,True,High Priority
12759,2011-10-18 14:49:00,51.91736111111111,8,5020.74,4,4,5,13,Champions,False,Active,True,Standard
12760,2010-09-10 08:50:00,455.1666666666667,1,347.8,1,1,2,4,Lost / Low Value,True,At Risk,False,Retention Opportunity
12761,2010-09-08 12:17:00,457.0229166666667,2,782.95,1,2,3,6,At Risk,True,At Risk,False,Retention Opportunity
12762,2011-12-02 10:23:00,7.102083333333334,2,1898.52,5,2,4,11,Loyal Customers,False,Active,False,Standard
12763,2011-07-24 14:12:00,137.94305555555556,2,494.08,3,2,2,7,Potential Loyalists,True,At Risk,False,Retention Opportunity
12764,2011-01-27 10:19:00,316.1048611111111,1,1693.88,2,1,4,7,Potential Loyalists,True,At Risk,False,Retention Opportunity
12765,2010-08-24 13:51:00,471.9576388888889,6,1404.58,1,4,4,9,Potential Loyalists,True,At Risk,False,Retention Opportunity
12766,2011-12-06 08:46:00,3.1694444444444443,9,8918.99,5,5,5,15,Champions,False,Active,True,Standard
12767,2010-11-29 09:38:00,375.1333333333333,1,949.82,2,1,3,6,At Risk,True,At Risk,False,Retention Opportunity
12768,2010-09-15 12:08:00,450.0291666666666,1,168.69,1,1,1,3,Lost / Low Value,True,At Risk,False,Retention Opportunity
12769,2011-04-15 10:25:00,238.10069444444449,1,1143.6,2,1,3,6,At Risk,True,At Risk,False,Retention Opportunity
12770,2011-05-13 09:33:00,210.13680555555555,2,3246.45,2,2,5,9,Potential Loyalists,True,At Risk,True,High Priority
12771,2010-08-11 11:51:00,485.0409722222222,1,282.3,1,1,1,3,Lost / Low Value,True,At Risk,False,Retention Opportunity
12772,2011-10-11 09:19:00,59.14652777777778,1,892.47,3,1,3,7,Potential Loyalists,False,Active,False,Standard
12773,2010-05-24 17:30:00,563.8055555555555,1,124.25,1,1,1,3,Lost / Low Value,True,At Risk,False,Retention Opportunity
12774,2010-06-22 10:38:00,535.0916666666667,1,98.7,1,1,1,3,Lost / Low Value,True,At Risk,False,Retention Opportunity
12775,2011-11-22 16:33:00,16.84513888888889,7,1686.12,5,4,4,13,Champions,False,Active,False,Standard
12776,2010-02-10 12:11:00,667.0270833333333,1,55.5,1,1,1,3,Lost / Low Value,True,At Risk,False,Retention Opportunity
12777,2010-09-08 11:35:00,457.0520833333333,1,519.45,1,1,2,4,Lost / Low Value,True,At Risk,False,Retention Opportunity
12778,2011-11-20 11:30:00,19.05555555555556,9,1775.68,4,5,4,13,Champions,False,Active,False,Standard
12779,2011-11-02 11:43:00,37.046527777777776,14,6474.11,4,5,5,14,Champions,False,Active,True,Standard
12780,2010-04-20 09:40:00,598.1319444444445,1,337.4,1,1,2,4,Lost / Low Value,True,At Risk,False,Retention Opportunity
12781,2011-10-07 10:37:00,63.09236111111111,2,826.74,3,2,3,8,Potential Loyalists,True,At Risk,False,Retention Opportunity
12782,2011-12-05 09:16:00,4.148611111111111,11,4618.24,5,5,5,15,Champions,False,Active,True,Standard
12783,2011-12-07 15:56:00,1.8708333333333331,6,2225.91,5,4,4,13,Champions,False,Active,False,Standard
12784,2011-11-30 15:38:00,8.883333333333333,3,1763.15,5,3,4,12,Loyal Customers,False,Active,False,Standard
12785,2010-12-10 13:48:00,363.95972222222224,3,1100.4,2,3,3,8,Potential Loyalists,True,At Risk,False,Retention Opportunity
12786,2010-04-09 12:12:00,609.0263888888888,1,728.5000000000001,1,1,3,5,At Risk,True,At Risk,False,Retention Opportunity
12787,2011-11-30 08:44:00,9.170833333333333,4,862.1800000000001,5,3,3,11,Loyal Customers,False,Active,False,Standard
12788,2010-09-02 14:21:00,462.9368055555556,4,444.9,1,3,2,6,At Risk,True,At Risk,False,Retention Opportunity
12789,2011-10-05 13:34:00,64.96944444444445,3,273.35,3,3,1,7,Potential Loyalists,True,At Risk,False,Retention Opportunity
12790,2011-05-31 14:14:00,191.94166666666663,2,591.85,2,2,2,6,At Risk,True,At Risk,False,Retention Opportunity
12791,2010-12-01 11:27:00,373.0576388888889,6,863.51,2,4,3,9,Potential Loyalists,True,At Risk,False,Retention Opportunity
12792,2011-03-28 11:36:00,256.0513888888889,2,827.01,2,2,3,7,Potential Loyalists,True,At Risk,False,Retention Opportunity
12793,2011-01-09 12:12:00,334.0263888888889,3,885.53,2,3,3,8,Potential Loyalists,True,At Risk,False,Retention Opportunity
12794,2011-10-17 14:54:00,52.91388888888889,2,860.41,4,2,3,9,Potential Loyalists,False,Active,False,Standard
12795,2011-11-21 10:27:00,18.09930555555556,1,430.48,5,1,2,8,Potential Loyalists,False,Active,False,Standard
12796,2010-03-21 15:49:00,627.8756944444444,1,381.0,1,1,2,4,Lost / Low Value,True,At Risk,False,Retention Opportunity
12797,2010-12-09 10:55:00,365.0798611111111,2,552.08,2,2,2,6,At Risk,True,At Risk,False,Retention Opportunity
12798,2011-11-29 15:52:00,9.873611111111112,4,8510.93,5,3,5,13,Champions,False,Active,True,Standard
12799,2010-06-28 15:57:00,528.8701388888888,1,219.35,1,1,1,3,Lost / Low Value,True,At Risk,False,Retention Opportunity
12800,2010-08-26 14:11:00,469.94375,3,584.25,1,3,2,6,At Risk,True,At Risk,False,Retention Opportunity
12801,2010-07-27 09:38:00,500.1333333333333,1,1071.82,1,1,3,5,At Risk,True,At Risk,False,Retention Opportunity
12802,2011-06-06 09:36:00,186.13472222222225,7,2416.42,3,4,4,11,Loyal Customers,True,At Risk,True,High Priority
12803,2010-11-11 14:57:00,392.91180555555553,1,1092.81,2,1,3,6,At Risk,True,At Risk,False,Retention Opportunity
12804,2010-08-31 11:58:00,465.0361111111111,2,325.37,1,2,2,5,At Risk,True,At Risk,False,Retention Opportunity
12805,2010-11-23 12:27:00,381.0159722222222,4,1434.95,2,3,4,9,Potential Loyalists,True,At Risk,False,Retention Opportunity
12806,2010-09-30 13:34:00,434.9694444444444,4,2878.96,1,3,4,8,Potential Loyalists,True,At Risk,True,High Priority
12807,2010-11-21 14:21:00,382.9368055555556,1,330.35,2,1,2,5,At Risk,True,At Risk,False,Retention Opportunity
12808,2011-11-03 10:05:00,36.114583333333336,5,776.7,4,4,3,11,Loyal Customers,False,Active,False,Standard
12809,2011-06-15 10:51:00,177.08263888888888,3,1755.94,3,3,4,10,Loyal Customers,True,At Risk,False,Retention Opportunity
12810,2010-06-23 10:53:00,534.08125,2,534.99,1,2,2,5,At Risk,True,At Risk,False,Retention Opportunity
12811,2011-03-24 09:42:00,260.1305555555556,5,1033.9,2,4,3,9,Potential Loyalists,True,At Risk,False,Retention Opportunity
12812,2011-10-26 09:54:00,44.12222222222222,1,229.64,4,1,1,6,At Risk,False,Active,False,Standard
12813,2010-07-26 09:50:00,501.125,3,1687.8,1,3,4,8,Potential Loyalists,True,At Risk,False,Retention Opportunity
12814,2011-08-30 12:11:00,101.02708333333334,1,125.92,3,1,1,5,At Risk,True,At Risk,False,Retention Opportunity
12815,2011-07-15 10:21:00,147.10347222222222,2,1063.46,3,2,3,8,Potential Loyalists,True,At Risk,False,Retention Opportunity
12816,2011-09-05 12:41:00,95.00625,2,572.2,3,2,2,7,Potential Loyalists,True,At Risk,False,Retention Opportunity
12817,2011-03-03 16:28:00,280.8486111111111,3,690.98,2,3,3,8,Potential Loyalists,True,At Risk,False,Retention Opportunity
12818,2011-03-23 12:06:00,261.0305555555556,1,1542.08,2,1,4,7,Potential Loyalists,True,At Risk,False,Retention Opportunity
12819,2010-09-07 15:20:00,457.8958333333333,1,540.52,1,1,2,4,Lost / Low Value,True,At Risk,False,Retention Opportunity
12820,2011-12-06 15:12:00,2.901388888888889,11,2689.52,5,5,4,14,Champions,False,Active,True,Standard
12821,2011-05-09 15:51:00,213.8743055555556,2,220.8,2,2,1,5,At Risk,True,At Risk,False,Retention Opportunity
12822,2011-09-30 10:04:00,70.11527777777778,2,948.88,3,2,3,8,Potential Loyalists,True,At Risk,False,Retention Opportunity
12823,2011-09-26 07:35:00,74.21875,18,6501.5,3,5,5,13,Champions,True,At Risk,True,High Priority
12824,2011-10-11 12:49:00,59.00069444444444,1,397.12,3,1,2,6,At Risk,False,Active,False,Standard
12825,2010-07-06 13:56:00,520.9541666666667,2,518.63,1,2,2,5,At Risk,True,At Risk,False,Retention Opportunity
12826,2011-12-07 10:25:00,2.1006944444444446,12,2800.75,5,5,4,14,Champions,False,Active,True,Standard
12827,2011-12-04 12:17:00,5.022916666666666,3,430.15,5,3,2,10,Loyal Customers,False,Active,False,Standard
12828,2011-12-07 08:45:00,2.170138888888889,6,1018.71,5,4,3,12,Loyal Customers,False,Active,False,Standard
12829,2011-01-07 11:13:00,336.0673611111111,3,385.3,2,3,2,7,Potential Loyalists,True,At Risk,False,Retention Opportunity
12830,2011-11-02 11:54:00,37.03888888888889,6,6814.64,4,4,5,13,Champions,False,Active,True,Standard
12831,2011-03-22 13:02:00,261.9916666666667,3,451.11,2,3,2,7,Potential Loyalists,True,At Risk,False,Retention Opportunity
12832,2011-11-07 13:30:00,31.97222222222222,2,383.03,4,2,2,8,Potential Loyalists,False,Active,False,Standard
12833,2011-07-17 13:46:00,144.9611111111111,1,417.38,3,1,2,6,At Risk,True,At Risk,False,Retention Opportunity
12834,2011-03-02 09:49:00,282.12569444444443,1,312.38,2,1,2,5,At Risk,True,At Risk,False,Retention Opportunity
12835,2010-10-08 10:59:00,427.07708333333335,41,5996.83,1,5,5,11,Loyal Customers,True,At Risk,True,High Priority
12836,2011-10-11 15:10:00,58.90277777777778,15,6559.7300000000005,3,5,5,13,Champions,False,Active,True,Standard
12837,2011-06-19 16:07:00,172.86319444444445,2,662.66,3,2,3,8,Potential Loyalists,True,At Risk,False,Retention Opportunity
12838,2011-11-06 12:20:00,33.020833333333336,10,2975.91,4,5,5,14,Champions,False,Active,True,Standard
12839,2011-12-07 12:33:00,2.011805555555556,26,9669.12,5,5,5,15,Champions,False,Active,True,Standard
12840,2011-07-19 09:29:00,143.13958333333332,7,4041.97,3,4,5,12,Loyal Customers,True,At Risk,True,High Priority
12841,2011-12-05 11:13:00,4.067361111111111,40,6958.2,5,5,5,15,Champions,False,Active,True,Standard
12842,2011-09-30 15:33:00,69.88680555555555,4,1917.99,3,3,4,10,Loyal Customers,True,At Risk,False,Retention Opportunity
12843,2011-10-05 12:09:00,65.02847222222222,30,6583.36,3,5,5,13,Champions,True,At Risk,True,High Priority
12844,2011-11-10 13:31:00,28.971527777777776,4,648.6,4,3,3,10,Loyal Customers,False,Active,False,Standard
12845,2011-03-17 13:34:00,266.96944444444443,4,354.09000000000003,2,3,2,7,Potential Loyalists,True,At Risk,False,Retention Opportunity
12846,2010-01-26 16:29:00,681.8479166666667,1,15.58,1,1,1,3,Lost / Low Value,True,At Risk,False,Retention Opportunity
12847,2011-11-17 13:16:00,21.981944444444444,2,1609.0,4,2,4,10,Loyal Customers,False,Active,False,Standard
12848,2010-02-02 12:45:00,675.0034722222222,1,208.0,1,1,1,3,Lost / Low Value,True,At Risk,False,Retention Opportunity
12849,2011-11-08 13:41:00,30.964583333333334,6,3042.4700000000003,4,4,5,13,Champions,False,Active,True,Standard
12850,2010-09-20 12:26:00,445.01666666666665,1,330.0,1,1,2,4,Lost / Low Value,True,At Risk,False,Retention Opportunity
12851,2011-09-04 12:41:00,96.00625,2,280.76,3,2,1,6,At Risk,True,At Risk,False,Retention Opportunity
12852,2011-02-18 08:47:00,294.16875,1,311.55,2,1,2,5,At Risk,True,At Risk,False,Retention Opportunity
12853,2011-07-28 11:29:00,134.05625,11,3907.5,3,5,5,13,Champions,True,At Risk,True,High Priority
12854,2011-09-22 12:15:00,78.02430555555556,7,2970.9700000000003,3,4,5,12,Loyal Customers,True,At Risk,True,High Priority
12855,2010-12-02 09:37:00,372.13402777777776,4,612.84,2,3,3,8,Potential Loyalists,True,At Risk,False,Retention Opportunity
12856,2011-12-02 10:52:00,7.081944444444445,6,2170.78,5,4,4,13,Champions,False,Active,False,Standard
12857,2011-05-13 10:20:00,210.10416666666663,6,3688.0,2,4,5,11,Loyal Customers,True,At Risk,True,High Priority
12858,2010-11-21 12:55:00,382.99652777777777,1,147.27,2,1,1,4,Lost / Low Value,True,At Risk,False,Retention Opportunity
12859,2010-09-07 12:20:00,458.0208333333333,1,575.1,1,1,2,4,Lost / Low Value,True,At Risk,False,Retention Opportunity
12860,2010-01-15 15:22:00,692.8944444444444,1,54.22,1,1,1,3,Lost / Low Value,True,At Risk,False,Retention Opportunity
12861,2010-03-30 11:39:00,619.0493055555555,1,68.25,1,1,1,3,Lost / Low Value,True,At Risk,False,Retention Opportunity
12862,2010-10-10 11:47:00,425.04375,2,984.62,1,2,3,6,At Risk,True,At Risk,False,Retention Opportunity
12863,2011-10-18 14:15:00,51.94097222222222,6,2792.55,4,4,4,12,Loyal Customers,False,Active,True,Standard
12864,2011-07-24 13:03:00,137.9909722222222,2,299.57,3,2,2,7,Potential Loyalists,True,At Risk,False,Retention Opportunity
12865,2011-11-13 14:31:00,25.929861111111112,4,3323.4700000000003,4,3,5,12,Loyal Customers,False,Active,True,Standard
12866,2011-03-01 14:11:00,282.94375,3,1227.35,2,3,4,9,Potential Loyalists,True,At Risk,False,Retention Opportunity
12867,2011-11-13 15:30:00,25.88888888888889,13,7829.26,4,5,5,14,Champions,False,Active,True,Standard
12868,2011-06-07 10:42:00,185.0888888888889,8,2043.76,3,4,4,11,Loyal Customers,True,At Risk,False,Retention Opportunity
12869,2010-01-27 12:10:00,681.0277777777778,1,337.67,1,1,2,4,Lost / Low Value,True,At Risk,False,Retention Opportunity
12870,2010-11-29 13:42:00,374.9638888888889,3,1676.95,2,3,4,9,Potential Loyalists,True,At Risk,False,Retention Opportunity
12871,2011-09-16 15:07:00,83.90486111111112,3,744.02,3,3,3,9,Potential Loyalists,True,At Risk,False,Retention Opportunity
12872,2011-01-17 10:52:00,326.08194444444445,12,3283.96,2,5,5,12,Loyal Customers,True,At Risk,True,High Priority
12873,2011-03-02 14:58:00,281.9111111111111,3,2027.3,2,3,4,9,Potential Loyalists,True,At Risk,False,Retention Opportunity
12874,2010-11-19 15:23:00,384.89375,2,948.42,2,2,3,7,Potential Loyalists,True,At Risk,False,Retention Opportunity
12875,2011-07-19 15:30:00,142.88888888888889,5,1356.9900000000002,3,4,4,11,Loyal Customers,True,At Risk,False,Retention Opportunity
12876,2011-10-13 12:26:00,57.016666666666666,4,4081.79,4,3,5,12,Loyal Customers,False,Active,True,Standard
12877,2011-12-06 10:30:00,3.0972222222222223,20,2942.14,5,5,5,15,Champions,False,Active,True,Standard
12878,2011-04-17 13:07:00,235.98819444444445,2,854.99,2,2,3,7,Potential Loyalists,True,At Risk,False,Retention Opportunity
12879,2011-10-26 12:24:00,44.01805555555556,3,573.22,4,3,2,9,Potential Loyalists,False,Active,False,Standard
12880,2010-11-23 10:50:00,381.0833333333333,2,640.13,2,2,3,7,Potential Loyalists,True,At Risk,False,Retention Opportunity
12881,2011-03-09 11:44:00,275.0458333333333,1,298.0,2,1,2,5,At Risk,True,At Risk,False,Retention Opportunity
12882,2011-11-30 16:18:00,8.855555555555556,2,1463.04,5,2,4,11,Loyal Customers,False,Active,False,Standard
12883,2011-11-15 09:32:00,24.1375,4,703.47,4,3,3,10,Loyal Customers,False,Active,False,Standard
12884,2011-09-12 13:10:00,87.98611111111111,1,309.05,3,1,2,6,At Risk,True,At Risk,False,Retention Opportunity
12885,2011-10-07 13:40:00,62.96527777777778,3,1175.22,3,3,3,9,Potential Loyalists,True,At Risk,False,Retention Opportunity
12886,2011-10-03 10:09:00,67.11180555555555,2,1378.4,3,2,4,9,Potential Loyalists,True,At Risk,False,Retention Opportunity
12887,2010-11-21 11:18:00,383.06388888888887,1,222.4,2,1,1,4,Lost / Low Value,True,At Risk,False,Retention Opportunity
12888,2011-05-09 16:02:00,213.86666666666667,2,354.12,2,2,2,6,At Risk,True,At Risk,False,Retention Opportunity
12889,2010-11-23 16:08:00,380.8625,4,385.46,2,3,2,7,Potential Loyalists,True,At Risk,False,Retention Opportunity
12890,2011-11-15 17:26:00,23.808333333333334,2,706.02,4,2,3,9,Potential Loyalists,False,Active,False,Standard
12891,2011-06-07 12:31:00,185.01319444444445,11,840.5,3,5,3,11,Loyal Customers,True,At Risk,False,Retention Opportunity
12892,2010-11-08 09:51:00,396.1243055555556,1,263.38,2,1,1,4,Lost / Low Value,True,At Risk,False,Retention Opportunity
12893,2011-11-09 12:34:00,30.011111111111116,1,176.55,4,1,1,6,At Risk,False,Active,False,Standard
12894,2010-05-13 14:47:00,574.91875,1,157.35,1,1,1,3,Lost / Low Value,True,At Risk,False,Retention Opportunity
12895,2011-10-28 13:51:00,41.95763888888889,2,372.8,4,2,2,8,Potential Loyalists,False,Active,False,Standard
12897,2011-05-19 12:13:00,204.02569444444444,4,514.25,2,3,2,7,Potential Loyalists,True,At Risk,False,Retention Opportunity
12898,2010-09-02 08:08:00,463.1958333333333,2,296.21,1,2,2,5,At Risk,True,At Risk,False,Retention Opportunity
12899,2010-10-22 09:53:00,413.1229166666666,1,366.4,1,1,2,4,Lost / Low Value,True,At Risk,False,Retention Opportunity
12900,2010-10-13 15:17:00,421.8979166666667,1,340.33000000000004,1,1,2,4,Lost / Low Value,True,At Risk,False,Retention Opportunity
12901,2011-12-01 10:07:00,8.113194444444444,28,17654.54,5,5,5,15,Champions,False,Active,True,Standard
12902,2011-03-20 12:06:00,264.0305555555556,1,138.68,2,1,1,4,Lost / Low Value,True,At Risk,False,Retention Opportunity
12903,2010-10-07 12:39:00,428.0076388888889,1,833.5300000000001,1,1,3,5,At Risk,True,At Risk,False,Retention Opportunity
12904,2011-11-21 14:34:00,17.927777777777777,2,496.06,5,2,2,9,Potential Loyalists,False,Active,False,Standard
12905,2010-05-12 10:05:00,576.1145833333334,2,1018.42,1,2,3,6,At Risk,True,At Risk,False,Retention Opportunity
12906,2011-11-28 09:55:00,11.12152777777778,5,2919.81,5,4,5,14,Champions,False,Active,True,Standard
12907,2010-11-09 12:08:00,395.0291666666666,2,508.91,2,2,2,6,At Risk,True,At Risk,False,Retention Opportunity
12908,2011-06-16 15:39:00,175.8826388888889,5,1776.0,3,4,4,11,Loyal Customers,True,At Risk,False,Retention Opportunity
12909,2011-10-31 12:43:00,39.00486111111111,8,3103.19,4,4,5,13,Champions,False,Active,True,Standard
12910,2011-11-16 14:28:00,22.931944444444444,13,5796.52,4,5,5,14,Champions,False,Active,True,Standard
12911,2010-06-06 12:13:00,551.0256944444444,1,1651.72,1,1,4,6,At Risk,True,At Risk,False,Retention Opportunity
12912,2011-12-07 08:55:00,2.1631944444444446,5,1662.3,5,4,4,13,Champions,False,Active,False,Standard
12913,2011-12-05 12:11:00,4.027083333333334,13,6283.24,5,5,5,15,Champions,False,Active,True,Standard
12914,2010-11-04 12:28:00,400.0152777777778,1,223.98,2,1,1,4,Lost / Low Value,True,At Risk,False,Retention Opportunity
12915,2011-07-14 11:34:00,148.05277777777778,4,975.1,3,3,3,9,Potential Loyalists,True,At Risk,False,Retention Opportunity
12916,2011-07-24 10:35:00,138.09375,7,4479.73,3,4,5,12,Loyal Customers,True,At Risk,True,High Priority
12917,2011-08-03 16:42:00,127.83888888888887,6,4359.2,3,4,5,12,Loyal Customers,True,At Risk,True,High Priority
12918,2010-03-23 15:22:00,625.8944444444444,1,10953.5,1,1,5,7,Potential Loyalists,True,At Risk,True,High Priority
12919,2011-12-01 13:47:00,7.960416666666666,6,1335.19,5,4,4,13,Champions,False,Active,False,Standard
12920,2011-11-22 15:05:00,16.90625,4,486.64,5,3,2,10,Loyal Customers,False,Active,False,Standard
12921,2011-11-30 16:22:00,8.852777777777778,74,35233.24,5,5,5,15,Champions,False,Active,True,Standard
12922,2011-07-01 15:35:00,160.88541666666666,1,405.38,3,1,2,6,At Risk,True,At Risk,False,Retention Opportunity
12923,2011-10-06 16:20:00,63.85416666666666,3,770.42,3,3,3,9,Potential Loyalists,True,At Risk,False,Retention Opportunity
12924,2011-09-12 13:55:00,87.95486111111111,12,2469.4,3,5,4,12,Loyal Customers,True,At Risk,True,High Priority
12925,2011-12-05 11:11:00,4.06875,3,729.33,5,3,3,11,Loyal Customers,False,Active,False,Standard
12926,2010-10-24 15:57:00,410.8701388888889,4,1523.97,1,3,4,8,Potential Loyalists,True,At Risk,False,Retention Opportunity
12927,2010-11-10 10:02:00,394.1166666666667,1,197.31,2,1,1,4,Lost / Low Value,True,At Risk,False,Retention Opportunity
12928,2011-11-04 14:24:00,34.93472222222222,12,4304.89,4,5,5,14,Champions,False,Active,True,Standard
12929,2011-02-01 12:08:00,311.02916666666664,1,117.85,2,1,1,4,Lost / Low Value,True,At Risk,False,Retention Opportunity
12930,2011-09-22 15:18:00,77.89722222222223,2,415.8,3,2,2,7,Potential Loyalists,True,At Risk,False,Retention Opportunity
12931,2011-11-18 12:39:00,21.007638888888888,57,92347.34,4,5,5,14,Champions,False,Active,True,Standard
12932,2010-06-18 14:22:00,538.9361111111111,8,1698.56,1,4,4,9,Potential Loyalists,True,At Risk,False,Retention Opportunity
12933,2011-11-15 16:38:00,23.841666666666665,8,1636.63,4,4,4,12,Loyal Customers,False,Active,False,Standard
12934,2009-12-03 10:51:00,736.0826388888889,1,181.65,1,1,1,3,Lost / Low Value,True,At Risk,False,Retention Opportunity
12935,2011-12-07 17:25:00,1.8090277777777777,15,4243.86,5,5,5,15,Champions,False,Active,True,Standard
12936,2011-11-22 17:32:00,16.804166666666667,4,1063.9,5,3,3,11,Loyal Customers,False,Active,False,Standard
12937,2011-11-24 15:05:00,14.90625,9,3097.61,5,5,5,15,Champions,False,Active,True,Standard
12938,2011-11-14 11:21:00,25.061805555555555,1,114.14,4,1,1,6,At Risk,False,Active,False,Standard
12939,2011-10-06 14:33:00,63.92847222222223,20,25264.8,3,5,5,13,Champions,True,At Risk,True,High Priority
12940,2011-10-16 12:09:00,54.02847222222222,2,899.69,4,2,3,9,Potential Loyalists,False,Active,False,Standard
12941,2009-12-15 13:12:00,723.9847222222222,1,377.49,1,1,2,4,Lost / Low Value,True,At Risk,False,Retention Opportunity
12942,2011-07-31 14:39:00,130.92430555555555,3,675.6,3,3,3,9,Potential Loyalists,True,At Risk,False,Retention Opportunity
12943,2010-05-30 13:52:00,557.9569444444444,2,496.5,1,2,2,5,At Risk,True,At Risk,False,Retention Opportunity
12944,2011-11-04 11:04:00,35.07361111111111,2,604.51,4,2,2,8,Potential Loyalists,False,Active,False,Standard
12945,2011-02-24 14:15:00,287.94097222222223,2,900.11,2,2,3,7,Potential Loyalists,True,At Risk,False,Retention Opportunity
12946,2010-09-29 10:14:00,436.10833333333335,1,324.45,1,1,2,4,Lost / Low Value,True,At Risk,False,Retention Opportunity
12947,2011-07-19 10:06:00,143.11388888888888,6,1603.99,3,4,4,11,Loyal Customers,True,At Risk,False,Retention Opportunity
12948,2011-11-23 17:10:00,15.819444444444445,9,2317.43,5,5,4,14,Champions,False,Active,True,Standard
12949,2011-11-09 11:25:00,30.05902777777778,22,15526.7,4,5,5,14,Champions,False,Active,True,Standard
12950,2011-12-07 13:17:00,1.98125,3,1843.0,5,3,4,12,Loyal Customers,False,Active,False,Standard
12951,2011-12-01 12:14:00,8.025,15,3213.7200000000003,5,5,5,15,Champions,False,Active,True,Standard
12952,2011-12-04 10:35:00,5.09375,4,1387.79,5,3,4,12,Loyal Customers,False,Active,False,Standard
12953,2011-11-30 09:24:00,9.143055555555556,2,828.8100000000001,5,2,3,10,Loyal Customers,False,Active,False,Standard
12954,2010-03-11 10:16:00,638.1069444444445,1,162.45,1,1,1,3,Lost / Low Value,True,At Risk,False,Retention Opportunity
12955,2011-12-08 16:29:00,0.8479166666666667,11,4757.16,5,5,5,15,Champions,False,Active,True,Standard
12956,2011-02-06 16:08:00,305.8625,4,521.89,2,3,2,7,Potential Loyalists,True,At Risk,False,Retention Opportunity
12957,2011-11-30 09:53:00,9.122916666666669,13,8706.97,5,5,5,15,Champions,False,Active,True,Standard
12958,2010-11-04 16:16:00,399.8569444444444,2,467.34,2,2,2,6,At Risk,True,At Risk,False,Retention Opportunity
12959,2010-08-12 17:20:00,483.8125,1,150.95,1,1,1,3,Lost / Low Value,True,At Risk,False,Retention Opportunity
12960,2010-10-22 09:31:00,413.1381944444444,4,1322.0700000000002,1,3,4,8,Potential Loyalists,True,At Risk,False,Retention Opportunity
12961,2010-11-25 16:44:00,378.8375,1,211.99,2,1,1,4,Lost / Low Value,True,At Risk,False,Retention Opportunity
12962,2011-12-02 15:55:00,6.871527777777778,2,266.39,5,2,1,8,Potential Loyalists,False,Active,False,Standard
12963,2011-12-01 12:55:00,7.996527777777778,12,3235.79,5,5,5,15,Champions,False,Active,True,Standard
12964,2010-09-28 17:47:00,436.79375,1,132.24,1,1,1,3,Lost / Low Value,True,At Risk,False,Retention Opportunity
12965,2011-09-11 15:31:00,88.88819444444445,1,769.8100000000001,3,1,3,7,Potential Loyalists,True,At Risk,False,Retention Opportunity
12966,2011-11-30 12:38:00,9.008333333333333,1,160.18,5,1,1,7,Potential Loyalists,False,Active,False,Standard
12967,2010-12-16 19:10:00,357.7361111111111,3,2938.52,2,3,5,10,Loyal Customers,True,At Risk,True,High Priority
12968,2011-08-19 15:44:00,111.87916666666666,1,135.95,3,1,1,5,At Risk,True,At Risk,False,Retention Opportunity
12969,2010-04-16 10:50:00,602.0833333333334,1,122.45,1,1,1,3,Lost / Low Value,True,At Risk,False,Retention Opportunity
12970,2011-12-02 14:30:00,6.930555555555555,10,1453.6,5,5,4,14,Champions,False,Active,False,Standard
12971,2011-12-06 12:20:00,3.020833333333333,116,15704.6,5,5,5,15,Champions,False,Active,True,Standard
12972,2010-10-22 08:41:00,413.17291666666665,4,1161.2,1,3,3,7,Potential Loyalists,True,At Risk,False,Retention Opportunity
12973,2010-10-22 10:14:00,413.10833333333335,1,385.55,1,1,2,4,Lost / Low Value,True,At Risk,False,Retention Opportunity
12974,2011-05-26 09:33:00,197.13680555555555,2,408.95,2,2,2,6,At Risk,True,At Risk,False,Retention Opportunity
12975,2010-09-29 09:46:00,436.1277777777778,6,2100.09,1,4,4,9,Potential Loyalists,True,At Risk,False,Retention Opportunity
12976,2011-05-12 09:55:00,211.12152777777777,8,3156.38,2,4,5,11,Loyal Customers,True,At Risk,True,High Priority
12977,2011-07-06 16:40:00,155.84027777777777,4,513.88,3,3,2,8,Potential Loyalists,True,At Risk,False,Retention Opportunity
12978,2010-11-19 14:29:00,384.93125,5,2502.82,2,4,4,10,Loyal Customers,True,At Risk,True,High Priority
12979,2009-12-10 15:45:00,728.8784722222222,1,517.7,1,1,2,4,Lost / Low Value,True,At Risk,False,Retention Opportunity
12980,2011-07-05 09:34:00,157.13611111111112,21,16245.78,3,5,5,13,Champions,True,At Risk,True,High Priority
12981,2011-11-10 12:00:00,29.03472222222222,2,372.22,4,2,2,8,Potential Loyalists,False,Active,False,Standard
12982,2011-04-11 11:51:00,242.04097222222225,8,2744.81,2,4,4,10,Loyal Customers,True,At Risk,True,High Priority
12983,2010-04-20 12:58:00,597.9944444444444,1,490.08,1,1,2,4,Lost / Low Value,True,At Risk,False,Retention Opportunity
12984,2011-11-21 12:37:00,18.009027777777778,1,97.5,5,1,1,7,Potential Loyalists,False,Active,False,Standard
12985,2011-12-09 10:46:00,0.0861111111111111,2,1239.38,5,2,4,11,Loyal Customers,False,Active,False,Standard
12986,2010-10-07 11:57:00,428.03680555555553,10,2729.84,1,5,4,10,Loyal Customers,True,At Risk,True,High Priority
12987,2011-09-27 12:03:00,73.03263888888888,5,1312.21,3,4,4,11,Loyal Customers,True,At Risk,False,Retention Opportunity
12988,2011-02-20 14:31:00,291.9298611111111,1,505.82,2,1,2,5,At Risk,True,At Risk,False,Retention Opportunity
12989,2011-12-06 15:28:00,2.890277777777778,33,13551.75,5,5,5,15,Champions,False,Active,True,Standard
12990,2011-11-08 13:01:00,30.992361111111112,7,955.5,4,4,3,11,Loyal Customers,False,Active,False,Standard
12991,2011-11-16 15:34:00,22.886111111111116,3,764.82,4,3,3,10,Loyal Customers,False,Active,False,Standard
12992,2009-12-14 16:46:00,724.8361111111111,1,93.35,1,1,1,3,Lost / Low Value,True,At Risk,False,Retention Opportunity
12993,2011-11-16 15:49:00,22.875694444444445,8,1259.63,4,4,4,12,Loyal Customers,False,Active,False,Standard
12994,2011-12-05 15:43:00,3.879861111111111,3,974.42,5,3,3,11,Loyal Customers,False,Active,False,Standard
12995,2011-09-15 15:44:00,84.87916666666666,1,211.32,3,1,1,5,At Risk,True,At Risk,False,Retention Opportunity
12996,2010-11-29 09:27:00,375.1409722222222,1,355.5,2,1,2,5,At Risk,True,At Risk,False,Retention Opportunity
12997,2011-11-17 15:47:00,21.87708333333333,8,2110.91,4,4,4,12,Loyal Customers,False,Active,False,Standard
12998,2010-08-04 08:05:00,492.1979166666667,3,920.08,1,3,3,7,Potential Loyalists,True,At Risk,False,Retention Opportunity
12999,2011-05-27 13:24:00,195.9763888888889,3,455.88,2,3,2,7,Potential Loyalists,True,At Risk,False,Retention Opportunity
13000,2011-08-25 10:43:00,106.08819444444444,4,1032.5,3,3,3,9,Potential Loyalists,True,At Risk,False,Retention Opportunity
13001,2011-12-05 14:51:00,3.9159722222222224,33,24042.65,5,5,5,15,Champions,False,Active,True,Standard
13002,2011-01-25 15:18:00,317.89722222222224,3,414.13,2,3,2,7,Potential Loyalists,True,At Risk,False,Retention Opportunity
13003,2011-08-26 10:50:00,105.08333333333331,3,149.05,3,3,1,7,Potential Loyalists,True,At Risk,False,Retention Opportunity
13004,2011-11-28 11:27:00,11.057638888888889,36,11650.85,5,5,5,15,Champions,False,Active,True,Standard
13005,2011-06-19 10:53:00,173.08125,4,999.68,3,3,3,9,Potential Loyalists,True,At Risk,False,Retention Opportunity
13006,2011-10-14 13:49:00,55.95902777777778,1,81.57,4,1,1,6,At Risk,False,Active,False,Standard
13007,2010-05-09 10:38:00,579.0916666666667,1,175.25,1,1,1,3,Lost / Low Value,True,At Risk,False,Retention Opportunity
13008,2011-01-20 14:24:00,322.9347222222222,3,612.13,2,3,3,8,Potential Loyalists,True,At Risk,False,Retention Opportunity
13009,2010-02-05 12:22:00,672.0194444444444,1,234.0,1,1,1,3,Lost / Low Value,True,At Risk,False,Retention Opportunity
13010,2010-11-30 15:09:00,373.9034722222222,2,330.12,2,2,2,6,At Risk,True,At Risk,False,Retention Opportunity
13011,2010-12-02 17:22:00,371.81111111111113,1,50.55,2,1,1,4,Lost / Low Value,True,At Risk,False,Retention Opportunity
13012,2011-11-30 13:05:00,8.989583333333334,11,2957.83,5,5,5,15,Champions,False,Active,True,Standard
13013,2011-12-08 15:01:00,0.9090277777777778,29,11097.43,5,5,5,15,Champions,False,Active,True,Standard
13014,2011-11-29 12:27:00,10.015972222222222,11,5381.08,5,5,5,15,Champions,False,Active,True,Standard
13015,2011-10-17 13:19:00,52.97986111111111,11,6579.78,4,5,5,14,Champions,False,Active,True,Standard
13016,2011-09-27 14:08:00,72.94583333333334,3,789.89,3,3,3,9,Potential Loyalists,True,At Risk,False,Retention Opportunity
13017,2011-12-02 15:53:00,6.872916666666667,1,204.0,5,1,1,7,Potential Loyalists,False,Active,False,Standard
13018,2011-11-23 13:28:00,15.973611111111111,35,9763.16,5,5,5,15,Champions,False,Active,True,Standard
13019,2010-11-25 14:56:00,378.9125,6,1229.95,2,4,4,10,Loyal Customers,True,At Risk,False,Retention Opportunity
13020,2010-05-26 11:12:00,562.0680555555556,2,618.96,1,2,3,6,At Risk,True,At Risk,False,Retention Opportunity
13021,2011-12-05 16:37:00,3.842361111111111,17,4887.24,5,5,5,15,Champions,False,Active,True,Standard
13022,2010-10-06 10:50:00,429.0833333333333,1,65.3,1,1,1,3,Lost / Low Value,True,At Risk,False,Retention Opportunity
13023,2011-10-06 16:27:00,63.84930555555555,3,1449.03,3,3,4,10,Loyal Customers,True,At Risk,False,Retention Opportunity
13024,2010-08-26 09:42:00,470.13055555555553,2,555.87,1,2,2,5,At Risk,True,At Risk,False,Retention Opportunity
13025,2009-12-08 10:02:00,731.1166666666667,1,323.39,1,1,2,4,Lost / Low Value,True,At Risk,False,Retention Opportunity
13026,2011-12-08 16:58:00,0.8277777777777777,9,1733.08,5,5,4,14,Champions,False,Active,False,Standard
13027,2011-08-18 09:39:00,113.13263888888888,19,17239.2,3,5,5,13,Champions,True,At Risk,True,High Priority
13028,2011-11-17 11:10:00,22.069444444444443,2,661.3199999999999,4,2,3,9,Potential Loyalists,False,Active,False,Standard
13029,2011-11-09 09:13:00,30.150694444444444,5,1927.3,4,4,4,12,Loyal Customers,False,Active,False,Standard
13030,2011-11-28 14:30:00,10.930555555555555,2,752.44,5,2,3,10,Loyal Customers,False,Active,False,Standard
13031,2010-10-28 15:34:00,406.8861111111111,5,3292.84,2,4,5,11,Loyal Customers,True,At Risk,True,High Priority
13032,2011-10-18 15:54:00,51.87222222222222,9,2815.96,4,5,4,13,Champions,False,Active,True,Standard
13033,2010-12-17 14:23:00,356.93541666666664,2,220.55,2,2,1,5,At Risk,True,At Risk,False,Retention Opportunity
13034,2011-10-16 12:21:00,54.02013888888889,3,756.82,4,3,3,10,Loyal Customers,False,Active,False,Standard
13035,2011-09-27 08:57:00,73.16180555555556,3,1364.2,3,3,4,10,Loyal Customers,True,At Risk,False,Retention Opportunity
13036,2010-01-24 11:35:00,684.0520833333334,1,307.1,1,1,2,4,Lost / Low Value,True,At Risk,False,Retention Opportunity
13037,2011-07-24 15:46:00,137.87777777777777,12,3914.95,3,5,5,13,Champions,True,At Risk,True,High Priority
13038,2011-09-20 14:37:00,79.92569444444445,3,908.46,3,3,3,9,Potential Loyalists,True,At Risk,False,Retention Opportunity
13039,2010-05-04 16:45:00,583.8368055555555,4,1010.73,1,3,3,7,Potential Loyalists,True,At Risk,False,Retention Opportunity
13040,2011-12-01 10:38:00,8.091666666666667,2,676.99,5,2,3,10,Loyal Customers,False,Active,False,Standard
13041,2010-09-15 11:44:00,450.04583333333335,4,799.13,1,3,3,7,Potential Loyalists,True,At Risk,False,Retention Opportunity
13042,2010-04-20 13:43:00,597.9631944444444,3,1488.59,1,3,4,8,Potential Loyalists,True,At Risk,False,Retention Opportunity
13043,2011-03-11 14:52:00,272.91527777777776,1,516.42,2,1,2,5,At Risk,True,At Risk,False,Retention Opportunity
13044,2011-02-21 15:20:00,290.8958333333333,11,4848.05,2,5,5,12,Loyal Customers,True,At Risk,True,High Priority
13045,2011-09-01 15:04:00,98.90694444444443,3,808.9200000000001,3,3,3,9,Potential Loyalists,True,At Risk,False,Retention Opportunity
13046,2011-11-09 08:36:00,30.176388888888887,3,949.25,4,3,3,10,Loyal Customers,False,Active,False,Standard
13047,2011-11-08 12:06:00,31.030555555555555,24,8428.53,4,5,5,14,Champions,False,Active,True,Standard
13048,2011-11-25 13:23:00,13.977083333333333,9,4049.13,5,5,5,15,Champions,False,Active,True,Standard
13049,2011-10-06 15:31:00,63.88819444444445,4,1408.24,3,3,4,10,Loyal Customers,True,At Risk,False,Retention Opportunity
13050,2011-11-25 09:18:00,14.147222222222222,35,11986.52,5,5,5,15,Champions,False,Active,True,Standard
13051,2010-05-10 09:14:00,578.15,2,155.8,1,2,1,4,Lost / Low Value,True,At Risk,False,Retention Opportunity
13052,2011-05-11 14:12:00,211.9430555555556,7,3119.33,2,4,5,11,Loyal Customers,True,At Risk,True,High Priority
13053,2010-03-28 11:28:00,621.0569444444444,1,127.65,1,1,1,3,Lost / Low Value,True,At Risk,False,Retention Opportunity
13055,2011-09-22 14:26:00,77.93333333333334,4,2321.11,3,3,4,10,Loyal Customers,True,At Risk,True,High Priority
13056,2010-06-06 14:10:00,550.9444444444445,1,209.48,1,1,1,3,Lost / Low Value,True,At Risk,False,Retention Opportunity
13057,2010-06-27 15:44:00,529.8791666666667,3,709.59,1,3,3,7,Potential Loyalists,True,At Risk,False,Retention Opportunity
13058,2011-11-15 12:43:00,24.00486111111111,3,271.40000000000003,4,3,1,8,Potential Loyalists,False,Active,False,Standard
13059,2011-04-04 10:40:00,249.09027777777777,10,2291.77,2,5,4,11,Loyal Customers,True,At Risk,True,High Priority
13060,2011-03-31 11:37:00,253.05069444444445,1,307.53000000000003,2,1,2,5,At Risk,True,At Risk,False,Retention Opportunity
13061,2011-09-28 16:04:00,71.86527777777778,1,248.61,3,1,1,5,At Risk,True,At Risk,False,Retention Opportunity
13062,2011-06-01 15:12:00,190.9013888888889,1,346.98,2,1,2,5,At Risk,True,At Risk,False,Retention Opportunity
13063,2010-08-16 12:27:00,480.0159722222222,1,188.4,1,1,1,3,Lost / Low Value,True,At Risk,False,Retention Opportunity
13064,2011-11-27 12:31:00,12.013194444444444,6,1666.84,5,4,4,13,Champions,False,Active,False,Standard
13065,2010-12-01 16:52:00,372.8319444444445,5,1055.05,2,4,3,9,Potential Loyalists,True,At Risk,False,Retention Opportunity
13066,2011-11-15 12:57:00,23.99513888888889,2,470.8,4,2,2,8,Potential Loyalists,False,Active,False,Standard
13067,2011-09-18 13:38:00,81.96666666666667,3,508.51,3,3,2,8,Potential Loyalists,True,At Risk,False,Retention Opportunity
13068,2011-11-29 15:00:00,9.90972222222222,2,344.0,5,2,2,9,Potential Loyalists,False,Active,False,Standard
13069,2011-12-09 08:39:00,0.1743055555555555,38,9284.45,5,5,5,15,Champions,False,Active,True,Standard
13070,2011-05-31 13:45:00,191.96180555555557,4,751.7,2,3,3,8,Potential Loyalists,True,At Risk,False,Retention Opportunity
13071,2010-04-06 13:37:00,611.9673611111111,1,129.22,1,1,1,3,Lost / Low Value,True,At Risk,False,Retention Opportunity
13072,2011-03-18 08:12:00,266.1930555555556,1,177.15,2,1,1,4,Lost / Low Value,True,At Risk,False,Retention Opportunity
13073,2010-10-24 14:06:00,410.9472222222222,2,418.08,1,2,2,5,At Risk,True,At Risk,False,Retention Opportunity
13074,2010-07-16 16:53:00,510.83125,4,1378.74,1,3,4,8,Potential Loyalists,True,At Risk,False,Retention Opportunity
13075,2011-08-02 10:19:00,129.10486111111112,1,919.61,3,1,3,7,Potential Loyalists,True,At Risk,False,Retention Opportunity
13076,2010-09-08 10:27:00,457.09930555555553,1,135.4,1,1,1,3,Lost / Low Value,True,At Risk,False,Retention Opportunity
13077,2011-12-08 19:24:00,0.7263888888888889,11,2740.65,5,5,4,14,Champions,False,Active,True,Standard
13078,2011-12-06 15:36:00,2.8847222222222224,57,29018.06,5,5,5,15,Champions,False,Active,True,Standard
13079,2011-12-05 16:53:00,3.83125,6,419.18,5,4,2,11,Loyal Customers,False,Active,False,Standard
13080,2011-06-13 14:59:00,178.91041666666666,4,280.73,3,3,1,7,Potential Loyalists,True,At Risk,False,Retention Opportunity
13081,2011-11-28 10:54:00,11.080555555555556,28,56838.37,5,5,5,15,Champions,False,Active,True,Standard
13082,2011-08-05 16:16:00,125.85694444444444,21,7335.75,3,5,5,13,Champions,True,At Risk,True,High Priority
13083,2011-12-05 15:01:00,3.9090277777777778,3,395.43,5,3,2,10,Loyal Customers,False,Active,False,Standard
13084,2010-08-05 08:49:00,491.1673611111111,1,122.4,1,1,1,3,Lost / Low Value,True,At Risk,False,Retention Opportunity
13085,2011-07-05 12:11:00,157.02708333333334,8,2433.28,3,4,4,11,Loyal Customers,True,At Risk,True,High Priority
13086,2010-11-22 10:28:00,382.0986111111111,1,439.33,2,1,2,5,At Risk,True,At Risk,False,Retention Opportunity
13087,2009-12-13 15:16:00,725.8986111111111,1,313.64,1,1,2,4,Lost / Low Value,True,At Risk,False,Retention Opportunity
13088,2010-10-18 15:35:00,416.8854166666667,1,236.11,1,1,1,3,Lost / Low Value,True,At Risk,False,Retention Opportunity
13089,2011-12-07 09:02:00,2.158333333333333,203,113416.91,5,5,5,15,Champions,False,Active,True,Standard
13090,2011-12-01 12:39:00,8.00763888888889,24,13091.74,5,5,5,15,Champions,False,Active,True,Standard
13091,2011-11-11 15:54:00,27.872222222222224,3,2321.82,4,3,4,11,Loyal Customers,False,Active,True,Standard
13092,2011-09-30 11:18:00,70.06388888888888,12,2140.28,3,5,4,12,Loyal Customers,True,At Risk,False,Retention Opportunity
13093,2011-03-09 12:14:00,275.025,55,54144.25,2,5,5,12,Loyal Customers,True,At Risk,True,High Priority
13094,2011-11-18 14:07:00,20.946527777777774,13,2209.44,4,5,4,13,Champions,False,Active,False,Standard
13095,2011-09-30 12:03:00,70.03263888888888,1,74.39999999999999,3,1,1,5,At Risk,True,At Risk,False,Retention Opportunity
13096,2010-11-10 14:08:00,393.9458333333333,1,419.7000000000001,2,1,2,5,At Risk,True,At Risk,False,Retention Opportunity
13097,2011-11-07 10:43:00,32.08819444444445,28,13324.1,4,5,5,14,Champions,False,Active,True,Standard
13098,2011-12-08 14:14:00,0.9416666666666668,28,28882.44,5,5,5,15,Champions,False,Active,True,Standard
13099,2011-09-01 17:40:00,98.79861111111111,1,207.36,3,1,1,5,At Risk,True,At Risk,False,Retention Opportunity
13101,2011-04-19 14:37:00,233.92569444444445,4,695.4,2,3,3,8,Potential Loyalists,True,At Risk,False,Retention Opportunity
13102,2011-12-08 12:52:00,0.9986111111111112,37,11380.1,5,5,5,15,Champions,False,Active,True,Standard
13103,2011-10-31 09:38:00,39.13333333333333,3,709.64,4,3,3,10,Loyal Customers,False,Active,False,Standard
13104,2011-12-06 13:10:00,2.986111111111111,9,1709.1,5,5,4,14,Champions,False,Active,False,Standard
13105,2010-09-29 13:41:00,435.9645833333333,1,72.0,1,1,1,3,Lost / Low Value,True,At Risk,False,Retention Opportunity
13106,2011-07-29 15:12:00,132.9013888888889,2,603.46,3,2,2,7,Potential Loyalists,True,At Risk,False,Retention Opportunity
13107,2011-10-26 14:52:00,43.915277777777774,9,5253.07,4,5,5,14,Champions,False,Active,True,Standard
13108,2010-12-02 10:35:00,372.09375,2,748.46,2,2,3,7,Potential Loyalists,True,At Risk,False,Retention Opportunity
13109,2011-10-11 10:16:00,59.10694444444445,3,1134.03,3,3,3,9,Potential Loyalists,False,Active,False,Standard
13110,2011-11-08 14:30:00,30.93055555555556,12,2957.4700000000003,4,5,5,14,Champions,False,Active,True,Standard
13111,2009-12-21 09:00:00,718.1597222222222,1,321.88000000000005,1,1,2,4,Lost / Low Value,True,At Risk,False,Retention Opportunity
13112,2010-06-16 17:03:00,540.8243055555556,1,20.6,1,1,1,3,Lost / Low Value,True,At Risk,False,Retention Opportunity
13113,2011-12-09 12:49:00,0.0006944444444444,37,18230.07,5,5,5,15,Champions,False,Active,True,Standard
13114,2009-12-09 09:56:00,730.1208333333333,1,234.38,1,1,1,3,Lost / Low Value,True,At Risk,False,Retention Opportunity
13115,2011-11-28 12:38:00,11.008333333333333,10,5494.7,5,5,5,15,Champions,False,Active,True,Standard
13116,2011-07-24 14:33:00,137.9284722222222,1,501.14,3,1,2,6,At Risk,True,At Risk,False,Retention Opportunity
13117,2011-11-18 12:02:00,21.03333333333333,18,2255.66,4,5,4,13,Champions,False,Active,True,Standard
13118,2011-11-20 12:46:00,19.002777777777776,9,2415.41,4,5,4,13,Champions,False,Active,True,Standard
13119,2010-02-09 08:38:00,668.175,1,134.9,1,1,1,3,Lost / Low Value,True,At Risk,False,Retention Opportunity
13120,2011-04-15 10:19:00,238.10486111111112,1,30.6,2,1,1,4,Lost / Low Value,True,At Risk,False,Retention Opportunity
13121,2011-03-15 16:47:00,268.8354166666667,1,283.73,2,1,1,4,Lost / Low Value,True,At Risk,False,Retention Opportunity
13122,2011-09-06 15:53:00,93.87291666666668,2,922.39,3,2,3,8,Potential Loyalists,True,At Risk,False,Retention Opportunity
13123,2010-08-24 10:18:00,472.1055555555556,2,506.75,1,2,2,5,At Risk,True,At Risk,False,Retention Opportunity
13124,2011-09-11 12:45:00,89.00347222222223,4,4641.66,3,3,5,11,Loyal Customers,True,At Risk,True,High Priority
13125,2010-07-04 11:58:00,523.0361111111112,1,148.62,1,1,1,3,Lost / Low Value,True,At Risk,False,Retention Opportunity
13126,2011-12-05 10:00:00,4.118055555555555,13,3774.81,5,5,5,15,Champions,False,Active,True,Standard
13127,2011-09-23 10:26:00,77.1,1,259.17,3,1,1,5,At Risk,True,At Risk,False,Retention Opportunity
13128,2010-03-18 15:08:00,630.9041666666667,1,263.5,1,1,1,3,Lost / Low Value,True,At Risk,False,Retention Opportunity
13129,2010-09-13 13:47:00,451.9604166666667,2,233.25,1,2,1,4,Lost / Low Value,True,At Risk,False,Retention Opportunity
13130,2011-09-06 15:30:00,93.88888888888889,1,64.0,3,1,1,5,At Risk,True,At Risk,False,Retention Opportunity
13131,2011-11-16 13:21:00,22.978472222222223,7,3313.77,4,4,5,13,Champions,False,Active,True,Standard
13132,2011-03-23 12:44:00,261.00416666666666,1,77.3,2,1,1,4,Lost / Low Value,True,At Risk,False,Retention Opportunity
13133,2011-03-11 10:31:00,273.0965277777778,3,200.45,2,3,1,6,At Risk,True,At Risk,False,Retention Opportunity
13134,2011-09-15 10:35:00,85.09375,6,2475.23,3,4,4,11,Loyal Customers,True,At Risk,True,High Priority
13135,2011-05-27 10:52:00,196.08194444444445,2,3371.45,2,2,5,9,Potential Loyalists,True,At Risk,True,High Priority
13136,2011-10-14 13:41:00,55.96458333333333,13,6274.56,4,5,5,14,Champions,False,Active,True,Standard
13137,2011-11-29 12:09:00,10.028472222222222,16,7586.94,5,5,5,15,Champions,False,Active,True,Standard
13138,2011-11-17 16:51:00,21.832638888888887,7,1274.01,4,4,4,12,Loyal Customers,False,Active,False,Standard
13139,2011-11-23 13:54:00,15.955555555555556,8,8202.98,5,4,5,14,Champions,False,Active,True,Standard
13140,2011-08-23 15:33:00,107.88680555555555,5,1054.92,3,4,3,10,Loyal Customers,True,At Risk,False,Retention Opportunity
13141,2011-09-16 09:54:00,84.12222222222222,17,7656.08,3,5,5,13,Champions,True,At Risk,True,High Priority
13142,2011-11-20 16:07:00,18.86319444444445,1,307.09000000000003,5,1,2,8,Potential Loyalists,False,Active,False,Standard
13143,2010-05-04 12:22:00,584.0194444444444,1,405.1,1,1,2,4,Lost / Low Value,True,At Risk,False,Retention Opportunity
13144,2011-01-11 11:15:00,332.06597222222223,2,135.35,2,2,1,5,At Risk,True,At Risk,False,Retention Opportunity
13145,2011-10-31 12:45:00,39.00347222222222,7,1128.52,4,4,3,11,Loyal Customers,False,Active,False,Standard
13146,2011-11-13 15:29:00,25.88958333333333,1,228.91,4,1,1,6,At Risk,False,Active,False,Standard
13147,2011-11-29 13:59:00,9.952083333333333,4,712.8,5,3,3,11,Loyal Customers,False,Active,False,Standard
13148,2011-11-10 15:23:00,28.89375,26,8497.82,4,5,5,14,Champions,False,Active,True,Standard
13149,2011-11-25 13:09:00,13.986805555555556,4,1676.06,5,3,4,12,Loyal Customers,False,Active,False,Standard
13150,2010-08-12 12:59:00,483.99375,3,449.97,1,3,2,6,At Risk,True,At Risk,False,Retention Opportunity
13151,2011-02-17 12:29:00,295.0145833333333,3,2465.21,2,3,4,9,Potential Loyalists,True,At Risk,True,High Priority
13152,2010-10-18 13:44:00,416.9625,7,2146.38,1,4,4,9,Potential Loyalists,True,At Risk,False,Retention Opportunity
13153,2011-12-04 12:14:00,5.025,1,486.22,5,1,2,8,Potential Loyalists,False,Active,False,Standard
13154,2010-11-05 16:00:00,398.86805555555554,3,1624.84,2,3,4,9,Potential Loyalists,True,At Risk,False,Retention Opportunity
13155,2011-11-06 15:41:00,32.88125,6,1370.48,4,4,4,12,Loyal Customers,False,Active,False,Standard
13156,2010-11-19 13:09:00,384.9868055555556,3,1586.54,2,3,4,9,Potential Loyalists,True,At Risk,False,Retention Opportunity
13157,2011-10-21 13:50:00,48.958333333333336,9,5687.36,4,5,5,14,Champions,False,Active,True,Standard
13158,2011-09-06 11:58:00,94.03611111111113,5,1508.18,3,4,4,11,Loyal Customers,True,At Risk,False,Retention Opportunity
13159,2011-12-01 11:20:00,8.0625,4,1429.35,5,3,4,12,Loyal Customers,False,Active,False,Standard
13160,2011-11-17 13:07:00,21.98819444444445,1,91.8,4,1,1,6,At Risk,False,Active,False,Standard
13161,2011-01-30 14:03:00,312.94930555555555,2,472.13,2,2,2,6,At Risk,True,At Risk,False,Retention Opportunity
13162,2011-08-09 15:59:00,121.86875,16,9275.49,3,5,5,13,Champions,True,At Risk,True,High Priority
13163,2010-04-08 16:21:00,609.8534722222222,1,17.65,1,1,1,3,Lost / Low Value,True,At Risk,False,Retention Opportunity
13164,2010-05-19 13:52:00,568.9569444444444,2,372.2,1,2,2,5,At Risk,True,At Risk,False,Retention Opportunity
13165,2011-10-24 15:05:00,45.90625,3,1451.16,4,3,4,11,Loyal Customers,False,Active,False,Standard
13166,2011-03-01 15:16:00,282.8986111111111,2,875.93,2,2,3,7,Potential Loyalists,True,At Risk,False,Retention Opportunity
13167,2011-11-21 12:24:00,18.01805555555556,5,1125.15,5,4,3,12,Loyal Customers,False,Active,False,Standard
13168,2011-11-03 12:56:00,35.99583333333333,5,1840.73,4,4,4,12,Loyal Customers,False,Active,False,Standard
13169,2011-10-07 12:11:00,63.02708333333333,3,840.08,3,3,3,9,Potential Loyalists,True,At Risk,False,Retention Opportunity
13170,2011-11-13 12:19:00,26.021527777777777,1,108.81,4,1,1,6,At Risk,False,Active,False,Standard
13171,2011-11-18 10:27:00,21.09930555555556,3,468.41,4,3,2,9,Potential Loyalists,False,Active,False,Standard
13172,2010-11-04 15:10:00,399.90277777777777,1,69.6,2,1,1,4,Lost / Low Value,True,At Risk,False,Retention Opportunity
13173,2011-12-05 15:51:00,3.874305555555555,11,2399.82,5,5,4,14,Champions,False,Active,True,Standard
13174,2011-11-23 14:35:00,15.927083333333334,12,7995.36,5,5,5,15,Champions,False,Active,True,Standard
13175,2010-05-06 13:13:00,581.9840277777778,2,831.45,1,2,3,6,At Risk,True,At Risk,False,Retention Opportunity
13176,2011-10-24 15:43:00,45.87986111111111,1,481.49,4,1,2,7,Potential Loyalists,False,Active,False,Standard
13177,2011-10-06 09:56:00,64.12083333333334,2,512.2,3,2,2,7,Potential Loyalists,True,At Risk,False,Retention Opportunity
13178,2011-11-13 16:14:00,25.85833333333333,21,14059.19,4,5,5,14,Champions,False,Active,True,Standard
13179,2010-03-31 11:40:00,618.0486111111111,1,572.3100000000001,1,1,2,4,Lost / Low Value,True,At Risk,False,Retention Opportunity
13180,2010-04-11 13:37:00,606.9673611111111,1,86.10000000000001,1,1,1,3,Lost / Low Value,True,At Risk,False,Retention Opportunity
13181,2010-11-23 15:05:00,380.90625,1,359.69,2,1,2,5,At Risk,True,At Risk,False,Retention Opportunity
13182,2011-10-25 13:46:00,44.96111111111111,1,121.18,4,1,1,6,At Risk,False,Active,False,Standard
13183,2011-12-02 10:30:00,7.097222222222222,15,7036.18,5,5,5,15,Champions,False,Active,True,Standard
13184,2011-11-25 12:02:00,14.033333333333331,10,1668.95,5,5,4,14,Champions,False,Active,False,Standard
13185,2011-03-17 11:56:00,267.0375,1,71.4,2,1,1,4,Lost / Low Value,True,At Risk,False,Retention Opportunity
13186,2011-10-31 11:40:00,39.04861111111112,3,1575.89,4,3,4,11,Loyal Customers,False,Active,False,Standard
13187,2011-01-06 18:57:00,336.7451388888889,4,341.36,2,3,2,7,Potential Loyalists,True,At Risk,False,Retention Opportunity
13188,2011-11-28 15:28:00,10.890277777777778,1,114.6,5,1,1,7,Potential Loyalists,False,Active,False,Standard
13189,2011-11-21 10:39:00,18.090972222222224,2,260.68,5,2,1,8,Potential Loyalists,False,Active,False,Standard
13190,2010-06-13 15:47:00,543.8770833333333,3,570.66,1,3,2,6,At Risk,True,At Risk,False,Retention Opportunity
13191,2010-02-19 17:02:00,657.825,1,164.69,1,1,1,3,Lost / Low Value,True,At Risk,False,Retention Opportunity
13192,2011-09-05 14:13:00,94.94236111111113,6,2558.58,3,4,4,11,Loyal Customers,True,At Risk,True,High Priority
13193,2011-10-09 14:30:00,60.93055555555556,1,112.08,3,1,1,5,At Risk,True,At Risk,False,Retention Opportunity
13194,2011-07-27 09:01:00,135.15902777777777,2,472.78,3,2,2,7,Potential Loyalists,True,At Risk,False,Retention Opportunity
13195,2010-10-21 13:07:00,413.9881944444445,1,136.73,1,1,1,3,Lost / Low Value,True,At Risk,False,Retention Opportunity
13196,2011-11-28 13:54:00,10.955555555555556,7,3068.84,5,4,5,14,Champions,False,Active,True,Standard
13197,2010-04-09 09:14:00,609.15,1,373.0100000000001,1,1,2,4,Lost / Low Value,True,At Risk,False,Retention Opportunity
13198,2011-11-29 15:17:00,9.897916666666667,8,4974.2300000000005,5,4,5,14,Champions,False,Active,True,Standard
13199,2011-12-06 12:30:00,3.013888888888889,67,15964.21,5,5,5,15,Champions,False,Active,True,Standard
13200,2011-11-20 15:35:00,18.885416666666668,4,870.09,5,3,3,11,Loyal Customers,False,Active,False,Standard
13201,2010-07-25 14:30:00,501.93055555555554,4,1233.06,1,3,4,8,Potential Loyalists,True,At Risk,False,Retention Opportunity
13202,2010-11-10 16:24:00,393.8513888888889,7,1580.3,2,4,4,10,Loyal Customers,True,At Risk,False,Retention Opportunity
13203,2011-11-30 10:45:00,9.086805555555555,10,2648.25,5,5,4,14,Champions,False,Active,True,Standard
13204,2009-12-08 14:56:00,730.9125,1,966.66,1,1,3,5,At Risk,True,At Risk,False,Retention Opportunity
13205,2010-09-22 16:26:00,442.85,1,2803.2,1,1,4,6,At Risk,True,At Risk,True,High Priority
13206,2010-11-04 16:50:00,399.8333333333333,13,8308.19,2,5,5,12,Loyal Customers,True,At Risk,True,High Priority
13207,2011-11-24 14:52:00,14.915277777777778,4,535.86,5,3,2,10,Loyal Customers,False,Active,False,Standard
13208,2011-10-12 09:54:00,58.12222222222222,9,1976.3,4,5,4,13,Champions,False,Active,False,Standard
13209,2011-11-09 13:54:00,29.95555555555556,13,8509.51,4,5,5,14,Champions,False,Active,True,Standard
13210,2011-09-07 08:18:00,93.18888888888888,1,353.48,3,1,2,6,At Risk,True,At Risk,False,Retention Opportunity
13211,2011-11-29 14:43:00,9.921527777777778,10,2618.77,5,5,4,14,Champions,False,Active,True,Standard
13212,2011-11-20 12:40:00,19.006944444444443,3,786.83,4,3,3,10,Loyal Customers,False,Active,False,Standard
13213,2011-10-14 11:42:00,56.047222222222224,11,3851.52,4,5,5,14,Champions,False,Active,True,Standard
13214,2010-10-18 10:00:00,417.11805555555554,7,3264.23,1,4,5,10,Loyal Customers,True,At Risk,True,High Priority
13215,2010-11-02 18:26:00,401.76666666666665,1,81.6,2,1,1,4,Lost / Low Value,True,At Risk,False,Retention Opportunity
13216,2011-03-17 12:18:00,267.02222222222224,1,333.74,2,1,2,5,At Risk,True,At Risk,False,Retention Opportunity
13217,2011-08-09 15:32:00,121.8875,4,666.48,3,3,3,9,Potential Loyalists,True,At Risk,False,Retention Opportunity
13218,2011-08-04 16:59:00,126.82708333333332,1,62.64,3,1,1,5,At Risk,True,At Risk,False,Retention Opportunity
13219,2010-03-31 14:18:00,617.9388888888889,1,76.23,1,1,1,3,Lost / Low Value,True,At Risk,False,Retention Opportunity
13220,2011-09-22 13:38:00,77.96666666666667,5,1336.09,3,4,4,11,Loyal Customers,True,At Risk,False,Retention Opportunity
13221,2011-04-13 16:58:00,239.82777777777775,2,847.41,2,2,3,7,Potential Loyalists,True,At Risk,False,Retention Opportunity
13222,2010-05-11 13:54:00,576.9555555555555,1,88.5,1,1,1,3,Lost / Low Value,True,At Risk,False,Retention Opportunity
13223,2011-05-23 13:03:00,199.9909722222222,6,969.12,2,4,3,9,Potential Loyalists,True,At Risk,False,Retention Opportunity
13224,2011-10-10 14:55:00,59.91319444444444,2,2155.95,3,2,4,9,Potential Loyalists,False,Active,False,Standard
13225,2011-12-06 13:29:00,2.972916666666667,16,16260.07,5,5,5,15,Champions,False,Active,True,Standard
13226,2011-03-11 14:35:00,272.9270833333333,2,312.46,2,2,2,6,At Risk,True,At Risk,False,Retention Opportunity
13227,2011-05-22 11:47:00,201.04375,1,257.7,2,1,1,4,Lost / Low Value,True,At Risk,False,Retention Opportunity
13228,2011-09-19 14:28:00,80.93194444444444,1,358.0,3,1,2,6,At Risk,True,At Risk,False,Retention Opportunity
13229,2011-04-28 12:07:00,225.0298611111111,1,160.95,2,1,1,4,Lost / Low Value,True,At Risk,False,Retention Opportunity
13230,2011-12-05 16:03:00,3.865972222222222,30,6120.01,5,5,5,15,Champions,False,Active,True,Standard
13232,2011-11-27 10:39:00,12.090972222222222,7,1328.35,5,4,4,13,Champions,False,Active,False,Standard
13233,2011-09-26 13:25:00,73.97569444444444,4,1176.46,3,3,3,9,Potential Loyalists,True,At Risk,False,Retention Opportunity
13234,2010-02-05 11:41:00,672.0479166666667,2,346.5,1,2,2,5,At Risk,True,At Risk,False,Retention Opportunity
13235,2011-05-11 17:13:00,211.8173611111111,1,1031.07,2,1,3,6,At Risk,True,At Risk,False,Retention Opportunity
13236,2011-11-15 12:50:00,24.0,2,744.85,4,2,3,9,Potential Loyalists,False,Active,False,Standard
13237,2010-11-17 10:07:00,387.1131944444445,1,643.0,2,1,3,6,At Risk,True,At Risk,False,Retention Opportunity
13238,2011-11-22 15:37:00,16.884027777777778,6,1006.63,5,4,3,12,Loyal Customers,False,Active,False,Standard
13239,2011-03-23 10:25:00,261.10069444444446,5,1594.69,2,4,4,10,Loyal Customers,True,At Risk,False,Retention Opportunity
13240,2011-09-04 14:08:00,95.94583333333334,8,1475.79,3,4,4,11,Loyal Customers,True,At Risk,False,Retention Opportunity
13241,2010-10-24 11:17:00,411.06458333333336,1,112.53,1,1,1,3,Lost / Low Value,True,At Risk,False,Retention Opportunity
13242,2011-08-19 12:53:00,111.99791666666668,7,699.4,3,4,3,10,Loyal Customers,True,At Risk,False,Retention Opportunity
13243,2011-05-20 13:14:00,202.9833333333333,5,1220.38,2,4,3,9,Potential Loyalists,True,At Risk,False,Retention Opportunity
13244,2011-09-08 11:46:00,92.04444444444444,1,121.74,3,1,1,5,At Risk,True,At Risk,False,Retention Opportunity
13245,2011-10-20 11:40:00,50.04861111111112,2,989.22,4,2,3,9,Potential Loyalists,False,Active,False,Standard
13246,2011-11-21 16:50:00,17.833333333333332,11,3351.75,5,5,5,15,Champions,False,Active,True,Standard
13247,2011-11-22 10:59:00,17.077083333333334,4,501.12,5,3,2,10,Loyal Customers,False,Active,False,Standard
13248,2011-08-07 12:40:00,124.00694444444444,2,465.68,3,2,2,7,Potential Loyalists,True,At Risk,False,Retention Opportunity
13249,2011-09-08 13:26:00,91.975,9,1608.9299999999998,3,5,4,12,Loyal Customers,True,At Risk,False,Retention Opportunity
13250,2010-09-05 11:33:00,460.05347222222224,2,253.09,1,2,1,4,Lost / Low Value,True,At Risk,False,Retention Opportunity
13251,2010-11-02 13:20:00,401.9791666666667,1,252.68,2,1,1,4,Lost / Low Value,True,At Risk,False,Retention Opportunity
13252,2010-11-10 16:00:00,393.86805555555554,2,399.3,2,2,2,6,At Risk,True,At Risk,False,Retention Opportunity
13253,2011-07-06 10:09:00,156.11180555555555,4,2951.11,3,3,5,11,Loyal Customers,True,At Risk,True,High Priority
13254,2010-11-28 15:42:00,375.88055555555553,1,51.41,2,1,1,4,Lost / Low Value,True,At Risk,False,Retention Opportunity
13255,2011-11-30 13:14:00,8.983333333333333,3,678.76,5,3,3,11,Loyal Customers,False,Active,False,Standard
13257,2010-09-29 14:58:00,435.9111111111111,1,149.75,1,1,1,3,Lost / Low Value,True,At Risk,False,Retention Opportunity
13258,2011-11-28 09:31:00,11.138194444444444,5,1009.43,5,4,3,12,Loyal Customers,False,Active,False,Standard
13259,2011-10-09 10:48:00,61.08472222222223,9,1402.54,3,5,4,12,Loyal Customers,True,At Risk,False,Retention Opportunity
13260,2011-10-09 13:21:00,60.97847222222222,1,557.62,3,1,2,6,At Risk,True,At Risk,False,Retention Opportunity
13261,2011-03-16 12:22:00,268.01944444444445,2,944.1,2,2,3,7,Potential Loyalists,True,At Risk,False,Retention Opportunity
13262,2011-03-21 15:06:00,262.9055555555556,3,573.45,2,3,2,7,Potential Loyalists,True,At Risk,False,Retention Opportunity
13263,2011-12-08 13:59:00,0.9520833333333332,39,8676.2,5,5,5,15,Champions,False,Active,True,Standard
13264,2010-09-23 12:42:00,442.00555555555553,1,722.5600000000001,1,1,3,5,At Risk,True,At Risk,False,Retention Opportunity
13265,2011-10-17 15:02:00,52.90833333333333,5,2092.66,4,4,4,12,Loyal Customers,False,Active,False,Standard
13266,2011-11-28 14:39:00,10.924305555555556,19,6135.04,5,5,5,15,Champions,False,Active,True,Standard
13267,2011-12-07 11:12:00,2.0680555555555555,36,9429.81,5,5,5,15,Champions,False,Active,True,Standard
13268,2011-11-22 11:51:00,17.040972222222223,11,3174.75,5,5,5,15,Champions,False,Active,True,Standard
13269,2011-12-08 14:53:00,0.9145833333333332,28,8537.32,5,5,5,15,Champions,False,Active,True,Standard
13270,2010-12-08 14:53:00,365.9145833333333,1,590.0,2,1,2,5,At Risk,True,At Risk,False,Retention Opportunity
13271,2011-11-02 14:31:00,36.92986111111111,1,211.49,4,1,1,6,At Risk,False,Active,False,Standard
13272,2011-11-08 14:00:00,30.95138888888889,2,276.56,4,2,1,7,Potential Loyalists,False,Active,False,Standard
13273,2011-08-18 14:02:00,112.95,1,138.98,3,1,1,5,At Risk,True,At Risk,False,Retention Opportunity
13274,2010-10-26 13:48:00,408.95972222222224,1,360.85,2,1,2,5,At Risk,True,At Risk,False,Retention Opportunity
13275,2010-11-21 12:09:00,383.0284722222222,2,238.86,2,2,1,5,At Risk,True,At Risk,False,Retention Opportunity
13276,2011-10-07 12:44:00,63.00416666666667,5,1891.91,3,4,4,11,Loyal Customers,True,At Risk,False,Retention Opportunity
13277,2011-11-24 09:21:00,15.145138888888887,7,523.3,5,4,2,11,Loyal Customers,False,Active,False,Standard
13278,2011-10-30 11:49:00,40.04236111111111,4,1435.85,4,3,4,11,Loyal Customers,False,Active,False,Standard
13279,2011-09-22 17:24:00,77.80972222222222,1,137.75,3,1,1,5,At Risk,True,At Risk,False,Retention Opportunity
13280,2011-08-09 13:14:00,121.98333333333332,7,2293.33,3,4,4,11,Loyal Customers,True,At Risk,True,High Priority
13281,2010-09-26 16:03:00,438.86597222222224,1,350.85,1,1,2,4,Lost / Low Value,True,At Risk,False,Retention Opportunity
13282,2011-11-21 15:33:00,17.886805555555554,4,1313.19,5,3,4,12,Loyal Customers,False,Active,False,Standard
13283,2011-10-11 09:50:00,59.125,4,373.36,3,3,2,8,Potential Loyalists,False,Active,False,Standard
13284,2011-01-13 09:23:00,330.14375,1,201.19,2,1,1,4,Lost / Low Value,True,At Risk,False,Retention Opportunity
13285,2011-11-16 13:19:00,22.979861111111116,6,3364.59,4,4,5,13,Champions,False,Active,True,Standard
13286,2010-04-18 15:35:00,599.8854166666666,1,734.91,1,1,3,5,At Risk,True,At Risk,False,Retention Opportunity
13287,2010-04-15 15:26:00,602.8916666666667,3,781.59,1,3,3,7,Potential Loyalists,True,At Risk,False,Retention Opportunity
13288,2010-09-22 16:32:00,442.84583333333336,5,927.61,1,4,3,8,Potential Loyalists,True,At Risk,False,Retention Opportunity
13289,2009-12-16 11:53:00,723.0395833333333,1,307.95,1,1,2,4,Lost / Low Value,True,At Risk,False,Retention Opportunity
13290,2010-09-27 16:29:00,437.84791666666666,1,208.63,1,1,1,3,Lost / Low Value,True,At Risk,False,Retention Opportunity
13291,2011-07-07 10:36:00,155.09305555555557,11,3270.79,3,5,5,13,Champions,True,At Risk,True,High Priority
13292,2011-11-01 10:04:00,38.11527777777778,5,994.51,4,4,3,11,Loyal Customers,False,Active,False,Standard
13293,2010-11-12 13:28:00,391.9736111111111,6,1192.94,2,4,3,9,Potential Loyalists,True,At Risk,False,Retention Opportunity
13294,2011-06-03 08:54:00,189.1638888888889,3,1689.53,2,3,4,9,Potential Loyalists,True,At Risk,False,Retention Opportunity
13295,2010-12-15 11:21:00,359.0618055555556,4,1101.97,2,3,3,8,Potential Loyalists,True,At Risk,False,Retention Opportunity
13296,2011-07-25 13:46:00,136.9611111111111,6,792.51,3,4,3,10,Loyal Customers,True,At Risk,False,Retention Opportunity
13297,2011-12-02 09:32:00,7.1375,7,4368.62,5,4,5,14,Champions,False,Active,True,Standard
13298,2011-12-08 13:11:00,0.9854166666666668,1,360.0,5,1,2,8,Potential Loyalists,False,Active,False,Standard
13299,2011-03-16 12:55:00,267.99652777777777,3,1218.7,2,3,3,8,Potential Loyalists,True,At Risk,False,Retention Opportunity
13300,2011-06-23 13:09:00,168.98680555555555,3,1285.51,3,3,4,10,Loyal Customers,True,At Risk,False,Retention Opportunity
13301,2011-08-28 11:25:00,103.05902777777776,4,618.09,3,3,3,9,Potential Loyalists,True,At Risk,False,Retention Opportunity
13302,2011-07-07 17:56:00,154.7875,2,159.2,3,2,1,6,At Risk,True,At Risk,False,Retention Opportunity
13303,2010-11-04 14:55:00,399.91319444444446,1,61.72,2,1,1,4,Lost / Low Value,True,At Risk,False,Retention Opportunity
13304,2010-12-23 14:35:00,350.9270833333333,4,1217.99,2,3,3,8,Potential Loyalists,True,At Risk,False,Retention Opportunity
13305,2011-12-05 15:15:00,3.8993055555555554,16,3616.41,5,5,5,15,Champions,False,Active,True,Standard
13306,2010-10-05 14:55:00,429.91319444444446,1,53.65,1,1,1,3,Lost / Low Value,True,At Risk,False,Retention Opportunity
13307,2011-08-11 17:14:00,119.81666666666666,3,273.34,3,3,1,7,Potential Loyalists,True,At Risk,False,Retention Opportunity
13308,2011-11-17 09:31:00,22.138194444444444,4,1670.37,4,3,4,11,Loyal Customers,False,Active,False,Standard
13309,2011-12-02 16:34:00,6.844444444444444,6,1706.37,5,4,4,13,Champions,False,Active,False,Standard
13310,2011-11-11 17:23:00,27.810416666666665,5,1541.2,4,4,4,12,Loyal Customers,False,Active,False,Standard
13311,2011-12-05 12:55:00,3.9965277777777777,2,598.57,5,2,2,9,Potential Loyalists,False,Active,False,Standard
13312,2010-09-14 14:36:00,450.9263888888889,1,124.75,1,1,1,3,Lost / Low Value,True,At Risk,False,Retention Opportunity
13313,2011-11-17 16:48:00,21.834722222222226,12,3445.32,4,5,5,14,Champions,False,Active,True,Standard
13314,2011-12-08 12:29:00,1.0145833333333334,3,775.94,5,3,3,11,Loyal Customers,False,Active,False,Standard
13315,2010-01-19 15:34:00,688.8861111111111,1,310.26000000000005,1,1,2,4,Lost / Low Value,True,At Risk,False,Retention Opportunity
13316,2011-11-02 13:40:00,36.96527777777778,10,12940.82,4,5,5,14,Champions,False,Active,True,Standard
13317,2011-10-04 13:35:00,65.96875,19,6486.091,3,5,5,13,Champions,True,At Risk,True,High Priority
13318,2011-12-08 18:51:00,0.7493055555555556,3,640.76,5,3,3,11,Loyal Customers,False,Active,False,Standard
13319,2011-12-04 13:34:00,4.969444444444444,58,21323.22,5,5,5,15,Champions,False,Active,True,Standard
13320,2011-09-22 18:07:00,77.77986111111112,6,2211.6,3,4,4,11,Loyal Customers,True,At Risk,False,Retention Opportunity
13321,2011-09-28 15:24:00,71.89305555555555,2,567.36,3,2,2,7,Potential Loyalists,True,At Risk,False,Retention Opportunity
13322,2011-11-22 14:21:00,16.936805555555555,1,199.48,5,1,1,7,Potential Loyalists,False,Active,False,Standard
13323,2011-12-06 17:12:00,2.8180555555555555,5,787.85,5,4,3,12,Loyal Customers,False,Active,False,Standard
13324,2011-11-03 16:28:00,35.84861111111111,18,10513.47,4,5,5,14,Champions,False,Active,True,Standard
13325,2011-09-19 10:36:00,81.09305555555555,1,675.3,3,1,3,7,Potential Loyalists,True,At Risk,False,Retention Opportunity
13326,2010-10-03 16:00:00,431.86805555555554,1,281.76,1,1,1,3,Lost / Low Value,True,At Risk,False,Retention Opportunity
13327,2011-11-01 10:21:00,38.10347222222222,20,9134.48,4,5,5,14,Champions,False,Active,True,Standard
13328,2011-01-27 15:22:00,315.89444444444445,1,1308.48,2,1,4,7,Potential Loyalists,True,At Risk,False,Retention Opportunity
13329,2011-11-08 10:29:00,31.097916666666663,8,4808.77,4,4,5,13,Champions,False,Active,True,Standard
13330,2011-09-08 12:27:00,92.01597222222222,6,2796.1,3,4,4,11,Loyal Customers,True,At Risk,True,High Priority
13331,2010-11-03 08:04:00,401.1986111111111,1,262.4,2,1,1,4,Lost / Low Value,True,At Risk,False,Retention Opportunity
13332,2011-11-25 13:30:00,13.97222222222222,1,350.90000000000003,5,1,2,8,Potential Loyalists,False,Active,False,Standard
13333,2010-10-24 13:24:00,410.9763888888889,3,1015.74,1,3,3,7,Potential Loyalists,True,At Risk,False,Retention Opportunity
13334,2011-09-18 15:21:00,81.8951388888889,5,6201.8,3,4,5,12,Loyal Customers,True,At Risk,True,High Priority
13336,2011-09-23 14:05:00,76.94791666666667,1,795.12,3,1,3,7,Potential Loyalists,True,At Risk,False,Retention Opportunity
13337,2010-06-11 13:27:00,545.9743055555556,1,1575.26,1,1,4,6,At Risk,True,At Risk,False,Retention Opportunity
13338,2011-07-05 09:06:00,157.15555555555557,4,2445.62,3,3,4,10,Loyal Customers,True,At Risk,True,High Priority
13339,2011-05-23 08:31:00,200.1798611111111,1,860.12,2,1,3,6,At Risk,True,At Risk,False,Retention Opportunity
13340,2011-10-25 13:15:00,44.982638888888886,12,22100.56,4,5,5,14,Champions,False,Active,True,Standard
13341,2011-03-24 09:50:00,260.125,1,775.85,2,1,3,6,At Risk,True,At Risk,False,Retention Opportunity
13343,2011-06-15 12:24:00,177.01805555555555,1,353.43,3,1,2,6,At Risk,True,At Risk,False,Retention Opportunity
13344,2011-10-03 09:45:00,67.12847222222223,3,2511.69,3,3,4,10,Loyal Customers,True,At Risk,True,High Priority
13345,2011-02-25 09:01:00,287.1590277777778,1,389.5,2,1,2,5,At Risk,True,At Risk,False,Retention Opportunity
13346,2010-09-03 11:41:00,462.04791666666665,6,299.4,1,4,2,7,Potential Loyalists,True,At Risk,False,Retention Opportunity
13347,2011-09-30 13:28:00,69.97361111111111,1,341.36,3,1,2,6,At Risk,True,At Risk,False,Retention Opportunity
13348,2011-10-06 17:28:00,63.80694444444445,1,233.76,3,1,1,5,At Risk,True,At Risk,False,Retention Opportunity
13349,2011-11-29 08:07:00,10.196527777777778,1,247.32,5,1,1,7,Potential Loyalists,False,Active,False,Standard
13350,2011-11-23 16:33:00,15.845138888888888,2,979.12,5,2,3,10,Loyal Customers,False,Active,False,Standard
13351,2011-10-04 12:55:00,65.99652777777777,1,373.94,3,1,2,6,At Risk,True,At Risk,False,Retention Opportunity
13352,2011-10-10 13:55:00,59.95486111111112,1,397.98,3,1,2,6,At Risk,False,Active,False,Standard
13354,2011-09-29 13:17:00,70.98125,1,743.53,3,1,3,7,Potential Loyalists,True,At Risk,False,Retention Opportunity
13355,2011-08-09 14:48:00,121.91805555555555,1,674.7,3,1,3,7,Potential Loyalists,True,At Risk,False,Retention Opportunity
13356,2011-09-20 14:33:00,79.92847222222223,1,768.24,3,1,3,7,Potential Loyalists,True,At Risk,False,Retention Opportunity
13357,2011-03-27 13:56:00,256.95416666666665,5,3805.51,2,4,5,11,Loyal Customers,True,At Risk,True,High Priority
13358,2011-03-16 11:52:00,268.04027777777776,1,439.03,2,1,2,5,At Risk,True,At Risk,False,Retention Opportunity
13359,2011-10-07 09:30:00,63.138888888888886,2,1043.31,3,2,3,8,Potential Loyalists,True,At Risk,False,Retention Opportunity
13360,2010-10-04 12:37:00,431.00902777777776,4,1553.65,1,3,4,8,Potential Loyalists,True,At Risk,False,Retention Opportunity
13361,2010-08-24 14:56:00,471.9125,2,1450.5,1,2,4,7,Potential Loyalists,True,At Risk,False,Retention Opportunity
13362,2011-11-30 14:41:00,8.922916666666667,7,5394.07,5,4,5,14,Champions,False,Active,True,Standard
13363,2011-11-22 12:40:00,17.006944444444443,3,1723.86,5,3,4,12,Loyal Customers,False,Active,False,Standard
13364,2011-09-29 18:13:00,70.77569444444444,1,134.96,3,1,1,5,At Risk,True,At Risk,False,Retention Opportunity
13365,2011-11-06 12:36:00,33.00972222222222,2,2225.37,4,2,4,10,Loyal Customers,False,Active,False,Standard
13366,2011-10-20 13:37:00,49.96736111111111,1,56.16,4,1,1,6,At Risk,False,Active,False,Standard
13367,2010-10-04 10:00:00,431.11805555555554,1,510.2,1,1,2,4,Lost / Low Value,True,At Risk,False,Retention Opportunity
13368,2011-03-28 09:59:00,256.11875,4,1121.5,2,3,3,8,Potential Loyalists,True,At Risk,False,Retention Opportunity
13369,2010-12-09 11:30:00,365.05555555555554,1,308.28000000000003,2,1,2,5,At Risk,True,At Risk,False,Retention Opportunity
13370,2010-12-03 10:26:00,371.1,1,754.87,2,1,3,6,At Risk,True,At Risk,False,Retention Opportunity
13371,2010-07-22 17:33:00,504.80347222222224,2,2297.66,1,2,4,7,Potential Loyalists,True,At Risk,True,High Priority
13372,2011-09-11 12:46:00,89.00277777777778,1,378.64,3,1,2,6,At Risk,True,At Risk,False,Retention Opportunity
13373,2011-10-10 10:51:00,60.08263888888889,6,7587.19,3,4,5,12,Loyal Customers,True,At Risk,True,High Priority
13374,2010-10-21 10:04:00,414.1152777777778,2,422.8,1,2,2,5,At Risk,True,At Risk,False,Retention Opportunity
13375,2011-09-12 10:19:00,88.1048611111111,2,1792.23,3,2,4,9,Potential Loyalists,True,At Risk,False,Retention Opportunity
13376,2011-09-01 16:16:00,98.85694444444444,3,1019.76,3,3,3,9,Potential Loyalists,True,At Risk,False,Retention Opportunity
13377,2010-11-08 12:20:00,396.0208333333333,2,1552.88,2,2,4,8,Potential Loyalists,True,At Risk,False,Retention Opportunity
13379,2011-11-13 13:45:00,25.96180555555556,3,572.56,4,3,2,9,Potential Loyalists,False,Active,False,Standard
13380,2010-10-03 10:18:00,432.1055555555556,1,62.4,1,1,1,3,Lost / Low Value,True,At Risk,False,Retention Opportunity
13381,2011-11-08 11:58:00,31.03611111111111,12,8224.37,4,5,5,14,Champions,False,Active,True,Standard
13382,2011-03-04 10:03:00,280.11597222222224,5,1387.58,2,4,4,10,Loyal Customers,True,At Risk,False,Retention Opportunity
13383,2010-06-14 11:45:00,543.0451388888889,1,305.28000000000003,1,1,2,4,Lost / Low Value,True,At Risk,False,Retention Opportunity
13384,2011-11-09 11:04:00,30.073611111111116,11,6680.83,4,5,5,14,Champions,False,Active,True,Standard
13385,2011-01-14 09:52:00,329.1236111111112,1,534.57,2,1,2,5,At Risk,True,At Risk,False,Retention Opportunity
13386,2010-10-21 12:52:00,413.99861111111113,2,835.46,1,2,3,6,At Risk,True,At Risk,False,Retention Opportunity
13387,2010-10-18 14:07:00,416.94652777777776,1,186.94,1,1,1,3,Lost / Low Value,True,At Risk,False,Retention Opportunity
13388,2011-07-31 12:52:00,130.9986111111111,3,1185.65,3,3,3,9,Potential Loyalists,True,At Risk,False,Retention Opportunity
13389,2011-11-28 14:01:00,10.950694444444444,3,797.96,5,3,3,11,Loyal Customers,False,Active,False,Standard
13390,2011-09-26 08:38:00,74.175,1,544.08,3,1,2,6,At Risk,True,At Risk,False,Retention Opportunity
13391,2011-05-20 10:50:00,203.08333333333331,1,59.8,2,1,1,4,Lost / Low Value,True,At Risk,False,Retention Opportunity
13392,2010-01-31 13:34:00,676.9694444444444,1,91.14,1,1,1,3,Lost / Low Value,True,At Risk,False,Retention Opportunity
13393,2010-05-05 09:34:00,583.1361111111111,4,1131.45,1,3,3,7,Potential Loyalists,True,At Risk,False,Retention Opportunity
13394,2011-12-08 11:36:00,1.051388888888889,19,6621.7,5,5,5,15,Champions,False,Active,True,Standard
13395,2011-06-07 15:04:00,184.90694444444443,3,1180.23,3,3,3,9,Potential Loyalists,True,At Risk,False,Retention Opportunity
13396,2011-11-10 16:59:00,28.82708333333333,2,1360.99,4,2,4,10,Loyal Customers,False,Active,False,Standard
13397,2011-09-28 10:56:00,72.07916666666667,10,3191.87,3,5,5,13,Champions,True,At Risk,True,High Priority
13398,2011-05-31 13:17:00,191.98125,2,670.34,2,2,3,7,Potential Loyalists,True,At Risk,False,Retention Opportunity
13399,2010-09-01 13:59:00,463.95208333333335,3,275.4,1,3,1,5,At Risk,True,At Risk,False,Retention Opportunity
13400,2010-05-06 09:00:00,582.1597222222222,1,310.83,1,1,2,4,Lost / Low Value,True,At Risk,False,Retention Opportunity
13402,2011-08-04 15:51:00,126.87430555555557,4,1226.85,3,3,4,10,Loyal Customers,True,At Risk,False,Retention Opportunity
13403,2011-11-22 08:28:00,17.181944444444444,3,229.5,5,3,1,9,Potential Loyalists,False,Active,False,Standard
13404,2011-12-08 15:37:00,0.8840277777777777,2,252.49,5,2,1,8,Potential Loyalists,False,Active,False,Standard
13405,2011-09-26 17:01:00,73.82569444444445,6,1213.811,3,4,3,10,Loyal Customers,True,At Risk,False,Retention Opportunity
13406,2010-10-08 14:44:00,426.92083333333335,2,568.92,1,2,2,5,At Risk,True,At Risk,False,Retention Opportunity
13407,2010-05-10 12:41:00,578.00625,3,2244.7,1,3,4,8,Potential Loyalists,True,At Risk,False,Retention Opportunity
13408,2011-12-08 09:05:00,1.15625,106,50174.782,5,5,5,15,Champions,False,Active,True,Standard
13410,2011-11-15 15:33:00,23.886805555555554,9,2201.96,4,5,4,13,Champions,False,Active,False,Standard
13411,2011-08-24 13:57:00,106.95347222222222,1,213.55,3,1,1,5,At Risk,True,At Risk,False,Retention Opportunity
13412,2010-03-29 16:28:00,619.8486111111112,1,487.35,1,1,2,4,Lost / Low Value,True,At Risk,False,Retention Opportunity
13413,2010-03-10 12:17:00,639.0229166666667,6,429.44,1,4,2,7,Potential Loyalists,True,At Risk,False,Retention Opportunity
13414,2011-07-29 11:45:00,133.04513888888889,6,2494.14,3,4,4,11,Loyal Customers,True,At Risk,True,High Priority
13415,2010-08-24 11:38:00,472.05,4,784.17,1,3,3,7,Potential Loyalists,True,At Risk,False,Retention Opportunity
13416,2011-10-27 08:56:00,43.1625,3,940.8,4,3,3,10,Loyal Customers,False,Active,False,Standard
13417,2011-12-05 08:49:00,4.167361111111111,6,1669.49,5,4,4,13,Champions,False,Active,False,Standard
13418,2011-11-28 10:23:00,11.102083333333333,31,11559.66,5,5,5,15,Champions,False,Active,True,Standard
13419,2011-10-07 12:49:00,63.00069444444444,1,221.06,3,1,1,5,At Risk,True,At Risk,False,Retention Opportunity
13420,2011-07-13 08:48:00,149.16805555555555,2,159.85,3,2,1,6,At Risk,True,At Risk,False,Retention Opportunity
13421,2011-10-30 14:21:00,39.93680555555556,8,4058.75,4,4,5,13,Champions,False,Active,True,Standard
13422,2011-10-06 13:42:00,63.96388888888889,1,2626.3,3,1,4,8,Potential Loyalists,True,At Risk,True,High Priority
13423,2010-10-07 09:02:00,428.15833333333336,1,217.03,1,1,1,3,Lost / Low Value,True,At Risk,False,Retention Opportunity
13424,2010-09-16 10:49:00,449.0840277777778,1,572.77,1,1,2,4,Lost / Low Value,True,At Risk,False,Retention Opportunity
13425,2011-08-23 17:13:00,107.81736111111113,5,3390.4300000000003,3,4,5,12,Loyal Customers,True,At Risk,True,High Priority
13426,2011-12-09 08:59:00,0.1604166666666666,22,8167.38,5,5,5,15,Champions,False,Active,True,Standard
13427,2011-11-20 13:02:00,18.991666666666667,6,1006.53,4,4,3,11,Loyal Customers,False,Active,False,Standard
13428,2011-11-29 14:20:00,9.9375,3,478.54,5,3,2,10,Loyal Customers,False,Active,False,Standard
13429,2011-11-29 09:10:00,10.15277777777778,4,1006.8,5,3,3,11,Loyal Customers,False,Active,False,Standard
13430,2011-11-21 08:19:00,18.188194444444445,2,679.45,5,2,3,10,Loyal Customers,False,Active,False,Standard
13431,2011-10-03 13:49:00,66.95902777777778,8,3316.24,3,4,5,12,Loyal Customers,True,At Risk,True,High Priority
13432,2010-05-17 13:18:00,570.9805555555556,2,439.1,1,2,2,5,At Risk,True,At Risk,False,Retention Opportunity
13433,2010-07-26 16:55:00,500.8298611111111,4,658.32,1,3,3,7,Potential Loyalists,True,At Risk,False,Retention Opportunity
13434,2011-09-26 14:30:00,73.93055555555556,5,1666.86,3,4,4,11,Loyal Customers,True,At Risk,False,Retention Opportunity
13435,2011-12-04 14:45:00,4.920138888888889,9,4447.33,5,5,5,15,Champions,False,Active,True,Standard
13436,2011-12-08 10:33:00,1.0951388888888889,1,196.89,5,1,1,7,Potential Loyalists,False,Active,False,Standard
13437,2011-11-25 14:00:00,13.95138888888889,7,3408.06,5,4,5,14,Champions,False,Active,True,Standard
13438,2010-06-10 18:46:00,546.7527777777777,1,46.5,1,1,1,3,Lost / Low Value,True,At Risk,False,Retention Opportunity
13439,2011-03-29 14:20:00,254.9375,3,986.61,2,3,3,8,Potential Loyalists,True,At Risk,False,Retention Opportunity
13440,2010-10-12 13:11:00,422.98541666666665,7,1295.25,1,4,4,9,Potential Loyalists,True,At Risk,False,Retention Opportunity
13441,2011-09-09 09:38:00,91.13333333333334,2,720.9,3,2,3,8,Potential Loyalists,True,At Risk,False,Retention Opportunity
13442,2010-02-10 14:03:00,666.9493055555556,3,419.87,1,3,2,6,At Risk,True,At Risk,False,Retention Opportunity
13443,2010-09-17 12:31:00,448.0131944444444,6,1273.16,1,4,4,9,Potential Loyalists,True,At Risk,False,Retention Opportunity
13444,2010-11-30 13:02:00,373.9916666666667,2,619.08,2,2,3,7,Potential Loyalists,True,At Risk,False,Retention Opportunity
13445,2010-03-23 15:34:00,625.8861111111111,1,241.9,1,1,1,3,Lost / Low Value,True,At Risk,False,Retention Opportunity
13446,2010-10-05 18:51:00,429.7493055555556,11,3881.89,1,5,5,11,Loyal Customers,True,At Risk,True,High Priority
13447,2011-11-16 13:38:00,22.966666666666665,3,1129.14,4,3,3,10,Loyal Customers,False,Active,False,Standard
13448,2011-11-23 12:33:00,16.011805555555554,13,8745.93,5,5,5,15,Champions,False,Active,True,Standard
13449,2011-11-16 08:28:00,23.181944444444444,1,291.88,4,1,2,7,Potential Loyalists,False,Active,False,Standard
13450,2011-11-13 11:54:00,26.038888888888888,13,4120.04,4,5,5,14,Champions,False,Active,True,Standard
13451,2011-11-13 15:58:00,25.869444444444444,11,7090.06,4,5,5,14,Champions,False,Active,True,Standard
13452,2011-03-25 14:19:00,258.93819444444443,3,729.8,2,3,3,8,Potential Loyalists,True,At Risk,False,Retention Opportunity
13453,2011-06-27 09:34:00,165.13611111111112,3,781.69,3,3,3,9,Potential Loyalists,True,At Risk,False,Retention Opportunity
13454,2010-03-08 14:40:00,640.9236111111111,1,219.87,1,1,1,3,Lost / Low Value,True,At Risk,False,Retention Opportunity
13455,2011-11-15 11:21:00,24.061805555555555,6,2212.99,4,4,4,12,Loyal Customers,False,Active,False,Standard
13456,2011-11-22 09:18:00,17.147222222222222,6,1766.72,5,4,4,13,Champions,False,Active,False,Standard
13457,2010-01-20 08:48:00,688.1680555555556,2,148.22,1,2,1,4,Lost / Low Value,True,At Risk,False,Retention Opportunity
13458,2011-12-02 15:29:00,6.889583333333333,16,11959.27,5,5,5,15,Champions,False,Active,True,Standard
13459,2010-03-25 10:24:00,624.1013888888889,2,1160.41,1,2,3,6,At Risk,True,At Risk,False,Retention Opportunity
13460,2011-11-10 17:17:00,28.81458333333333,2,183.44,4,2,1,7,Potential Loyalists,False,Active,False,Standard
13461,2011-11-01 09:01:00,38.15902777777778,6,4160.0,4,4,5,13,Champions,False,Active,True,Standard
13462,2011-04-01 11:20:00,252.0625,5,1153.85,2,4,3,9,Potential Loyalists,True,At Risk,False,Retention Opportunity
13464,2011-10-12 15:01:00,57.90902777777778,6,3097.64,4,4,5,13,Champions,False,Active,True,Standard
13465,2010-09-19 15:13:00,445.90069444444447,2,931.12,1,2,3,6,At Risk,True,At Risk,False,Retention Opportunity
13466,2011-06-08 16:39:00,183.84097222222223,5,1013.35,3,4,3,10,Loyal Customers,True,At Risk,False,Retention Opportunity
13467,2011-11-29 10:01:00,10.11736111111111,2,1071.91,5,2,3,10,Loyal Customers,False,Active,False,Standard
13468,2011-12-08 10:39:00,1.0909722222222222,72,12793.28,5,5,5,15,Champions,False,Active,True,Standard
13469,2010-02-24 15:03:00,652.9076388888889,1,82.4,1,1,1,3,Lost / Low Value,True,At Risk,False,Retention Opportunity
13470,2011-09-01 14:57:00,98.91180555555556,2,165.0,3,2,1,6,At Risk,True,At Risk,False,Retention Opportunity
13471,2011-12-08 15:44:00,0.8791666666666667,4,2501.84,5,3,4,12,Loyal Customers,False,Active,True,Standard
13472,2010-09-02 09:41:00,463.13125,2,592.24,1,2,2,5,At Risk,True,At Risk,False,Retention Opportunity
13473,2011-10-10 11:20:00,60.0625,8,2657.76,3,4,4,11,Loyal Customers,True,At Risk,True,High Priority
13474,2011-04-17 13:53:00,235.95625,3,646.59,2,3,3,8,Potential Loyalists,True,At Risk,False,Retention Opportunity
13475,2011-06-01 13:52:00,190.95694444444445,4,1431.78,2,3,4,9,Potential Loyalists,True,At Risk,False,Retention Opportunity
13476,2011-06-14 12:00:00,178.03472222222223,5,2061.4700000000003,3,4,4,11,Loyal Customers,True,At Risk,False,Retention Opportunity
13477,2011-11-02 12:04:00,37.03194444444444,11,2819.17,4,5,4,13,Champions,False,Active,True,Standard
13478,2010-08-27 13:23:00,468.9770833333333,5,2215.78,1,4,4,9,Potential Loyalists,True,At Risk,False,Retention Opportunity
13479,2011-05-23 10:45:00,200.08680555555557,4,851.37,2,3,3,8,Potential Loyalists,True,At Risk,False,Retention Opportunity
13480,2010-10-19 11:53:00,416.0395833333333,2,627.82,1,2,3,6,At Risk,True,At Risk,False,Retention Opportunity
13481,2011-10-25 09:07:00,45.15486111111111,11,3830.84,4,5,5,14,Champions,False,Active,True,Standard
13482,2011-04-21 17:03:00,231.82430555555555,2,336.09,2,2,2,6,At Risk,True,At Risk,False,Retention Opportunity
13483,2011-10-05 11:53:00,65.03958333333334,1,140.34,3,1,1,5,At Risk,True,At Risk,False,Retention Opportunity
13484,2011-04-12 16:30:00,240.84722222222223,3,790.72,2,3,3,8,Potential Loyalists,True,At Risk,False,Retention Opportunity
13485,2011-04-20 13:58:00,232.95277777777775,11,3019.2200000000003,2,5,5,12,Loyal Customers,True,At Risk,True,High Priority
13486,2011-09-22 13:13:00,77.98402777777778,3,1122.41,3,3,3,9,Potential Loyalists,True,At Risk,False,Retention Opportunity
13487,2011-10-13 12:07:00,57.02986111111111,5,846.87,4,4,3,11,Loyal Customers,False,Active,False,Standard
13488,2011-11-22 14:41:00,16.922916666666666,23,14205.96,5,5,5,15,Champions,False,Active,True,Standard
13489,2011-08-26 13:16:00,104.98194444444444,4,449.52,3,3,2,8,Potential Loyalists,True,At Risk,False,Retention Opportunity
13490,2010-02-23 14:48:00,653.9180555555556,1,154.25,1,1,1,3,Lost / Low Value,True,At Risk,False,Retention Opportunity
13491,2011-10-19 08:32:00,51.17916666666667,27,4467.66,4,5,5,14,Champions,False,Active,True,Standard
13492,2011-07-26 14:25:00,135.93402777777777,3,1269.84,3,3,4,10,Loyal Customers,True,At Risk,False,Retention Opportunity
13493,2011-03-09 15:35:00,274.8854166666667,2,618.63,2,2,3,7,Potential Loyalists,True,At Risk,False,Retention Opportunity
13494,2011-02-01 11:58:00,311.0361111111111,1,316.26000000000005,2,1,2,5,At Risk,True,At Risk,False,Retention Opportunity
13495,2011-12-02 11:21:00,7.061805555555556,10,4863.31,5,5,5,15,Champions,False,Active,True,Standard
13496,2011-11-29 10:58:00,10.077777777777778,2,653.33,5,2,3,10,Loyal Customers,False,Active,False,Standard
13497,2011-03-02 09:04:00,282.15694444444443,6,1166.8300000000002,2,4,3,9,Potential Loyalists,True,At Risk,False,Retention Opportunity
13498,2009-12-09 15:26:00,729.8916666666667,1,327.38,1,1,2,4,Lost / Low Value,True,At Risk,False,Retention Opportunity
13499,2011-11-22 11:21:00,17.061805555555555,5,1159.11,5,4,3,12,Loyal Customers,False,Active,False,Standard
13500,2011-11-16 15:35:00,22.885416666666668,4,1466.3,4,3,4,11,Loyal Customers,False,Active,False,Standard
13501,2011-02-24 18:59:00,287.74375,3,2885.11,2,3,4,9,Potential Loyalists,True,At Risk,True,High Priority
13502,2011-11-23 10:39:00,16.090972222222224,5,780.5,5,4,3,12,Loyal Customers,False,Active,False,Standard
13503,2011-09-29 13:23:00,70.97708333333334,6,1859.24,3,4,4,11,Loyal Customers,True,At Risk,False,Retention Opportunity
13504,2011-10-06 13:20:00,63.97916666666666,1,295.93,3,1,2,6,At Risk,True,At Risk,False,Retention Opportunity
13505,2011-09-28 11:56:00,72.0375,4,4393.63,3,3,5,11,Loyal Customers,True,At Risk,True,High Priority
13506,2011-01-27 13:53:00,315.95625,5,1338.08,2,4,4,10,Loyal Customers,True,At Risk,False,Retention Opportunity
13507,2011-12-06 13:13:00,2.984027777777778,4,2479.16,5,3,4,12,Loyal Customers,False,Active,True,Standard
13508,2011-04-10 11:58:00,243.0361111111111,2,287.05,2,2,2,6,At Risk,True,At Risk,False,Retention Opportunity
13509,2011-12-01 10:10:00,8.11111111111111,8,1114.72,5,4,3,12,Loyal Customers,False,Active,False,Standard
13510,2011-12-08 13:46:00,0.9611111111111112,11,4558.29,5,5,5,15,Champions,False,Active,True,Standard
13511,2010-02-01 12:10:00,676.0277777777778,1,282.76,1,1,1,3,Lost / Low Value,True,At Risk,False,Retention Opportunity
13512,2011-03-24 10:03:00,260.11597222222224,4,713.39,2,3,3,8,Potential Loyalists,True,At Risk,False,Retention Opportunity
13513,2011-08-05 11:50:00,126.04166666666669,3,824.59,3,3,3,9,Potential Loyalists,True,At Risk,False,Retention Opportunity
13514,2011-09-27 09:39:00,73.13263888888889,4,815.9000000000001,3,3,3,9,Potential Loyalists,True,At Risk,False,Retention Opportunity
13515,2011-09-28 11:26:00,72.05833333333334,6,1265.82,3,4,4,11,Loyal Customers,True,At Risk,False,Retention Opportunity
13516,2011-11-18 13:15:00,20.98263888888889,4,1685.26,4,3,4,11,Loyal Customers,False,Active,False,Standard
13517,2011-10-11 11:43:00,59.046527777777776,3,2128.42,3,3,4,10,Loyal Customers,False,Active,False,Standard
13518,2011-09-15 10:29:00,85.09791666666666,1,627.16,3,1,3,7,Potential Loyalists,True,At Risk,False,Retention Opportunity
13519,2011-09-22 18:24:00,77.76805555555555,2,343.21,3,2,2,7,Potential Loyalists,True,At Risk,False,Retention Opportunity
13520,2011-10-12 10:20:00,58.10416666666666,11,6606.0,4,5,5,14,Champions,False,Active,True,Standard
13521,2011-12-08 13:50:00,0.9583333333333334,3,1071.73,5,3,3,11,Loyal Customers,False,Active,False,Standard
13522,2011-11-09 15:11:00,29.902083333333334,1,125.8,4,1,1,6,At Risk,False,Active,False,Standard
13523,2011-11-06 15:11:00,32.90208333333333,6,4534.57,4,4,5,13,Champions,False,Active,True,Standard
13524,2011-10-30 12:34:00,40.01111111111111,5,680.1800000000001,4,4,3,11,Loyal Customers,False,Active,False,Standard
13525,2011-11-25 12:01:00,14.034027777777778,2,628.78,5,2,3,10,Loyal Customers,False,Active,False,Standard
13526,2009-12-01 13:13:00,737.9840277777778,2,1182.0,1,2,3,6,At Risk,True,At Risk,False,Retention Opportunity
13527,2011-11-06 12:04:00,33.03194444444444,12,4541.29,4,5,5,14,Champions,False,Active,True,Standard
13529,2011-09-22 09:15:00,78.14930555555556,2,307.76,3,2,2,7,Potential Loyalists,True,At Risk,False,Retention Opportunity
13530,2010-03-15 14:10:00,633.9444444444445,1,402.98,1,1,2,4,Lost / Low Value,True,At Risk,False,Retention Opportunity
13531,2011-05-18 16:56:00,204.82916666666668,6,1433.07,2,4,4,10,Loyal Customers,True,At Risk,False,Retention Opportunity
13532,2011-11-06 12:25:00,33.017361111111114,1,210.31,4,1,1,6,At Risk,False,Active,False,Standard
13533,2011-06-10 11:54:00,182.0388888888889,3,269.09,3,3,1,7,Potential Loyalists,True,At Risk,False,Retention Opportunity
13534,2011-12-07 14:52:00,1.9152777777777776,35,7720.900000000001,5,5,5,15,Champions,False,Active,True,Standard
13535,2010-11-02 11:49:00,402.0423611111111,1,89.5,2,1,1,4,Lost / Low Value,True,At Risk,False,Retention Opportunity
13536,2011-12-08 16:38:00,0.8416666666666667,7,3444.39,5,4,5,14,Champions,False,Active,True,Standard
13537,2010-10-10 12:45:00,425.00347222222223,2,717.85,1,2,3,6,At Risk,True,At Risk,False,Retention Opportunity
13538,2011-10-27 16:34:00,42.84444444444444,12,3103.13,4,5,5,14,Champions,False,Active,True,Standard
13539,2011-09-15 10:18:00,85.10555555555555,7,1569.36,3,4,4,11,Loyal Customers,True,At Risk,False,Retention Opportunity
13540,2010-08-29 14:20:00,466.9375,3,632.39,1,3,3,7,Potential Loyalists,True,At Risk,False,Retention Opportunity
13541,2010-10-08 16:37:00,426.84236111111113,2,785.25,1,2,3,6,At Risk,True,At Risk,False,Retention Opportunity
13542,2010-11-28 11:24:00,376.0597222222222,17,3959.49,2,5,5,12,Loyal Customers,True,At Risk,True,High Priority
13543,2010-03-15 13:34:00,633.9694444444444,2,1439.61,1,2,4,7,Potential Loyalists,True,At Risk,False,Retention Opportunity
13544,2011-10-31 11:57:00,39.03680555555555,6,790.2,4,4,3,11,Loyal Customers,False,Active,False,Standard
13545,2010-11-14 11:27:00,390.0576388888889,2,364.93,2,2,2,6,At Risk,True,At Risk,False,Retention Opportunity
13546,2011-11-27 14:50:00,11.916666666666666,5,1086.24,5,4,3,12,Loyal Customers,False,Active,False,Standard
13547,2010-10-27 14:14:00,407.94166666666666,1,167.08,2,1,1,4,Lost / Low Value,True,At Risk,False,Retention Opportunity
13548,2011-09-04 14:50:00,95.91666666666669,3,901.44,3,3,3,9,Potential Loyalists,True,At Risk,False,Retention Opportunity
13549,2011-11-14 09:20:00,25.14583333333333,8,1005.8,4,4,3,11,Loyal Customers,False,Active,False,Standard
13550,2010-11-21 15:24:00,382.8930555555556,1,342.55,2,1,2,5,At Risk,True,At Risk,False,Retention Opportunity
13551,2011-01-24 14:46:00,318.9194444444444,2,244.2,2,2,1,5,At Risk,True,At Risk,False,Retention Opportunity
13552,2011-10-04 15:19:00,65.89652777777778,22,6948.92,3,5,5,13,Champions,True,At Risk,True,High Priority
13553,2010-02-03 12:21:00,674.0201388888889,1,499.6,1,1,2,4,Lost / Low Value,True,At Risk,False,Retention Opportunity
13554,2010-11-24 15:05:00,379.90625,7,1629.35,2,4,4,10,Loyal Customers,True,At Risk,False,Retention Opportunity
13555,2011-09-27 12:36:00,73.00972222222222,13,8891.84,3,5,5,13,Champions,True,At Risk,True,High Priority
13556,2010-10-06 16:44:00,428.8375,2,200.82,1,2,1,4,Lost / Low Value,True,At Risk,False,Retention Opportunity
13557,2011-11-11 15:24:00,27.89305555555556,13,3032.26,4,5,5,14,Champions,False,Active,True,Standard
13558,2011-12-04 11:24:00,5.059722222222222,4,594.52,5,3,2,10,Loyal Customers,False,Active,False,Standard
13559,2010-07-15 09:52:00,512.1236111111111,2,990.0,1,2,3,6,At Risk,True,At Risk,False,Retention Opportunity
13560,2011-12-02 13:11:00,6.985416666666667,1,171.42000000000002,5,1,1,7,Potential Loyalists,False,Active,False,Standard
13561,2011-05-08 12:39:00,215.0076388888889,11,1803.4,2,5,4,11,Loyal Customers,True,At Risk,False,Retention Opportunity
13562,2011-09-19 10:51:00,81.0826388888889,8,4838.18,3,4,5,12,Loyal Customers,True,At Risk,True,High Priority
13563,2011-09-16 14:45:00,83.92013888888889,2,777.53,3,2,3,8,Potential Loyalists,True,At Risk,False,Retention Opportunity
13564,2011-07-18 14:33:00,143.9284722222222,37,16498.97,3,5,5,13,Champions,True,At Risk,True,High Priority
13565,2011-11-20 14:33:00,18.928472222222226,3,414.8,5,3,2,10,Loyal Customers,False,Active,False,Standard
13566,2011-10-30 11:59:00,40.03541666666667,5,1688.6,4,4,4,12,Loyal Customers,False,Active,False,Standard
13567,2010-10-07 12:51:00,427.9993055555556,4,1079.29,1,3,3,7,Potential Loyalists,True,At Risk,False,Retention Opportunity
13568,2011-06-19 14:42:00,172.92222222222222,1,187.05,3,1,1,5,At Risk,True,At Risk,False,Retention Opportunity
13569,2011-11-22 13:07:00,16.988194444444446,4,726.54,5,3,3,11,Loyal Customers,False,Active,False,Standard
13570,2011-04-10 13:36:00,242.9680555555556,1,239.49,2,1,1,4,Lost / Low Value,True,At Risk,False,Retention Opportunity
13571,2011-11-27 10:47:00,12.085416666666667,26,4537.26,5,5,5,15,Champions,False,Active,True,Standard
13572,2011-05-18 11:59:00,205.03541666666663,1,1384.25,2,1,4,7,Potential Loyalists,True,At Risk,False,Retention Opportunity
13573,2011-10-20 14:33:00,49.92847222222223,6,904.52,4,4,3,11,Loyal Customers,False,Active,False,Standard
13574,2010-10-24 13:28:00,410.9736111111111,1,404.45,1,1,2,4,Lost / Low Value,True,At Risk,False,Retention Opportunity
13575,2011-11-16 13:14:00,22.98333333333333,5,732.07,4,4,3,11,Loyal Customers,False,Active,False,Standard
13576,2011-11-29 15:34:00,9.886111111111113,28,11202.59,5,5,5,15,Champions,False,Active,True,Standard
13577,2011-11-14 15:19:00,24.896527777777777,11,3489.28,4,5,5,14,Champions,False,Active,True,Standard
13578,2010-10-26 13:44:00,408.9625,1,147.66,2,1,1,4,Lost / Low Value,True,At Risk,False,Retention Opportunity
13579,2011-11-25 08:41:00,14.172916666666667,5,1374.34,5,4,4,13,Champions,False,Active,False,Standard
13580,2010-10-29 15:01:00,405.9090277777778,1,107.75,2,1,1,4,Lost / Low Value,True,At Risk,False,Retention Opportunity
13581,2011-02-03 14:41:00,308.92291666666665,2,280.53000000000003,2,2,1,5,At Risk,True,At Risk,False,Retention Opportunity
13582,2010-11-15 11:34:00,389.0527777777778,2,241.68,2,2,1,5,At Risk,True,At Risk,False,Retention Opportunity
13583,2011-07-07 10:40:00,155.09027777777777,2,1445.031,3,2,4,9,Potential Loyalists,True,At Risk,False,Retention Opportunity
13584,2011-02-06 12:49:00,306.00069444444443,3,385.7,2,3,2,7,Potential Loyalists,True,At Risk,False,Retention Opportunity
13585,2010-06-27 12:33:00,530.0118055555556,3,684.54,1,3,3,7,Potential Loyalists,True,At Risk,False,Retention Opportunity
13586,2010-06-16 13:47:00,540.9604166666667,1,127.28,1,1,1,3,Lost / Low Value,True,At Risk,False,Retention Opportunity
13587,2011-10-07 12:31:00,63.01319444444445,4,1673.5,3,3,4,10,Loyal Customers,True,At Risk,False,Retention Opportunity
13588,2011-11-24 10:42:00,15.088888888888889,9,2478.95,5,5,4,14,Champions,False,Active,True,Standard
13589,2011-11-25 12:10:00,14.02777777777778,6,1120.74,5,4,3,12,Loyal Customers,False,Active,False,Standard
13590,2011-11-28 12:54:00,10.997222222222222,18,6336.04,5,5,5,15,Champions,False,Active,True,Standard
13591,2011-10-06 12:26:00,64.01666666666667,7,2093.94,3,4,4,11,Loyal Customers,True,At Risk,False,Retention Opportunity
13592,2011-11-04 09:49:00,35.12569444444444,4,247.96,4,3,1,8,Potential Loyalists,False,Active,False,Standard
13593,2011-08-23 13:35:00,107.96875,14,5493.29,3,5,5,13,Champions,True,At Risk,True,High Priority
13594,2011-10-18 10:19:00,52.10486111111111,2,533.32,4,2,2,8,Potential Loyalists,False,Active,False,Standard
13595,2010-07-11 12:36:00,516.0097222222222,3,784.48,1,3,3,7,Potential Loyalists,True,At Risk,False,Retention Opportunity
13596,2011-12-04 12:01:00,5.034027777777778,2,664.11,5,2,3,10,Loyal Customers,False,Active,False,Standard
13597,2010-11-04 14:54:00,399.9138888888889,2,396.71,2,2,2,6,At Risk,True,At Risk,False,Retention Opportunity
13598,2011-10-23 14:28:00,46.93194444444445,5,761.96,4,4,3,11,Loyal Customers,False,Active,False,Standard
13599,2011-12-08 16:10:00,0.8611111111111112,33,9811.04,5,5,5,15,Champions,False,Active,True,Standard
13600,2011-01-31 15:27:00,311.8909722222222,2,518.42,2,2,2,6,At Risk,True,At Risk,False,Retention Opportunity
13601,2011-10-25 17:31:00,44.80486111111111,4,1159.99,4,3,3,10,Loyal Customers,False,Active,False,Standard
13602,2011-10-06 11:47:00,64.04375,4,1025.17,3,3,3,9,Potential Loyalists,True,At Risk,False,Retention Opportunity
13603,2011-11-13 15:57:00,25.87013888888889,1,164.34,4,1,1,6,At Risk,False,Active,False,Standard
13604,2010-02-19 12:02:00,658.0333333333333,1,717.62,1,1,3,5,At Risk,True,At Risk,False,Retention Opportunity
13605,2010-11-17 17:16:00,386.8152777777778,2,522.67,2,2,2,6,At Risk,True,At Risk,False,Retention Opportunity
13606,2011-11-10 17:46:00,28.794444444444444,3,276.75,4,3,1,8,Potential Loyalists,False,Active,False,Standard
13607,2011-10-30 16:17:00,39.85625,2,1075.81,4,2,3,9,Potential Loyalists,False,Active,False,Standard
13608,2010-06-17 12:28:00,540.0152777777778,1,232.05,1,1,1,3,Lost / Low Value,True,At Risk,False,Retention Opportunity
13609,2010-04-25 13:26:00,592.975,1,167.35,1,1,1,3,Lost / Low Value,True,At Risk,False,Retention Opportunity
13610,2011-11-27 15:38:00,11.883333333333333,14,2103.71,5,5,4,14,Champions,False,Active,False,Standard
13611,2011-09-11 14:51:00,88.91597222222222,10,3297.9300000000003,3,5,5,13,Champions,True,At Risk,True,High Priority
13612,2010-03-17 12:14:00,632.025,1,818.29,1,1,3,5,At Risk,True,At Risk,False,Retention Opportunity
13613,2010-09-13 12:01:00,452.0340277777778,5,1039.85,1,4,3,8,Potential Loyalists,True,At Risk,False,Retention Opportunity
13614,2011-11-15 14:47:00,23.91875,6,2332.74,4,4,4,12,Loyal Customers,False,Active,True,Standard
13615,2011-01-25 08:21:00,318.1868055555556,8,6272.53,2,4,5,11,Loyal Customers,True,At Risk,True,High Priority
13616,2010-05-20 12:59:00,567.99375,2,283.85,1,2,1,4,Lost / Low Value,True,At Risk,False,Retention Opportunity
13617,2011-10-30 13:50:00,39.958333333333336,8,1278.75,4,4,4,12,Loyal Customers,False,Active,False,Standard
13618,2011-06-19 11:09:00,173.0701388888889,1,177.34,3,1,1,5,At Risk,True,At Risk,False,Retention Opportunity
13619,2010-06-13 11:39:00,544.0493055555555,2,224.94,1,2,1,4,Lost / Low Value,True,At Risk,False,Retention Opportunity
13620,2010-06-29 15:02:00,527.9083333333333,1,112.34,1,1,1,3,Lost / Low Value,True,At Risk,False,Retention Opportunity
13621,2011-08-15 08:26:00,116.18333333333334,1,213.85,3,1,1,5,At Risk,True,At Risk,False,Retention Opportunity
13622,2010-01-12 13:22:00,695.9777777777778,1,658.95,1,1,3,5,At Risk,True,At Risk,False,Retention Opportunity
13623,2011-11-09 12:00:00,30.03472222222222,10,2533.06,4,5,4,13,Champions,False,Active,True,Standard
13624,2010-11-16 13:43:00,387.96319444444447,1,462.08,2,1,2,5,At Risk,True,At Risk,False,Retention Opportunity
13625,2010-04-22 10:50:00,596.0833333333334,1,301.26,1,1,2,4,Lost / Low Value,True,At Risk,False,Retention Opportunity
13626,2011-04-01 10:05:00,252.11458333333331,2,707.04,2,2,3,7,Potential Loyalists,True,At Risk,False,Retention Opportunity
13627,2011-10-11 14:20:00,58.9375,7,2245.9,3,4,4,11,Loyal Customers,False,Active,False,Standard
13628,2010-02-01 14:44:00,675.9208333333333,1,310.14,1,1,2,4,Lost / Low Value,True,At Risk,False,Retention Opportunity
13629,2011-11-16 13:21:00,22.978472222222223,19,13370.86,4,5,5,14,Champions,False,Active,True,Standard
13630,2011-12-04 15:16:00,4.898611111111111,7,2031.78,5,4,4,13,Champions,False,Active,False,Standard
13631,2011-09-01 09:57:00,99.12013888888887,11,3070.42,3,5,5,13,Champions,True,At Risk,True,High Priority
13632,2011-11-15 10:51:00,24.082638888888887,8,3645.81,4,4,5,13,Champions,False,Active,True,Standard
13634,2011-11-06 13:40:00,32.96527777777778,16,5033.77,4,5,5,14,Champions,False,Active,True,Standard
13635,2011-10-03 10:55:00,67.07986111111111,4,2999.16,3,3,5,11,Loyal Customers,True,At Risk,True,High Priority
13636,2011-11-03 10:30:00,36.09722222222222,5,949.12,4,4,3,11,Loyal Customers,False,Active,False,Standard
13637,2011-10-18 13:32:00,51.97083333333333,3,804.3,4,3,3,10,Loyal Customers,False,Active,False,Standard
13638,2011-11-24 10:38:00,15.091666666666669,1,122.64,5,1,1,7,Potential Loyalists,False,Active,False,Standard
13639,2011-09-26 13:36:00,73.96805555555555,2,1346.27,3,2,4,9,Potential Loyalists,True,At Risk,False,Retention Opportunity
13640,2010-04-07 15:33:00,610.8868055555556,1,405.0,1,1,2,4,Lost / Low Value,True,At Risk,False,Retention Opportunity
13641,2010-03-09 07:37:00,640.2173611111111,5,1016.47,1,4,3,8,Potential Loyalists,True,At Risk,False,Retention Opportunity
13642,2011-05-08 12:34:00,215.01111111111112,4,472.2,2,3,2,7,Potential Loyalists,True,At Risk,False,Retention Opportunity
13643,2011-11-08 15:37:00,30.884027777777774,10,2156.77,4,5,4,13,Champions,False,Active,False,Standard
13644,2011-11-23 14:07:00,15.946527777777778,4,2624.26,5,3,4,12,Loyal Customers,False,Active,True,Standard
13645,2011-08-11 16:11:00,119.86041666666668,1,252.1,3,1,1,5,At Risk,True,At Risk,False,Retention Opportunity
13646,2010-11-05 12:13:00,399.02569444444447,2,326.25,2,2,2,6,At Risk,True,At Risk,False,Retention Opportunity
13647,2011-11-30 12:00:00,9.03472222222222,8,3041.68,5,4,5,14,Champions,False,Active,True,Standard
13648,2010-11-04 14:46:00,399.9194444444444,8,1764.02,2,4,4,10,Loyal Customers,True,At Risk,False,Retention Opportunity
13649,2011-03-28 11:51:00,256.0409722222222,6,1453.68,2,4,4,10,Loyal Customers,True,At Risk,False,Retention Opportunity
13650,2011-11-23 12:22:00,16.019444444444446,10,3288.0,5,5,5,15,Champions,False,Active,True,Standard
13651,2011-11-04 14:59:00,34.91041666666667,3,226.85,4,3,1,8,Potential Loyalists,False,Active,False,Standard
13652,2011-10-25 08:51:00,45.16597222222222,5,2262.05,4,4,4,12,Loyal Customers,False,Active,True,Standard
13653,2010-08-09 08:19:00,487.1881944444444,1,152.2,1,1,1,3,Lost / Low Value,True,At Risk,False,Retention Opportunity
13654,2011-10-27 16:24:00,42.85138888888889,11,6308.0,4,5,5,14,Champions,False,Active,True,Standard
13655,2011-08-17 14:25:00,113.93402777777776,6,2280.51,3,4,4,11,Loyal Customers,True,At Risk,True,High Priority
13656,2011-06-28 10:31:00,164.09652777777777,4,1078.85,3,3,3,9,Potential Loyalists,True,At Risk,False,Retention Opportunity
13657,2011-11-29 12:32:00,10.0125,2,382.14,5,2,2,9,Potential Loyalists,False,Active,False,Standard
13658,2011-11-30 10:13:00,9.109027777777778,9,6025.5,5,5,5,15,Champions,False,Active,True,Standard
13659,2011-05-18 12:37:00,205.0090277777778,12,4884.68,2,5,5,12,Loyal Customers,True,At Risk,True,High Priority
13660,2010-11-04 16:10:00,399.8611111111111,1,306.64,2,1,2,5,At Risk,True,At Risk,False,Retention Opportunity
13661,2010-04-15 14:58:00,602.9111111111112,1,325.24,1,1,2,4,Lost / Low Value,True,At Risk,False,Retention Opportunity
13662,2011-09-15 12:04:00,85.03194444444445,11,2233.61,3,5,4,12,Loyal Customers,True,At Risk,False,Retention Opportunity
13663,2011-06-13 15:44:00,178.87916666666666,5,2047.51,3,4,4,11,Loyal Customers,True,At Risk,False,Retention Opportunity
13665,2010-11-18 13:06:00,385.9888888888889,3,1711.66,2,3,4,9,Potential Loyalists,True,At Risk,False,Retention Opportunity
13666,2011-10-10 15:39:00,59.88263888888889,5,127.9,3,4,1,8,Potential Loyalists,False,Active,False,Standard
13667,2011-07-13 15:42:00,148.88055555555556,1,299.05,3,1,2,6,At Risk,True,At Risk,False,Retention Opportunity
13668,2011-12-07 12:11:00,2.027083333333333,35,12948.48,5,5,5,15,Champions,False,Active,True,Standard
13669,2011-10-20 09:32:00,50.1375,3,413.55,4,3,2,9,Potential Loyalists,False,Active,False,Standard
13670,2011-09-25 15:25:00,74.89236111111111,1,349.7,3,1,2,6,At Risk,True,At Risk,False,Retention Opportunity
13671,2010-11-10 10:50:00,394.0833333333333,1,172.6,2,1,1,4,Lost / Low Value,True,At Risk,False,Retention Opportunity
13672,2011-02-11 13:53:00,300.95625,3,419.92,2,3,2,7,Potential Loyalists,True,At Risk,False,Retention Opportunity
13673,2011-11-21 12:11:00,18.027083333333334,2,387.44,5,2,2,9,Potential Loyalists,False,Active,False,Standard
13674,2010-10-03 10:41:00,432.0895833333333,1,240.68,1,1,1,3,Lost / Low Value,True,At Risk,False,Retention Opportunity
13675,2011-07-11 12:57:00,150.9951388888889,2,486.8200000000001,3,2,2,7,Potential Loyalists,True,At Risk,False,Retention Opportunity
13676,2010-06-18 17:30:00,538.8055555555555,2,243.9,1,2,1,4,Lost / Low Value,True,At Risk,False,Retention Opportunity
13677,2010-10-31 11:32:00,404.0541666666667,2,551.24,2,2,2,6,At Risk,True,At Risk,False,Retention Opportunity
13678,2011-07-11 10:14:00,151.10833333333332,1,232.6,3,1,1,5,At Risk,True,At Risk,False,Retention Opportunity
13679,2010-08-03 12:13:00,493.02569444444447,3,281.26,1,3,1,5,At Risk,True,At Risk,False,Retention Opportunity
13680,2011-12-08 13:47:00,0.9604166666666668,12,11419.67,5,5,5,15,Champions,False,Active,True,Standard
13681,2011-11-22 11:13:00,17.06736111111111,4,827.83,5,3,3,11,Loyal Customers,False,Active,False,Standard
13682,2011-06-05 14:06:00,186.94722222222225,1,59.5,3,1,1,5,At Risk,True,At Risk,False,Retention Opportunity
13683,2010-09-08 10:00:00,457.11805555555554,1,258.6,1,1,1,3,Lost / Low Value,True,At Risk,False,Retention Opportunity
13684,2011-02-27 10:13:00,285.1090277777778,4,594.88,2,3,2,7,Potential Loyalists,True,At Risk,False,Retention Opportunity
13685,2011-12-07 11:41:00,2.0479166666666666,7,3119.44,5,4,5,14,Champions,False,Active,True,Standard
13686,2011-06-10 09:10:00,182.15277777777777,3,409.04,3,3,2,8,Potential Loyalists,True,At Risk,False,Retention Opportunity
13687,2010-09-27 16:30:00,437.84722222222223,1,11880.84,1,1,5,7,Potential Loyalists,True,At Risk,True,High Priority
13688,2010-03-14 14:11:00,634.94375,1,375.5,1,1,2,4,Lost / Low Value,True,At Risk,False,Retention Opportunity
13689,2011-10-07 13:21:00,62.97847222222222,2,1259.5,3,2,4,9,Potential Loyalists,True,At Risk,False,Retention Opportunity
13690,2011-10-11 15:03:00,58.90763888888889,1,172.25,3,1,1,5,At Risk,False,Active,False,Standard
13691,2010-11-08 17:34:00,395.8027777777778,1,212.78,2,1,1,4,Lost / Low Value,True,At Risk,False,Retention Opportunity
13692,2011-11-15 11:17:00,24.06458333333333,5,3114.4,4,4,5,13,Champions,False,Active,True,Standard
13693,2010-11-30 18:21:00,373.7701388888889,9,2011.82,2,5,4,11,Loyal Customers,True,At Risk,False,Retention Opportunity
13694,2011-12-06 09:32:00,3.1375,143,195640.69,5,5,5,15,Champions,False,Active,True,Standard
13695,2011-11-08 14:26:00,30.933333333333334,16,2770.73,4,5,4,13,Champions,False,Active,True,Standard
13696,2010-10-14 09:44:00,421.12916666666666,3,2020.4,1,3,4,8,Potential Loyalists,True,At Risk,False,Retention Opportunity
13697,2011-11-01 09:14:00,38.15,1,151.3,4,1,1,6,At Risk,False,Active,False,Standard
13698,2010-04-22 11:52:00,596.0402777777778,2,451.73,1,2,2,5,At Risk,True,At Risk,False,Retention Opportunity
13699,2011-07-07 16:51:00,154.83263888888888,2,764.15,3,2,3,8,Potential Loyalists,True,At Risk,False,Retention Opportunity
13700,2011-11-13 13:00:00,25.99305555555556,13,2596.9700000000003,4,5,4,13,Champions,False,Active,True,Standard
13701,2010-09-19 12:39:00,446.0076388888889,1,161.0,1,1,1,3,Lost / Low Value,True,At Risk,False,Retention Opportunity
13702,2010-09-20 11:40:00,445.0486111111111,1,135.18,1,1,1,3,Lost / Low Value,True,At Risk,False,Retention Opportunity
13703,2011-01-25 13:10:00,317.9861111111111,2,425.56,2,2,2,6,At Risk,True,At Risk,False,Retention Opportunity
13704,2011-12-04 15:13:00,4.9006944444444445,9,2308.06,5,5,4,14,Champions,False,Active,True,Standard
13705,2011-12-02 12:32:00,7.0125,7,1717.19,5,4,4,13,Champions,False,Active,False,Standard
13706,2011-02-10 09:21:00,302.1451388888889,2,631.1700000000001,2,2,3,7,Potential Loyalists,True,At Risk,False,Retention Opportunity
13707,2011-03-17 18:03:00,266.78263888888887,5,3365.86,2,4,5,11,Loyal Customers,True,At Risk,True,High Priority
13708,2011-03-13 13:46:00,270.9611111111111,1,285.33,2,1,1,4,Lost / Low Value,True,At Risk,False,Retention Opportunity
13709,2011-12-06 10:28:00,3.098611111111111,18,7571.35,5,5,5,15,Champions,False,Active,True,Standard
13710,2011-11-08 08:16:00,31.190277777777776,3,509.52,4,3,2,9,Potential Loyalists,False,Active,False,Standard
13711,2011-05-05 10:31:00,218.09652777777777,9,1792.26,2,5,4,11,Loyal Customers,True,At Risk,False,Retention Opportunity
13712,2011-04-07 12:33:00,246.01180555555555,2,766.42,2,2,3,7,Potential Loyalists,True,At Risk,False,Retention Opportunity
13713,2010-10-27 16:18:00,407.8555555555556,3,740.76,2,3,3,8,Potential Loyalists,True,At Risk,False,Retention Opportunity
13714,2010-08-31 13:57:00,464.9534722222222,1,161.35,1,1,1,3,Lost / Low Value,True,At Risk,False,Retention Opportunity
13715,2011-03-03 19:21:00,280.7284722222222,17,8153.04,2,5,5,12,Loyal Customers,True,At Risk,True,High Priority
13716,2011-03-15 13:49:00,268.9590277777778,1,138.28,2,1,1,4,Lost / Low Value,True,At Risk,False,Retention Opportunity
13717,2011-11-07 14:13:00,31.94236111111111,8,1763.3,4,4,4,12,Loyal Customers,False,Active,False,Standard
13718,2011-04-07 13:24:00,245.9763888888889,2,306.55,2,2,2,6,At Risk,True,At Risk,False,Retention Opportunity
13719,2011-11-24 15:26:00,14.891666666666667,11,2783.08,5,5,4,14,Champions,False,Active,True,Standard
13720,2011-08-15 12:46:00,116.00277777777778,4,799.9,3,3,3,9,Potential Loyalists,True,At Risk,False,Retention Opportunity
13721,2011-11-03 14:05:00,35.947916666666664,2,741.54,4,2,3,9,Potential Loyalists,False,Active,False,Standard
13722,2011-07-31 12:44:00,131.00416666666666,10,5635.41,3,5,5,13,Champions,True,At Risk,True,High Priority
13723,2011-05-06 17:04:00,216.82361111111112,6,1194.08,2,4,3,9,Potential Loyalists,True,At Risk,False,Retention Opportunity
13724,2010-03-12 15:28:00,636.8902777777778,1,213.01,1,1,1,3,Lost / Low Value,True,At Risk,False,Retention Opportunity
13725,2011-10-21 10:03:00,49.11597222222223,8,1980.56,4,4,4,12,Loyal Customers,False,Active,False,Standard
13726,2011-11-01 10:49:00,38.08402777777778,2,1079.66,4,2,3,9,Potential Loyalists,False,Active,False,Standard
13727,2011-11-11 09:46:00,28.127777777777776,8,1074.15,4,4,3,11,Loyal Customers,False,Active,False,Standard
13728,2011-11-03 10:49:00,36.08402777777778,16,2855.17,4,5,4,13,Champions,False,Active,True,Standard
13729,2010-09-30 10:44:00,435.0875,3,724.73,1,3,3,7,Potential Loyalists,True,At Risk,False,Retention Opportunity
13730,2011-07-27 08:35:00,135.17708333333334,2,752.6,3,2,3,8,Potential Loyalists,True,At Risk,False,Retention Opportunity
13731,2011-05-04 14:33:00,218.9284722222222,2,610.59,2,2,3,7,Potential Loyalists,True,At Risk,False,Retention Opportunity
13732,2011-11-11 15:49:00,27.875694444444445,1,491.86,4,1,2,7,Potential Loyalists,False,Active,False,Standard
13733,2010-10-25 12:18:00,410.02222222222224,2,487.03,1,2,2,5,At Risk,True,At Risk,False,Retention Opportunity
13734,2010-07-19 12:04:00,508.0319444444444,4,6695.6900000000005,1,3,5,9,Potential Loyalists,True,At Risk,True,High Priority
13735,2011-11-15 11:14:00,24.066666666666663,13,9762.77,4,5,5,14,Champions,False,Active,True,Standard
13736,2011-12-04 15:19:00,4.896527777777778,7,2752.47,5,4,4,13,Champions,False,Active,True,Standard
13737,2011-05-23 16:32:00,199.84583333333333,1,339.6,2,1,2,5,At Risk,True,At Risk,False,Retention Opportunity
13738,2010-11-08 15:23:00,395.89375,1,434.78,2,1,2,5,At Risk,True,At Risk,False,Retention Opportunity
13739,2011-11-21 13:35:00,17.96875,2,292.2,5,2,2,9,Potential Loyalists,False,Active,False,Standard
13740,2011-04-13 10:32:00,240.09583333333333,5,1582.77,2,4,4,10,Loyal Customers,True,At Risk,False,Retention Opportunity
13741,2011-09-29 09:19:00,71.14652777777778,3,668.4300000000001,3,3,3,9,Potential Loyalists,True,At Risk,False,Retention Opportunity
13742,2011-11-23 11:07:00,16.071527777777778,12,3107.87,5,5,5,15,Champions,False,Active,True,Standard
13743,2011-12-07 10:09:00,2.111805555555556,7,1341.6,5,4,4,13,Champions,False,Active,False,Standard
13744,2011-09-05 15:19:00,94.89652777777778,2,1080.52,3,2,3,8,Potential Loyalists,True,At Risk,False,Retention Opportunity
13745,2011-06-30 16:43:00,161.83819444444444,2,777.36,3,2,3,8,Potential Loyalists,True,At Risk,False,Retention Opportunity
13746,2010-10-22 11:55:00,413.03819444444446,1,176.69,1,1,1,3,Lost / Low Value,True,At Risk,False,Retention Opportunity
13747,2010-12-01 10:37:00,373.09236111111113,2,169.8,2,2,1,5,At Risk,True,At Risk,False,Retention Opportunity
13748,2011-09-05 09:45:00,95.12847222222224,9,2064.35,3,5,4,12,Loyal Customers,True,At Risk,False,Retention Opportunity
13750,2011-10-17 12:16:00,53.02361111111111,11,3602.18,4,5,5,14,Champions,False,Active,True,Standard
13751,2011-02-24 15:56:00,287.87083333333334,1,296.25,2,1,2,5,At Risk,True,At Risk,False,Retention Opportunity
13752,2011-08-07 14:16:00,123.94027777777778,7,1579.8300000000002,3,4,4,11,Loyal Customers,True,At Risk,False,Retention Opportunity
13753,2011-02-25 12:48:00,287.00138888888887,4,2094.57,2,3,4,9,Potential Loyalists,True,At Risk,False,Retention Opportunity
13754,2011-07-11 11:51:00,151.04097222222222,3,447.05,3,3,2,8,Potential Loyalists,True,At Risk,False,Retention Opportunity
13755,2011-12-06 12:26:00,3.0166666666666666,9,2108.06,5,5,4,14,Champions,False,Active,False,Standard
13756,2011-12-07 16:44:00,1.8375,23,8655.95,5,5,5,15,Champions,False,Active,True,Standard
13757,2010-02-03 12:37:00,674.0090277777778,1,195.55,1,1,1,3,Lost / Low Value,True,At Risk,False,Retention Opportunity
13758,2011-11-28 11:11:00,11.06875,15,8698.13,5,5,5,15,Champions,False,Active,True,Standard
13759,2011-11-06 14:47:00,32.91875,2,659.4100000000001,4,2,3,9,Potential Loyalists,False,Active,False,Standard
13760,2011-10-16 16:13:00,53.859027777777776,5,1363.64,4,4,4,12,Loyal Customers,False,Active,False,Standard
13761,2011-10-20 14:01:00,49.95069444444445,6,1952.17,4,4,4,12,Loyal Customers,False,Active,False,Standard
13762,2011-05-05 09:15:00,218.14930555555557,5,2472.48,2,4,4,10,Loyal Customers,True,At Risk,True,High Priority
13763,2011-10-07 15:13:00,62.90069444444445,3,5217.44,3,3,5,11,Loyal Customers,True,At Risk,True,High Priority
13764,2011-09-30 12:03:00,70.03263888888888,6,2919.62,3,4,5,12,Loyal Customers,True,At Risk,True,High Priority
13765,2010-02-24 13:46:00,652.9611111111111,1,352.821,1,1,2,4,Lost / Low Value,True,At Risk,False,Retention Opportunity
13766,2010-08-01 14:25:00,494.93402777777777,1,190.35,1,1,1,3,Lost / Low Value,True,At Risk,False,Retention Opportunity
13767,2011-12-07 15:00:00,1.9097222222222223,73,33903.57,5,5,5,15,Champions,False,Active,True,Standard
13768,2009-12-13 10:41:00,726.0895833333333,2,875.97,1,2,3,6,At Risk,True,At Risk,False,Retention Opportunity
13769,2011-12-07 15:08:00,1.9041666666666663,20,5478.12,5,5,5,15,Champions,False,Active,True,Standard
13770,2010-10-13 15:10:00,421.90277777777777,4,785.37,1,3,3,7,Potential Loyalists,True,At Risk,False,Retention Opportunity
13771,2011-10-06 14:18:00,63.93888888888889,9,5728.82,3,5,5,13,Champions,True,At Risk,True,High Priority
13772,2011-11-06 11:43:00,33.046527777777776,8,3100.02,4,4,5,13,Champions,False,Active,True,Standard
13773,2010-11-08 11:49:00,396.0423611111111,2,301.54,2,2,2,6,At Risk,True,At Risk,False,Retention Opportunity
13774,2011-09-19 12:06:00,81.03055555555555,1,345.0,3,1,2,6,At Risk,True,At Risk,False,Retention Opportunity
13775,2010-04-28 12:15:00,590.0243055555555,1,1049.66,1,1,3,5,At Risk,True,At Risk,False,Retention Opportunity
13776,2010-10-07 16:11:00,427.86041666666665,2,623.98,1,2,3,6,At Risk,True,At Risk,False,Retention Opportunity
13777,2011-12-09 12:25:00,0.0173611111111111,61,49638.26,5,5,5,15,Champions,False,Active,True,Standard
13778,2011-08-28 15:25:00,102.89236111111111,4,1124.49,3,3,3,9,Potential Loyalists,True,At Risk,False,Retention Opportunity
13779,2010-07-12 11:24:00,515.0597222222223,1,161.13,1,1,1,3,Lost / Low Value,True,At Risk,False,Retention Opportunity
13780,2011-12-02 13:49:00,6.959027777777778,3,732.07,5,3,3,11,Loyal Customers,False,Active,False,Standard
13781,2011-04-03 12:08:00,250.02916666666667,3,778.83,2,3,3,8,Potential Loyalists,True,At Risk,False,Retention Opportunity
13782,2011-11-27 11:54:00,12.03888888888889,13,1786.08,5,5,4,14,Champions,False,Active,False,Standard
13783,2010-08-09 09:23:00,487.14375,4,1542.09,1,3,4,8,Potential Loyalists,True,At Risk,False,Retention Opportunity
13784,2011-11-30 09:33:00,9.136805555555556,14,2910.23,5,5,5,15,Champions,False,Active,True,Standard
13785,2010-10-07 09:25:00,428.1423611111111,4,542.49,1,3,2,6,At Risk,True,At Risk,False,Retention Opportunity
13786,2010-12-07 13:53:00,366.95625,6,3127.99,2,4,5,11,Loyal Customers,True,At Risk,True,High Priority
13787,2011-09-25 12:06:00,75.03055555555555,6,1222.5,3,4,4,11,Loyal Customers,True,At Risk,False,Retention Opportunity
13788,2010-07-22 15:50:00,504.875,1,3.75,1,1,1,3,Lost / Low Value,True,At Risk,False,Retention Opportunity
13789,2010-11-16 15:31:00,387.8881944444444,1,239.46,2,1,1,4,Lost / Low Value,True,At Risk,False,Retention Opportunity
13790,2011-12-05 15:48:00,3.876388888888889,1,348.79999999999995,5,1,2,8,Potential Loyalists,False,Active,False,Standard
13791,2011-08-04 11:44:00,127.04583333333332,2,1516.0,3,2,4,9,Potential Loyalists,True,At Risk,False,Retention Opportunity
13792,2011-10-04 14:31:00,65.92986111111111,3,383.95,3,3,2,8,Potential Loyalists,True,At Risk,False,Retention Opportunity
13793,2010-03-03 08:25:00,646.1840277777778,1,96.0,1,1,1,3,Lost / Low Value,True,At Risk,False,Retention Opportunity
13794,2010-06-11 12:30:00,546.0138888888889,1,126.03,1,1,1,3,Lost / Low Value,True,At Risk,False,Retention Opportunity
13795,2010-11-16 17:25:00,387.80902777777777,4,836.3,2,3,3,8,Potential Loyalists,True,At Risk,False,Retention Opportunity
13796,2010-07-28 14:45:00,498.9201388888889,1,289.7,1,1,2,4,Lost / Low Value,True,At Risk,False,Retention Opportunity
13797,2010-09-29 10:34:00,436.0944444444444,3,1179.45,1,3,3,7,Potential Loyalists,True,At Risk,False,Retention Opportunity
13798,2011-12-08 15:51:00,0.8743055555555556,110,75428.87,5,5,5,15,Champions,False,Active,True,Standard
13799,2011-08-15 12:07:00,116.02986111111112,9,2803.57,3,5,4,12,Loyal Customers,True,At Risk,True,High Priority
13800,2011-02-03 12:27:00,309.0159722222222,3,1679.56,2,3,4,9,Potential Loyalists,True,At Risk,False,Retention Opportunity
13801,2011-10-04 10:15:00,66.10763888888889,1,324.8,3,1,2,6,At Risk,True,At Risk,False,Retention Opportunity
13802,2011-07-24 10:54:00,138.08055555555555,19,26259.11,3,5,5,13,Champions,True,At Risk,True,High Priority
13803,2011-03-29 12:57:00,254.9951388888889,3,1338.91,2,3,4,9,Potential Loyalists,True,At Risk,False,Retention Opportunity
13804,2011-11-09 12:32:00,30.0125,9,3161.12,4,5,5,14,Champions,False,Active,True,Standard
13805,2011-10-18 14:50:00,51.91666666666666,2,924.6,4,2,3,9,Potential Loyalists,False,Active,False,Standard
13806,2011-10-07 11:43:00,63.046527777777776,1,256.38,3,1,1,5,At Risk,True,At Risk,False,Retention Opportunity
13807,2010-12-07 15:48:00,366.87638888888887,3,422.2,2,3,2,7,Potential Loyalists,True,At Risk,False,Retention Opportunity
13808,2011-12-04 12:18:00,5.022222222222222,5,1747.66,5,4,4,13,Champions,False,Active,False,Standard
13809,2011-02-07 13:15:00,304.9826388888889,3,679.6999999999999,2,3,3,8,Potential Loyalists,True,At Risk,False,Retention Opportunity
13810,2011-11-11 08:33:00,28.178472222222226,3,1499.01,4,3,4,11,Loyal Customers,False,Active,False,Standard
13811,2011-06-09 09:54:00,183.12222222222223,3,814.5,3,3,3,9,Potential Loyalists,True,At Risk,False,Retention Opportunity
13812,2011-10-28 14:27:00,41.93263888888889,3,539.0,4,3,2,9,Potential Loyalists,False,Active,False,Standard
13813,2011-10-31 10:38:00,39.09166666666667,8,2765.4700000000003,4,4,4,12,Loyal Customers,False,Active,True,Standard
13814,2011-09-08 13:48:00,91.95972222222224,3,2257.32,3,3,4,10,Loyal Customers,True,At Risk,True,High Priority
13815,2011-11-17 14:19:00,21.938194444444445,8,7475.74,4,4,5,13,Champions,False,Active,True,Standard
13816,2011-11-16 08:38:00,23.175,2,571.6700000000001,4,2,2,8,Potential Loyalists,False,Active,False,Standard
13817,2011-11-10 17:49:00,28.792361111111116,2,382.98,4,2,2,8,Potential Loyalists,False,Active,False,Standard
13818,2010-10-06 12:35:00,429.0104166666667,1,61.28,1,1,1,3,Lost / Low Value,True,At Risk,False,Retention Opportunity
13819,2011-02-11 10:38:00,301.09166666666664,6,2642.35,2,4,4,10,Loyal Customers,True,At Risk,True,High Priority
13820,2010-10-17 13:46:00,417.9611111111111,3,652.75,1,3,3,7,Potential Loyalists,True,At Risk,False,Retention Opportunity
13821,2011-07-18 09:49:00,144.12569444444443,6,1379.08,3,4,4,11,Loyal Customers,True,At Risk,False,Retention Opportunity
13822,2011-12-04 12:13:00,5.0256944444444445,2,632.0,5,2,3,10,Loyal Customers,False,Active,False,Standard
13823,2011-11-21 10:22:00,18.102777777777774,7,3403.4500000000003,5,4,5,14,Champions,False,Active,True,Standard
13824,2011-11-07 12:41:00,32.00625,12,3314.76,4,5,5,14,Champions,False,Active,True,Standard
13825,2010-03-28 11:02:00,621.075,2,255.59,1,2,1,4,Lost / Low Value,True,At Risk,False,Retention Opportunity
13826,2011-06-16 13:48:00,175.9597222222222,1,189.5,3,1,1,5,At Risk,True,At Risk,False,Retention Opportunity
13827,2011-10-13 12:38:00,57.00833333333333,3,409.8,4,3,2,9,Potential Loyalists,False,Active,False,Standard
13828,2011-11-17 16:02:00,21.866666666666667,1,209.49,4,1,1,6,At Risk,False,Active,False,Standard
13829,2010-10-14 18:19:00,420.7715277777778,1,102.0,1,1,1,3,Lost / Low Value,True,At Risk,False,Retention Opportunity
13830,2010-05-07 12:24:00,581.0180555555555,1,156.85000000000002,1,1,1,3,Lost / Low Value,True,At Risk,False,Retention Opportunity
13831,2011-11-23 15:41:00,15.88125,18,6585.54,5,5,5,15,Champions,False,Active,True,Standard
13832,2011-11-20 15:36:00,18.884722222222223,2,609.89,5,2,3,10,Loyal Customers,False,Active,False,Standard
13833,2011-07-03 13:27:00,158.97430555555556,2,700.41,3,2,3,8,Potential Loyalists,True,At Risk,False,Retention Opportunity
13834,2010-05-12 10:27:00,576.0993055555556,2,324.19,1,2,2,5,At Risk,True,At Risk,False,Retention Opportunity
13835,2011-11-14 15:37:00,24.884027777777774,7,1095.27,4,4,3,11,Loyal Customers,False,Active,False,Standard
13836,2010-11-05 13:31:00,398.9715277777778,2,620.37,2,2,3,7,Potential Loyalists,True,At Risk,False,Retention Opportunity
13837,2011-05-12 12:10:00,211.02777777777777,2,266.59000000000003,2,2,1,5,At Risk,True,At Risk,False,Retention Opportunity
13838,2011-12-04 11:00:00,5.076388888888889,10,1690.07,5,5,4,14,Champions,False,Active,False,Standard
13839,2010-08-10 13:52:00,485.9569444444445,1,139.95000000000002,1,1,1,3,Lost / Low Value,True,At Risk,False,Retention Opportunity
13840,2010-10-19 13:34:00,415.9694444444444,1,651.4,1,1,3,5,At Risk,True,At Risk,False,Retention Opportunity
13841,2011-04-01 12:10:00,252.02777777777777,1,85.0,2,1,1,4,Lost / Low Value,True,At Risk,False,Retention Opportunity
13842,2011-10-12 10:51:00,58.08263888888889,18,5319.34,4,5,5,14,Champions,False,Active,True,Standard
13843,2010-11-23 17:48:00,380.7930555555556,1,319.75,2,1,2,5,At Risk,True,At Risk,False,Retention Opportunity
13844,2011-11-28 13:21:00,10.978472222222225,1,361.62,5,1,2,8,Potential Loyalists,False,Active,False,Standard
13845,2011-10-06 08:25:00,64.18402777777777,1,312.98,3,1,2,6,At Risk,True,At Risk,False,Retention Opportunity
13846,2011-11-15 12:07:00,24.02986111111111,4,1307.79,4,3,4,11,Loyal Customers,False,Active,False,Standard
13847,2009-12-20 10:41:00,719.0895833333333,1,310.72,1,1,2,4,Lost / Low Value,True,At Risk,False,Retention Opportunity
13848,2011-09-08 12:58:00,91.99444444444444,8,3015.0,3,4,5,12,Loyal Customers,True,At Risk,True,High Priority
13849,2011-10-19 10:59:00,51.07708333333333,5,3469.3,4,4,5,13,Champions,False,Active,True,Standard
13850,2011-08-02 14:04:00,128.94861111111112,1,1595.48,3,1,4,8,Potential Loyalists,True,At Risk,False,Retention Opportunity
13851,2011-09-05 12:36:00,95.00972222222222,8,4606.46,3,4,5,12,Loyal Customers,True,At Risk,True,High Priority
13852,2010-04-08 09:06:00,610.1555555555556,1,187.35,1,1,1,3,Lost / Low Value,True,At Risk,False,Retention Opportunity
13853,2011-10-13 14:18:00,56.93888888888889,1,1090.14,4,1,3,8,Potential Loyalists,False,Active,False,Standard
13854,2011-12-01 09:06:00,8.155555555555555,39,11944.56,5,5,5,15,Champions,False,Active,True,Standard
13855,2010-07-27 09:53:00,500.1229166666666,4,1310.34,1,3,4,8,Potential Loyalists,True,At Risk,False,Retention Opportunity
13856,2011-06-24 10:03:00,168.1159722222222,11,1142.03,3,5,3,11,Loyal Customers,True,At Risk,False,Retention Opportunity
13857,2010-11-11 12:54:00,392.9972222222222,6,1001.01,2,4,3,9,Potential Loyalists,True,At Risk,False,Retention Opportunity
13858,2011-10-13 16:17:00,56.85625,1,216.17,4,1,1,6,At Risk,False,Active,False,Standard
13859,2011-01-17 16:14:00,325.8583333333333,2,515.86,2,2,2,6,At Risk,True,At Risk,False,Retention Opportunity
13860,2011-12-08 12:57:00,0.9951388888888888,5,1245.9,5,4,4,13,Champions,False,Active,False,Standard
13861,2010-10-06 14:20:00,428.9375,2,273.26,1,2,1,4,Lost / Low Value,True,At Risk,False,Retention Opportunity
13862,2011-11-21 16:24:00,17.851388888888888,9,2556.09,5,5,4,14,Champions,False,Active,True,Standard
13863,2011-04-06 10:20:00,247.10416666666663,4,1239.55,2,3,4,9,Potential Loyalists,True,At Risk,False,Retention Opportunity
13864,2010-11-18 12:50:00,386.0,1,662.4000000000001,2,1,3,6,At Risk,True,At Risk,False,Retention Opportunity
13865,2011-10-12 13:31:00,57.97152777777778,4,501.56,4,3,2,9,Potential Loyalists,False,Active,False,Standard
13866,2011-09-26 14:54:00,73.91388888888889,1,145.67,3,1,1,5,At Risk,True,At Risk,False,Retention Opportunity
13867,2011-11-08 15:48:00,30.87638888888889,3,1005.09,4,3,3,10,Loyal Customers,False,Active,False,Standard
13868,2011-12-02 16:32:00,6.845833333333333,2,3192.54,5,2,5,12,Loyal Customers,False,Active,True,Standard
13869,2011-08-08 13:53:00,122.95625,10,7996.87,3,5,5,13,Champions,True,At Risk,True,High Priority
13870,2011-12-07 13:23:00,1.9770833333333333,15,5712.08,5,5,5,15,Champions,False,Active,True,Standard
13871,2011-11-17 10:49:00,22.084027777777777,17,7885.85,4,5,5,14,Champions,False,Active,True,Standard
13872,2010-06-30 15:35:00,526.8854166666666,3,919.57,1,3,3,7,Potential Loyalists,True,At Risk,False,Retention Opportunity
13873,2011-08-12 10:08:00,119.1125,8,1038.92,3,4,3,10,Loyal Customers,True,At Risk,False,Retention Opportunity
13874,2010-12-16 18:20:00,357.7708333333333,7,2049.15,2,4,4,10,Loyal Customers,True,At Risk,False,Retention Opportunity
13875,2011-10-17 09:36:00,53.13472222222222,14,4814.37,4,5,5,14,Champions,False,Active,True,Standard
13876,2011-10-07 10:22:00,63.102777777777774,1,122.7,3,1,1,5,At Risk,True,At Risk,False,Retention Opportunity
13877,2011-09-14 15:49:00,85.87569444444445,3,449.68,3,3,2,8,Potential Loyalists,True,At Risk,False,Retention Opportunity
13878,2011-10-16 12:19:00,54.02152777777778,4,2416.9,4,3,4,11,Loyal Customers,False,Active,True,Standard
13879,2010-03-04 10:49:00,645.0840277777778,1,395.5,1,1,2,4,Lost / Low Value,True,At Risk,False,Retention Opportunity
13880,2011-11-18 13:44:00,20.9625,17,4293.86,4,5,5,14,Champions,False,Active,True,Standard
13881,2011-12-06 12:50:00,3.0,43,45179.1,5,5,5,15,Champions,False,Active,True,Standard
13882,2011-12-07 11:16:00,2.0652777777777778,5,1191.13,5,4,3,12,Loyal Customers,False,Active,False,Standard
13883,2011-11-29 10:45:00,10.086805555555555,15,6560.02,5,5,5,15,Champions,False,Active,True,Standard
13884,2011-12-02 16:30:00,6.847222222222222,10,1825.03,5,5,4,14,Champions,False,Active,False,Standard
13885,2011-06-03 15:07:00,188.9048611111111,2,506.8,2,2,2,6,At Risk,True,At Risk,False,Retention Opportunity
13886,2011-09-29 13:17:00,70.98125,1,243.56,3,1,1,5,At Risk,True,At Risk,False,Retention Opportunity
13887,2011-05-19 17:22:00,203.8111111111111,1,349.55,2,1,2,5,At Risk,True,At Risk,False,Retention Opportunity
13888,2011-08-12 10:13:00,119.10902777777778,7,2001.59,3,4,4,11,Loyal Customers,True,At Risk,False,Retention Opportunity
13889,2011-09-08 09:13:00,92.15069444444444,6,1991.23,3,4,4,11,Loyal Customers,True,At Risk,False,Retention Opportunity
13890,2011-12-08 15:36:00,0.8847222222222222,14,2927.38,5,5,5,15,Champions,False,Active,True,Standard
13891,2010-11-26 15:57:00,377.8701388888889,3,859.21,2,3,3,8,Potential Loyalists,True,At Risk,False,Retention Opportunity
13892,2011-11-13 11:50:00,26.041666666666668,6,1267.65,4,4,4,12,Loyal Customers,False,Active,False,Standard
13893,2011-02-15 11:30:00,297.05555555555554,1,821.1,2,1,3,6,At Risk,True,At Risk,False,Retention Opportunity
13894,2011-11-16 09:44:00,23.129166666666663,3,564.62,4,3,2,9,Potential Loyalists,False,Active,False,Standard
13895,2011-11-11 16:57:00,27.82847222222222,6,4008.52,4,4,5,13,Champions,False,Active,True,Standard
13896,2010-03-24 08:55:00,625.1631944444445,1,388.55,1,1,2,4,Lost / Low Value,True,At Risk,False,Retention Opportunity
13897,2011-10-20 14:30:00,49.93055555555556,3,1160.72,4,3,3,10,Loyal Customers,False,Active,False,Standard
13898,2011-01-18 10:28:00,325.0986111111111,2,686.4,2,2,3,7,Potential Loyalists,True,At Risk,False,Retention Opportunity
13899,2011-11-23 13:40:00,15.96527777777778,2,388.52,5,2,2,9,Potential Loyalists,False,Active,False,Standard
13900,2011-06-09 19:26:00,182.725,6,1610.59,3,4,4,11,Loyal Customers,True,At Risk,False,Retention Opportunity
13901,2011-09-28 14:48:00,71.91805555555555,15,5676.34,3,5,5,13,Champions,True,At Risk,True,High Priority
13902,2010-03-17 13:09:00,631.9868055555555,5,34095.26,1,4,5,10,Loyal Customers,True,At Risk,True,High Priority
13903,2010-11-04 17:44:00,399.79583333333335,1,165.45000000000002,2,1,1,4,Lost / Low Value,True,At Risk,False,Retention Opportunity
13904,2011-11-02 13:41:00,36.96458333333333,2,332.64,4,2,2,8,Potential Loyalists,False,Active,False,Standard
13905,2009-12-07 11:41:00,732.0479166666667,1,312.65,1,1,2,4,Lost / Low Value,True,At Risk,False,Retention Opportunity
13906,2010-10-26 15:00:00,408.90972222222223,1,42.0,2,1,1,4,Lost / Low Value,True,At Risk,False,Retention Opportunity
13907,2010-01-17 12:22:00,691.0194444444444,1,136.8,1,1,1,3,Lost / Low Value,True,At Risk,False,Retention Opportunity
13908,2011-09-21 11:49:00,79.0423611111111,4,2369.55,3,3,4,10,Loyal Customers,True,At Risk,True,High Priority
13909,2010-10-12 17:22:00,422.81111111111113,2,282.85,1,2,1,4,Lost / Low Value,True,At Risk,False,Retention Opportunity
13911,2011-10-13 15:43:00,56.87986111111111,20,4234.99,4,5,5,14,Champions,False,Active,True,Standard
13912,2010-10-12 08:43:00,423.1715277777778,1,124.95,1,1,1,3,Lost / Low Value,True,At Risk,False,Retention Opportunity
13913,2010-07-21 10:11:00,506.11041666666665,1,42.22,1,1,1,3,Lost / Low Value,True,At Risk,False,Retention Opportunity
13914,2011-11-28 10:35:00,11.09375,2,626.45,5,2,3,10,Loyal Customers,False,Active,False,Standard
13915,2010-11-10 15:17:00,393.8979166666667,1,70.80000000000001,2,1,1,4,Lost / Low Value,True,At Risk,False,Retention Opportunity
13916,2010-09-02 10:04:00,463.1152777777778,4,1275.81,1,3,4,8,Potential Loyalists,True,At Risk,False,Retention Opportunity
13917,2011-10-21 09:56:00,49.12083333333333,2,272.04,4,2,1,7,Potential Loyalists,False,Active,False,Standard
13918,2011-10-21 12:25:00,49.01736111111112,2,1212.84,4,2,3,9,Potential Loyalists,False,Active,False,Standard
13919,2011-10-11 14:24:00,58.93472222222222,4,1360.68,3,3,4,10,Loyal Customers,False,Active,False,Standard
13920,2010-10-04 12:37:00,431.00902777777776,4,1774.68,1,3,4,8,Potential Loyalists,True,At Risk,False,Retention Opportunity
13921,2010-11-02 16:32:00,401.84583333333336,4,730.7,2,3,3,8,Potential Loyalists,True,At Risk,False,Retention Opportunity
13922,2010-12-23 10:38:00,351.09166666666664,3,865.2,2,3,3,8,Potential Loyalists,True,At Risk,False,Retention Opportunity
13923,2011-10-17 12:33:00,53.011805555555554,1,351.13,4,1,2,7,Potential Loyalists,False,Active,False,Standard
13924,2011-12-08 09:39:00,1.132638888888889,6,1838.85,5,4,4,13,Champions,False,Active,False,Standard
13925,2011-09-08 12:47:00,92.00208333333332,4,678.25,3,3,3,9,Potential Loyalists,True,At Risk,False,Retention Opportunity
13926,2011-11-16 13:16:00,22.981944444444444,1,223.85,4,1,1,6,At Risk,False,Active,False,Standard
13927,2011-09-26 12:00:00,74.03472222222223,2,708.26,3,2,3,8,Potential Loyalists,True,At Risk,False,Retention Opportunity
13928,2011-11-29 10:33:00,10.095138888888888,4,464.57,5,3,2,10,Loyal Customers,False,Active,False,Standard
13929,2011-06-23 15:26:00,168.89166666666668,11,3494.1,3,5,5,13,Champions,True,At Risk,True,High Priority
13930,2011-10-13 09:45:00,57.12847222222222,2,337.34,4,2,2,8,Potential Loyalists,False,Active,False,Standard
13931,2011-09-05 10:12:00,95.10972222222222,11,5257.38,3,5,5,13,Champions,True,At Risk,True,High Priority
13932,2011-02-18 12:02:00,294.03333333333336,1,307.4,2,1,2,5,At Risk,True,At Risk,False,Retention Opportunity
13933,2011-08-22 14:03:00,108.94930555555555,2,608.79,3,2,2,7,Potential Loyalists,True,At Risk,False,Retention Opportunity
13934,2011-03-21 08:39:00,263.1743055555556,1,922.1,2,1,3,6,At Risk,True,At Risk,False,Retention Opportunity
13935,2010-04-22 11:21:00,596.0618055555556,3,6116.92,1,3,5,9,Potential Loyalists,True,At Risk,True,High Priority
13936,2011-06-13 08:47:00,179.16875,3,939.66,3,3,3,9,Potential Loyalists,True,At Risk,False,Retention Opportunity
13937,2011-06-23 16:35:00,168.84375,2,880.13,3,2,3,8,Potential Loyalists,True,At Risk,False,Retention Opportunity
13938,2011-11-04 14:37:00,34.925694444444446,1,71.66,4,1,1,6,At Risk,False,Active,False,Standard
13939,2011-11-16 13:33:00,22.97013888888889,7,1560.96,4,4,4,12,Loyal Customers,False,Active,False,Standard
13940,2011-11-22 15:15:00,16.899305555555557,4,839.14,5,3,3,11,Loyal Customers,False,Active,False,Standard
13941,2011-11-18 09:43:00,21.12986111111111,15,10027.18,4,5,5,14,Champions,False,Active,True,Standard
13942,2010-06-23 12:35:00,534.0104166666666,1,320.0,1,1,2,4,Lost / Low Value,True,At Risk,False,Retention Opportunity
13943,2010-05-11 11:30:00,577.0555555555555,1,246.54,1,1,1,3,Lost / Low Value,True,At Risk,False,Retention Opportunity
13944,2010-02-24 15:02:00,652.9083333333333,1,200.43,1,1,1,3,Lost / Low Value,True,At Risk,False,Retention Opportunity
13945,2010-11-10 10:00:00,394.11805555555554,2,854.1500000000001,2,2,3,7,Potential Loyalists,True,At Risk,False,Retention Opportunity
13946,2011-09-21 13:33:00,78.97013888888888,6,1876.23,3,4,4,11,Loyal Customers,True,At Risk,False,Retention Opportunity
13947,2011-10-05 14:42:00,64.92222222222222,1,90.6,3,1,1,5,At Risk,True,At Risk,False,Retention Opportunity
13948,2010-12-14 10:18:00,360.10555555555555,4,548.76,2,3,2,7,Potential Loyalists,True,At Risk,False,Retention Opportunity
13949,2011-12-07 09:35:00,2.1354166666666665,6,2427.32,5,4,4,13,Champions,False,Active,True,Standard
13950,2011-11-28 14:44:00,10.920833333333333,4,745.0600000000001,5,3,3,11,Loyal Customers,False,Active,False,Standard
13951,2011-06-16 16:43:00,175.83819444444444,3,674.45,3,3,3,9,Potential Loyalists,True,At Risk,False,Retention Opportunity
13952,2011-05-06 09:00:00,217.15972222222223,14,12823.521,2,5,5,12,Loyal Customers,True,At Risk,True,High Priority
13953,2011-12-02 16:04:00,6.865277777777778,12,6640.68,5,5,5,15,Champions,False,Active,True,Standard
13954,2011-12-08 12:50:00,1.0,2,439.92,5,2,2,9,Potential Loyalists,False,Active,False,Standard
13955,2011-07-08 17:19:00,153.81319444444443,3,544.0699999999999,3,3,2,8,Potential Loyalists,True,At Risk,False,Retention Opportunity
13956,2011-12-04 13:20:00,4.979166666666667,5,1019.27,5,4,3,12,Loyal Customers,False,Active,False,Standard
13957,2010-10-18 10:02:00,417.1166666666667,3,458.25,1,3,2,6,At Risk,True,At Risk,False,Retention Opportunity
13958,2010-11-25 10:11:00,379.11041666666665,8,4709.2300000000005,2,4,5,11,Loyal Customers,True,At Risk,True,High Priority
13959,2011-09-21 15:06:00,78.90555555555555,6,1064.77,3,4,3,10,Loyal Customers,True,At Risk,False,Retention Opportunity
13960,2011-11-18 15:27:00,20.89097222222222,2,230.22,4,2,1,7,Potential Loyalists,False,Active,False,Standard
13961,2010-11-12 14:40:00,391.9236111111111,1,538.4,2,1,2,5,At Risk,True,At Risk,False,Retention Opportunity
13962,2011-11-18 08:47:00,21.16875,3,362.8,4,3,2,9,Potential Loyalists,False,Active,False,Standard
13963,2011-02-04 14:43:00,307.9215277777778,17,2860.57,2,5,4,11,Loyal Customers,True,At Risk,True,High Priority
13964,2010-11-17 13:53:00,386.95625,2,438.9,2,2,2,6,At Risk,True,At Risk,False,Retention Opportunity
13965,2010-08-20 10:40:00,476.09027777777777,3,996.61,1,3,3,7,Potential Loyalists,True,At Risk,False,Retention Opportunity
13966,2010-09-30 13:08:00,434.9875,1,384.26,1,1,2,4,Lost / Low Value,True,At Risk,False,Retention Opportunity
13967,2011-07-17 12:02:00,145.03333333333333,2,166.3,3,2,1,6,At Risk,True,At Risk,False,Retention Opportunity
13968,2010-10-12 13:22:00,422.97777777777776,1,123.66,1,1,1,3,Lost / Low Value,True,At Risk,False,Retention Opportunity
13969,2011-12-02 15:11:00,6.902083333333334,35,12973.46,5,5,5,15,Champions,False,Active,True,Standard
13970,2010-11-18 13:21:00,385.9784722222222,2,846.55,2,2,3,7,Potential Loyalists,True,At Risk,False,Retention Opportunity
13971,2011-11-21 12:06:00,18.030555555555555,14,4667.57,5,5,5,15,Champions,False,Active,True,Standard
13972,2011-09-30 11:54:00,70.03888888888889,2,190.25,3,2,1,6,At Risk,True,At Risk,False,Retention Opportunity
13973,2011-02-25 15:21:00,286.8951388888889,1,264.7,2,1,1,4,Lost / Low Value,True,At Risk,False,Retention Opportunity
13974,2011-10-21 14:41:00,48.922916666666666,2,677.72,4,2,3,9,Potential Loyalists,False,Active,False,Standard
13975,2011-11-08 13:19:00,30.979861111111116,12,5256.4,4,5,5,14,Champions,False,Active,True,Standard
13976,2011-05-17 09:13:00,206.15069444444444,4,1192.36,2,3,3,8,Potential Loyalists,True,At Risk,False,Retention Opportunity
13977,2010-10-24 14:08:00,410.9458333333333,1,519.8100000000001,1,1,2,4,Lost / Low Value,True,At Risk,False,Retention Opportunity
13978,2011-11-25 11:36:00,14.051388888888887,2,196.79,5,2,1,8,Potential Loyalists,False,Active,False,Standard
13979,2011-09-27 13:32:00,72.97083333333333,7,3379.93,3,4,5,12,Loyal Customers,True,At Risk,True,High Priority
13980,2011-10-10 13:34:00,59.96944444444444,5,768.8199999999999,3,4,3,10,Loyal Customers,False,Active,False,Standard
13981,2010-10-20 10:03:00,415.11597222222224,1,331.14,1,1,2,4,Lost / Low Value,True,At Risk,False,Retention Opportunity
13982,2011-10-31 16:24:00,38.85138888888889,9,3954.29,4,5,5,14,Champions,False,Active,True,Standard
13983,2011-11-10 11:06:00,29.072222222222223,21,6753.89,4,5,5,14,Champions,False,Active,True,Standard
13984,2011-11-13 12:38:00,26.008333333333333,12,1893.8,4,5,4,13,Champions,False,Active,False,Standard
13985,2011-12-05 17:06:00,3.8222222222222224,22,10020.86,5,5,5,15,Champions,False,Active,True,Standard
13986,2011-11-22 15:00:00,16.90972222222222,1,320.46,5,1,2,8,Potential Loyalists,False,Active,False,Standard
13987,2010-11-25 10:20:00,379.1041666666667,2,682.54,2,2,3,7,Potential Loyalists,True,At Risk,False,Retention Opportunity
13988,2011-11-20 10:15:00,19.10763888888889,8,4757.8,4,4,5,13,Champions,False,Active,True,Standard
13989,2011-10-05 09:47:00,65.12708333333333,5,2026.06,3,4,4,11,Loyal Customers,True,At Risk,False,Retention Opportunity
13990,2011-05-10 15:19:00,212.89652777777775,1,311.3,2,1,2,5,At Risk,True,At Risk,False,Retention Opportunity
13991,2011-11-27 16:18:00,11.855555555555556,6,852.88,5,4,3,12,Loyal Customers,False,Active,False,Standard
13992,2011-11-09 15:23:00,29.89375,3,219.5,4,3,1,8,Potential Loyalists,False,Active,False,Standard
13993,2011-10-28 09:06:00,42.15555555555556,19,6775.71,4,5,5,14,Champions,False,Active,True,Standard
13994,2011-12-06 11:05:00,3.0729166666666665,6,2274.14,5,4,4,13,Champions,False,Active,True,Standard
13995,2011-11-24 14:22:00,14.936111111111112,14,3902.01,5,5,5,15,Champions,False,Active,True,Standard
13996,2010-11-18 16:27:00,385.84930555555553,2,895.76,2,2,3,7,Potential Loyalists,True,At Risk,False,Retention Opportunity
13997,2010-07-08 18:06:00,518.7805555555556,3,376.46,1,3,2,6,At Risk,True,At Risk,False,Retention Opportunity
13998,2010-09-19 10:20:00,446.1041666666667,3,566.7,1,3,2,6,At Risk,True,At Risk,False,Retention Opportunity
13999,2011-11-29 13:40:00,9.96527777777778,29,9502.26,5,5,5,15,Champions,False,Active,True,Standard
14000,2011-05-12 16:50:00,210.83333333333331,5,2046.34,2,4,4,10,Loyal Customers,True,At Risk,False,Retention Opportunity
14001,2011-10-25 10:31:00,45.09652777777778,9,4228.85,4,5,5,14,Champions,False,Active,True,Standard
14002,2011-07-28 15:55:00,133.87152777777777,2,529.73,3,2,2,7,Potential Loyalists,True,At Risk,False,Retention Opportunity
14003,2009-12-07 08:53:00,732.1645833333333,1,209.41,1,1,1,3,Lost / Low Value,True,At Risk,False,Retention Opportunity
14004,2011-10-27 14:40:00,42.92361111111112,11,6258.45,4,5,5,14,Champions,False,Active,True,Standard
14005,2011-11-30 12:41:00,9.00625,5,2874.72,5,4,4,13,Champions,False,Active,True,Standard
14006,2011-08-16 09:39:00,115.13263888888888,7,2196.67,3,4,4,11,Loyal Customers,True,At Risk,False,Retention Opportunity
14007,2010-07-15 09:06:00,512.1555555555556,1,79.48,1,1,1,3,Lost / Low Value,True,At Risk,False,Retention Opportunity
14008,2010-10-03 13:09:00,431.9868055555556,1,509.04,1,1,2,4,Lost / Low Value,True,At Risk,False,Retention Opportunity
14009,2011-05-25 15:47:00,197.87708333333333,3,1099.91,2,3,3,8,Potential Loyalists,True,At Risk,False,Retention Opportunity
14010,2010-05-23 13:00:00,564.9930555555555,2,445.15,1,2,2,5,At Risk,True,At Risk,False,Retention Opportunity
14011,2010-08-16 15:31:00,479.8881944444444,2,457.82,1,2,2,5,At Risk,True,At Risk,False,Retention Opportunity
14012,2011-03-07 12:26:00,277.01666666666665,1,328.8,2,1,2,5,At Risk,True,At Risk,False,Retention Opportunity
14013,2011-08-21 15:01:00,109.90902777777778,5,1084.57,3,4,3,10,Loyal Customers,True,At Risk,False,Retention Opportunity
14014,2011-09-23 13:18:00,76.98055555555555,3,1948.21,3,3,4,10,Loyal Customers,True,At Risk,False,Retention Opportunity
14015,2011-10-18 10:02:00,52.11666666666667,1,917.34,4,1,3,8,Potential Loyalists,False,Active,False,Standard
14016,2011-07-01 11:29:00,161.05625,11,11403.41,3,5,5,13,Champions,True,At Risk,True,High Priority
14017,2010-05-17 14:52:00,570.9152777777778,1,229.75,1,1,1,3,Lost / Low Value,True,At Risk,False,Retention Opportunity
14018,2010-03-04 14:23:00,644.9354166666667,1,367.15,1,1,2,4,Lost / Low Value,True,At Risk,False,Retention Opportunity
14019,2011-10-24 10:13:00,46.109027777777776,3,1421.61,4,3,4,11,Loyal Customers,False,Active,False,Standard
14020,2011-11-23 09:22:00,16.144444444444446,4,1249.01,5,3,4,12,Loyal Customers,False,Active,False,Standard
14021,2011-07-07 15:46:00,154.87777777777777,7,1716.58,3,4,4,11,Loyal Customers,True,At Risk,False,Retention Opportunity
14022,2011-04-28 14:39:00,224.92430555555555,2,792.15,2,2,3,7,Potential Loyalists,True,At Risk,False,Retention Opportunity
14023,2011-12-02 13:58:00,6.9527777777777775,2,584.07,5,2,2,9,Potential Loyalists,False,Active,False,Standard
14024,2011-08-10 11:30:00,121.05555555555556,3,645.74,3,3,3,9,Potential Loyalists,True,At Risk,False,Retention Opportunity
14025,2010-09-01 10:11:00,464.11041666666665,8,4057.9,1,4,5,10,Loyal Customers,True,At Risk,True,High Priority
14026,2010-08-26 10:31:00,470.0965277777778,2,713.11,1,2,3,6,At Risk,True,At Risk,False,Retention Opportunity
14027,2011-10-10 09:01:00,60.15902777777778,1,104.82,3,1,1,5,At Risk,True,At Risk,False,Retention Opportunity
14028,2010-06-07 13:33:00,549.9701388888889,3,10396.5,1,3,5,9,Potential Loyalists,True,At Risk,True,High Priority
14029,2011-10-07 14:46:00,62.91944444444445,2,467.66,3,2,2,7,Potential Loyalists,True,At Risk,False,Retention Opportunity
14030,2011-11-21 16:48:00,17.834722222222222,20,7521.8,5,5,5,15,Champions,False,Active,True,Standard
14031,2011-12-02 17:13:00,6.817361111111111,44,39019.51,5,5,5,15,Champions,False,Active,True,Standard
14032,2011-12-07 15:23:00,1.89375,16,4546.41,5,5,5,15,Champions,False,Active,True,Standard
14033,2010-06-02 15:10:00,554.9027777777778,1,109.44,1,1,1,3,Lost / Low Value,True,At Risk,False,Retention Opportunity
14034,2011-11-17 14:02:00,21.95,3,648.89,4,3,3,10,Loyal Customers,False,Active,False,Standard
14035,2011-11-11 10:03:00,28.115972222222226,9,2794.75,4,5,4,13,Champions,False,Active,True,Standard
14036,2011-02-28 09:26:00,284.14166666666665,1,626.65,2,1,3,6,At Risk,True,At Risk,False,Retention Opportunity
14037,2011-06-16 13:57:00,175.95347222222222,6,836.95,3,4,3,10,Loyal Customers,True,At Risk,False,Retention Opportunity
14038,2011-09-22 13:37:00,77.96736111111112,5,3069.88,3,4,5,12,Loyal Customers,True,At Risk,True,High Priority
14039,2011-11-06 13:48:00,32.959722222222226,2,267.28000000000003,4,2,1,7,Potential Loyalists,False,Active,False,Standard
14040,2011-10-30 12:42:00,40.00555555555555,35,12523.81,4,5,5,14,Champions,False,Active,True,Standard
14041,2011-03-18 13:25:00,265.97569444444446,1,141.41,2,1,1,4,Lost / Low Value,True,At Risk,False,Retention Opportunity
14042,2009-12-14 15:07:00,724.9048611111111,1,431.98,1,1,2,4,Lost / Low Value,True,At Risk,False,Retention Opportunity
14043,2010-08-05 18:18:00,490.77222222222224,2,302.6,1,2,2,5,At Risk,True,At Risk,False,Retention Opportunity
14044,2011-11-13 12:05:00,26.03125,10,3077.7,4,5,5,14,Champions,False,Active,True,Standard
14045,2011-08-22 15:27:00,108.89097222222222,16,10986.63,3,5,5,13,Champions,True,At Risk,True,High Priority
14046,2011-02-28 14:48:00,283.91805555555555,1,154.99,2,1,1,4,Lost / Low Value,True,At Risk,False,Retention Opportunity
14047,2011-12-01 11:43:00,8.046527777777778,14,3968.11,5,5,5,15,Champions,False,Active,True,Standard
14048,2011-02-07 14:53:00,304.9145833333333,3,748.69,2,3,3,8,Potential Loyalists,True,At Risk,False,Retention Opportunity
14049,2011-11-23 12:20:00,16.020833333333332,13,13023.4,5,5,5,15,Champions,False,Active,True,Standard
14050,2011-11-08 10:00:00,31.11805555555556,2,746.36,4,2,3,9,Potential Loyalists,False,Active,False,Standard
14051,2011-12-09 10:20:00,0.1041666666666666,37,21770.98,5,5,5,15,Champions,False,Active,True,Standard
14052,2011-11-20 12:30:00,19.01388888888889,2,466.66,4,2,2,8,Potential Loyalists,False,Active,False,Standard
14053,2011-08-07 14:27:00,123.93263888888887,4,572.3,3,3,2,8,Potential Loyalists,True,At Risk,False,Retention Opportunity
14054,2011-10-05 15:49:00,64.87569444444445,1,92.46,3,1,1,5,At Risk,True,At Risk,False,Retention Opportunity
14055,2011-08-25 15:04:00,105.90694444444443,3,1520.96,3,3,4,10,Loyal Customers,True,At Risk,False,Retention Opportunity
14056,2011-12-08 13:36:00,0.9680555555555556,23,8152.71,5,5,5,15,Champions,False,Active,True,Standard
14057,2011-11-16 10:32:00,23.09583333333333,22,8346.66,4,5,5,14,Champions,False,Active,True,Standard
14058,2010-09-03 09:31:00,462.1381944444444,2,469.19,1,2,2,5,At Risk,True,At Risk,False,Retention Opportunity
14059,2011-03-18 10:06:00,266.1138888888889,1,183.6,2,1,1,4,Lost / Low Value,True,At Risk,False,Retention Opportunity
14060,2011-12-05 12:29:00,4.014583333333333,30,8898.24,5,5,5,15,Champions,False,Active,True,Standard
14061,2010-07-20 17:22:00,506.81111111111113,3,917.43,1,3,3,7,Potential Loyalists,True,At Risk,False,Retention Opportunity
14062,2011-11-30 10:04:00,9.115277777777775,24,25585.65,5,5,5,15,Champions,False,Active,True,Standard
14063,2010-09-27 16:18:00,437.8555555555556,9,22710.2,1,5,5,11,Loyal Customers,True,At Risk,True,High Priority
14064,2011-11-10 13:14:00,28.98333333333333,15,3260.24,4,5,5,14,Champions,False,Active,True,Standard
14065,2010-11-15 16:13:00,388.8590277777778,3,891.02,2,3,3,8,Potential Loyalists,True,At Risk,False,Retention Opportunity
14066,2011-03-18 12:21:00,266.0201388888889,1,152.55,2,1,1,4,Lost / Low Value,True,At Risk,False,Retention Opportunity
14067,2011-10-07 10:21:00,63.10347222222222,2,374.7,3,2,2,7,Potential Loyalists,True,At Risk,False,Retention Opportunity
14068,2011-01-23 16:02:00,319.8666666666667,4,1516.72,2,3,4,9,Potential Loyalists,True,At Risk,False,Retention Opportunity
14069,2010-07-13 12:12:00,514.0263888888888,2,225.81,1,2,1,4,Lost / Low Value,True,At Risk,False,Retention Opportunity
14070,2010-01-24 12:27:00,684.0159722222222,1,321.6,1,1,2,4,Lost / Low Value,True,At Risk,False,Retention Opportunity
14071,2011-12-06 12:27:00,3.015972222222222,8,1437.57,5,4,4,13,Champions,False,Active,False,Standard
14072,2010-02-11 12:31:00,666.0131944444445,1,390.85,1,1,2,4,Lost / Low Value,True,At Risk,False,Retention Opportunity
14073,2011-11-07 15:49:00,31.875694444444445,1,151.04,4,1,1,6,At Risk,False,Active,False,Standard
14074,2010-03-26 13:55:00,622.9548611111111,1,219.4,1,1,1,3,Lost / Low Value,True,At Risk,False,Retention Opportunity
14075,2011-12-05 08:38:00,4.175,6,1734.87,5,4,4,13,Champions,False,Active,False,Standard
14076,2011-08-02 15:19:00,128.89652777777778,1,118.67,3,1,1,5,At Risk,True,At Risk,False,Retention Opportunity
14077,2011-10-30 12:35:00,40.01041666666666,6,615.08,4,4,3,11,Loyal Customers,False,Active,False,Standard
14078,2011-08-30 12:16:00,101.02361111111112,9,1553.47,3,5,4,12,Loyal Customers,True,At Risk,False,Retention Opportunity
14079,2011-08-07 12:10:00,124.02777777777776,2,618.73,3,2,3,8,Potential Loyalists,True,At Risk,False,Retention Opportunity
14080,2011-11-07 11:09:00,32.07013888888889,5,1115.68,4,4,3,11,Loyal Customers,False,Active,False,Standard
14081,2011-02-10 16:17:00,301.85625,10,4867.57,2,5,5,12,Loyal Customers,True,At Risk,True,High Priority
14082,2010-12-10 11:02:00,364.075,2,413.36,2,2,2,6,At Risk,True,At Risk,False,Retention Opportunity
14083,2011-12-05 13:14:00,3.983333333333333,11,1082.19,5,5,3,13,Champions,False,Active,False,Standard
14084,2010-07-15 14:36:00,511.9263888888889,1,150.5,1,1,1,3,Lost / Low Value,True,At Risk,False,Retention Opportunity
14085,2011-12-07 13:46:00,1.961111111111111,33,9720.67,5,5,5,15,Champions,False,Active,True,Standard
14086,2010-09-03 10:52:00,462.0819444444445,1,39.95,1,1,1,3,Lost / Low Value,True,At Risk,False,Retention Opportunity
14087,2011-12-07 12:41:00,2.00625,3,829.47,5,3,3,11,Loyal Customers,False,Active,False,Standard
14088,2011-11-29 16:16:00,9.856944444444444,16,64036.8,5,5,5,15,Champions,False,Active,True,Standard
14089,2011-10-14 10:38:00,56.09166666666667,1,158.75,4,1,1,6,At Risk,False,Active,False,Standard
14090,2011-01-19 10:51:00,324.0826388888889,1,76.32000000000001,2,1,1,4,Lost / Low Value,True,At Risk,False,Retention Opportunity
14091,2010-02-23 15:17:00,653.8979166666667,2,9530.08,1,2,5,8,Potential Loyalists,True,At Risk,True,High Priority
14092,2011-12-02 12:13:00,7.0256944444444445,24,7229.45,5,5,5,15,Champions,False,Active,True,Standard
14093,2011-11-27 16:27:00,11.849305555555556,1,433.86,5,1,2,8,Potential Loyalists,False,Active,False,Standard
14094,2010-09-26 11:58:00,439.0361111111111,1,311.77,1,1,2,4,Lost / Low Value,True,At Risk,False,Retention Opportunity
14095,2009-12-17 12:49:00,722.0006944444444,1,2.95,1,1,1,3,Lost / Low Value,True,At Risk,False,Retention Opportunity
14096,2011-12-05 17:17:00,3.814583333333333,17,65164.79,5,5,5,15,Champions,False,Active,True,Standard
14097,2010-08-15 14:20:00,480.9375,2,422.86,1,2,2,5,At Risk,True,At Risk,False,Retention Opportunity
14098,2011-11-03 10:13:00,36.109027777777776,1,147.35,4,1,1,6,At Risk,False,Active,False,Standard
14099,2011-11-23 13:53:00,15.95625,20,5750.91,5,5,5,15,Champions,False,Active,True,Standard
14100,2011-07-25 11:01:00,137.07569444444445,1,191.95,3,1,1,5,At Risk,True,At Risk,False,Retention Opportunity
14101,2011-09-27 12:28:00,73.01527777777778,13,9961.93,3,5,5,13,Champions,True,At Risk,True,High Priority
14102,2011-12-04 15:38:00,4.883333333333334,5,1105.88,5,4,3,12,Loyal Customers,False,Active,False,Standard
14104,2011-07-08 12:50:00,154.0,5,743.53,3,4,3,10,Loyal Customers,True,At Risk,False,Retention Opportunity
14105,2011-04-14 17:58:00,238.7861111111111,5,5988.83,2,4,5,11,Loyal Customers,True,At Risk,True,High Priority
14106,2009-12-02 14:09:00,736.9451388888889,1,214.8,1,1,1,3,Lost / Low Value,True,At Risk,False,Retention Opportunity
14107,2011-10-19 12:12:00,51.02638888888889,11,4877.3,4,5,5,14,Champions,False,Active,True,Standard
14108,2011-11-09 10:41:00,30.089583333333334,4,1044.96,4,3,3,10,Loyal Customers,False,Active,False,Standard
14109,2011-09-28 10:18:00,72.10555555555555,1,144.2,3,1,1,5,At Risk,True,At Risk,False,Retention Opportunity
14110,2011-12-06 12:26:00,3.0166666666666666,33,12987.95,5,5,5,15,Champions,False,Active,True,Standard
14111,2011-11-25 13:44:00,13.9625,4,692.85,5,3,3,11,Loyal Customers,False,Active,False,Standard
14112,2011-11-17 12:30:00,22.01388888888889,13,5834.59,4,5,5,14,Champions,False,Active,True,Standard
14113,2011-12-06 12:18:00,3.022222222222222,16,7092.610000000001,5,5,5,15,Champions,False,Active,True,Standard
14114,2011-03-11 09:42:00,273.1305555555556,7,1364.09,2,4,4,10,Loyal Customers,True,At Risk,False,Retention Opportunity
14115,2010-07-26 12:36:00,501.0097222222222,2,622.67,1,2,3,6,At Risk,True,At Risk,False,Retention Opportunity
14116,2011-11-20 10:29:00,19.097916666666663,5,1382.74,4,4,4,12,Loyal Customers,False,Active,False,Standard
14117,2011-07-19 09:49:00,143.12569444444443,1,90.0,3,1,1,5,At Risk,True,At Risk,False,Retention Opportunity
14118,2010-10-07 11:59:00,428.03541666666666,1,458.45,1,1,2,4,Lost / Low Value,True,At Risk,False,Retention Opportunity
14119,2010-11-29 10:33:00,375.09513888888887,2,183.37,2,2,1,5,At Risk,True,At Risk,False,Retention Opportunity
14121,2011-12-06 12:19:00,3.0215277777777776,4,2780.15,5,3,4,12,Loyal Customers,False,Active,True,Standard
14122,2010-10-29 15:11:00,405.9020833333333,3,362.42,2,3,2,7,Potential Loyalists,True,At Risk,False,Retention Opportunity
14123,2009-12-06 15:35:00,732.8854166666666,1,436.18,1,1,2,4,Lost / Low Value,True,At Risk,False,Retention Opportunity
14124,2011-09-16 13:32:00,83.97083333333333,1,419.58,3,1,2,6,At Risk,True,At Risk,False,Retention Opportunity
14125,2011-11-29 12:47:00,10.002083333333331,3,2720.63,5,3,4,12,Loyal Customers,False,Active,True,Standard
14126,2011-12-02 11:45:00,7.045138888888889,4,1172.46,5,3,3,11,Loyal Customers,False,Active,False,Standard
14127,2011-08-09 10:49:00,122.08402777777778,6,1900.08,3,4,4,11,Loyal Customers,True,At Risk,False,Retention Opportunity
14128,2011-10-10 12:00:00,60.03472222222222,3,924.21,3,3,3,9,Potential Loyalists,True,At Risk,False,Retention Opportunity
14129,2011-12-08 11:02:00,1.075,9,2591.34,5,5,4,14,Champions,False,Active,True,Standard
14130,2011-01-24 16:05:00,318.8645833333333,4,1858.77,2,3,4,9,Potential Loyalists,True,At Risk,False,Retention Opportunity
14131,2010-03-01 11:59:00,648.0354166666667,1,168.22,1,1,1,3,Lost / Low Value,True,At Risk,False,Retention Opportunity
14132,2011-12-07 13:35:00,1.96875,11,3586.03,5,5,5,15,Champions,False,Active,True,Standard
14133,2011-08-02 11:34:00,129.05277777777778,4,911.14,3,3,3,9,Potential Loyalists,True,At Risk,False,Retention Opportunity
14134,2010-11-22 12:26:00,382.01666666666665,15,11123.35,2,5,5,12,Loyal Customers,True,At Risk,True,High Priority
14135,2011-12-08 11:38:00,1.05,24,8839.67,5,5,5,15,Champions,False,Active,True,Standard
14136,2010-11-04 11:53:00,400.0395833333333,5,1570.81,2,4,4,10,Loyal Customers,True,At Risk,False,Retention Opportunity
14137,2010-01-13 12:30:00,695.0138888888889,1,332.7,1,1,2,4,Lost / Low Value,True,At Risk,False,Retention Opportunity
14138,2011-12-08 12:44:00,1.0041666666666669,2,965.88,5,2,3,10,Loyal Customers,False,Active,False,Standard
14139,2011-10-24 13:34:00,45.96944444444444,4,1086.8,4,3,3,10,Loyal Customers,False,Active,False,Standard
14140,2011-12-06 09:05:00,3.15625,2,935.05,5,2,3,10,Loyal Customers,False,Active,False,Standard
14141,2011-12-07 09:53:00,2.122916666666667,4,915.13,5,3,3,11,Loyal Customers,False,Active,False,Standard
14142,2010-12-01 16:33:00,372.84513888888887,2,671.34,2,2,3,7,Potential Loyalists,True,At Risk,False,Retention Opportunity
14143,2011-07-29 09:48:00,133.1263888888889,1,115.8,3,1,1,5,At Risk,True,At Risk,False,Retention Opportunity
14144,2010-08-10 15:17:00,485.8979166666667,1,30.6,1,1,1,3,Lost / Low Value,True,At Risk,False,Retention Opportunity
14145,2011-10-24 12:10:00,46.02777777777778,7,7600.05,4,4,5,13,Champions,False,Active,True,Standard
14146,2011-12-01 10:18:00,8.105555555555556,12,9450.3,5,5,5,15,Champions,False,Active,True,Standard
14147,2011-09-22 18:10:00,77.77777777777777,9,2590.2,3,5,4,12,Loyal Customers,True,At Risk,True,High Priority
14148,2011-04-20 12:02:00,233.03333333333333,2,466.29,2,2,2,6,At Risk,True,At Risk,False,Retention Opportunity
14149,2011-05-03 09:44:00,220.12916666666663,1,446.62,2,1,2,5,At Risk,True,At Risk,False,Retention Opportunity
14150,2011-11-04 10:05:00,35.114583333333336,2,658.64,4,2,3,9,Potential Loyalists,False,Active,False,Standard
14151,2010-02-04 15:35:00,672.8854166666666,2,679.45,1,2,3,6,At Risk,True,At Risk,False,Retention Opportunity
14152,2011-09-25 12:54:00,74.99722222222222,7,1997.34,3,4,4,11,Loyal Customers,True,At Risk,False,Retention Opportunity
14153,2010-08-13 14:35:00,482.9270833333333,1,233.4,1,1,1,3,Lost / Low Value,True,At Risk,False,Retention Opportunity
14154,2011-04-14 16:26:00,238.85,8,6460.7,2,4,5,11,Loyal Customers,True,At Risk,True,High Priority
14155,2011-03-18 14:13:00,265.9423611111111,1,118.75,2,1,1,4,Lost / Low Value,True,At Risk,False,Retention Opportunity
14156,2011-11-30 10:54:00,9.080555555555556,156,313437.62,5,5,5,15,Champions,False,Active,True,Standard
14157,2011-11-20 11:32:00,19.054166666666667,5,978.69,4,4,3,11,Loyal Customers,False,Active,False,Standard
14158,2011-10-30 15:08:00,39.90416666666667,1,507.66,4,1,2,7,Potential Loyalists,False,Active,False,Standard
14159,2011-11-20 12:36:00,19.009722222222223,20,7860.8,4,5,5,14,Champions,False,Active,True,Standard
14160,2010-04-08 14:30:00,609.9305555555555,7,8421.47,1,4,5,10,Loyal Customers,True,At Risk,True,High Priority
14161,2011-05-08 11:41:00,215.04791666666668,7,2996.93,2,4,5,11,Loyal Customers,True,At Risk,True,High Priority
14162,2011-06-19 11:36:00,173.05138888888888,2,289.36,3,2,2,7,Potential Loyalists,True,At Risk,False,Retention Opportunity
14163,2011-09-13 15:18:00,86.89722222222223,5,2594.62,3,4,4,11,Loyal Customers,True,At Risk,True,High Priority
14164,2011-09-30 12:24:00,70.01805555555555,2,1631.77,3,2,4,9,Potential Loyalists,True,At Risk,False,Retention Opportunity
14165,2011-03-09 12:39:00,275.0076388888889,1,120.44,2,1,1,4,Lost / Low Value,True,At Risk,False,Retention Opportunity
14166,2010-07-22 19:42:00,504.7138888888889,2,251.15,1,2,1,4,Lost / Low Value,True,At Risk,False,Retention Opportunity
14167,2011-10-31 14:29:00,38.93125,8,1274.29,4,4,4,12,Loyal Customers,False,Active,False,Standard
14168,2010-10-15 10:49:00,420.0840277777778,2,370.45,1,2,2,5,At Risk,True,At Risk,False,Retention Opportunity
14169,2010-10-05 08:45:00,430.1701388888889,2,621.51,1,2,3,6,At Risk,True,At Risk,False,Retention Opportunity
14170,2010-11-29 13:10:00,374.9861111111111,3,570.18,2,3,2,7,Potential Loyalists,True,At Risk,False,Retention Opportunity
14171,2011-09-02 16:43:00,97.83819444444444,2,498.79,3,2,2,7,Potential Loyalists,True,At Risk,False,Retention Opportunity
14172,2010-04-13 13:26:00,604.975,3,369.02,1,3,2,6,At Risk,True,At Risk,False,Retention Opportunity
14173,2011-11-29 11:54:00,10.03888888888889,6,586.0,5,4,2,11,Loyal Customers,False,Active,False,Standard
14174,2011-11-06 13:17:00,32.98125,1,134.46,4,1,1,6,At Risk,False,Active,False,Standard
14175,2011-10-11 11:55:00,59.03819444444444,8,7678.88,3,4,5,12,Loyal Customers,False,Active,True,Standard
14176,2011-02-15 13:12:00,296.9847222222222,5,756.46,2,4,3,9,Potential Loyalists,True,At Risk,False,Retention Opportunity
14177,2011-09-14 15:11:00,85.90208333333334,13,2209.69,3,5,4,12,Loyal Customers,True,At Risk,False,Retention Opportunity
14178,2011-12-01 12:01:00,8.034027777777778,7,1600.26,5,4,4,13,Champions,False,Active,False,Standard
14179,2011-10-30 12:07:00,40.02986111111111,2,701.57,4,2,3,9,Potential Loyalists,False,Active,False,Standard
14180,2011-11-29 10:56:00,10.079166666666667,33,6117.5,5,5,5,15,Champions,False,Active,True,Standard
14181,2010-10-25 08:27:00,410.1826388888889,2,308.35,1,2,2,5,At Risk,True,At Risk,False,Retention Opportunity
14182,2010-09-22 11:45:00,443.0451388888889,4,678.77,1,3,3,7,Potential Loyalists,True,At Risk,False,Retention Opportunity
14183,2010-10-24 14:45:00,410.9201388888889,2,278.34000000000003,1,2,1,4,Lost / Low Value,True,At Risk,False,Retention Opportunity
14184,2011-10-04 12:43:00,66.00486111111111,1,452.89,3,1,2,6,At Risk,True,At Risk,False,Retention Opportunity
14185,2011-01-12 13:52:00,330.95694444444445,1,197.65,2,1,1,4,Lost / Low Value,True,At Risk,False,Retention Opportunity
14186,2010-10-08 13:30:00,426.97222222222223,5,1550.63,1,4,4,9,Potential Loyalists,True,At Risk,False,Retention Opportunity
14187,2010-08-23 12:06:00,473.0305555555556,1,123.5,1,1,1,3,Lost / Low Value,True,At Risk,False,Retention Opportunity
14188,2011-11-09 12:45:00,30.00347222222222,6,2054.36,4,4,4,12,Loyal Customers,False,Active,False,Standard
14189,2011-12-07 15:55:00,1.8715277777777777,16,5503.150000000001,5,5,5,15,Champions,False,Active,True,Standard
14190,2010-02-11 14:27:00,665.9326388888888,1,79.9,1,1,1,3,Lost / Low Value,True,At Risk,False,Retention Opportunity
14191,2011-12-08 09:23:00,1.14375,15,4817.66,5,5,5,15,Champions,False,Active,True,Standard
14192,2010-11-16 17:44:00,387.79583333333335,1,293.74,2,1,2,5,At Risk,True,At Risk,False,Retention Opportunity
14193,2011-10-03 09:34:00,67.1361111111111,3,1210.19,3,3,3,9,Potential Loyalists,True,At Risk,False,Retention Opportunity
14194,2011-12-05 10:38:00,4.091666666666667,36,18670.59,5,5,5,15,Champions,False,Active,True,Standard
14195,2011-05-22 10:29:00,201.09791666666663,6,2615.6,2,4,4,10,Loyal Customers,True,At Risk,True,High Priority
14196,2011-08-25 10:25:00,106.10069444444444,1,335.52,3,1,2,6,At Risk,True,At Risk,False,Retention Opportunity
14197,2010-10-25 10:01:00,410.1173611111111,1,390.05,1,1,2,4,Lost / Low Value,True,At Risk,False,Retention Opportunity
14198,2011-11-21 16:35:00,17.84375,9,1569.73,5,5,4,14,Champions,False,Active,False,Standard
14199,2011-05-05 13:44:00,217.9625,4,1091.7,2,3,3,8,Potential Loyalists,True,At Risk,False,Retention Opportunity
14200,2010-04-01 13:01:00,616.9923611111111,1,379.2,1,1,2,4,Lost / Low Value,True,At Risk,False,Retention Opportunity
14201,2011-10-10 13:27:00,59.97430555555555,10,1193.54,3,5,3,11,Loyal Customers,False,Active,False,Standard
14202,2010-11-23 17:13:00,380.8173611111111,3,847.76,2,3,3,8,Potential Loyalists,True,At Risk,False,Retention Opportunity
14203,2010-11-07 13:35:00,396.96875,1,339.34,2,1,2,5,At Risk,True,At Risk,False,Retention Opportunity
14204,2011-12-07 13:38:00,1.9666666666666663,4,1024.83,5,3,3,11,Loyal Customers,False,Active,False,Standard
14205,2011-11-23 10:55:00,16.07986111111111,9,2414.2,5,5,4,14,Champions,False,Active,True,Standard
14206,2011-04-14 16:38:00,238.84166666666667,3,1185.01,2,3,3,8,Potential Loyalists,True,At Risk,False,Retention Opportunity
14207,2010-01-21 09:33:00,687.1368055555556,1,157.8,1,1,1,3,Lost / Low Value,True,At Risk,False,Retention Opportunity
14208,2011-09-06 12:48:00,94.00138888888888,2,567.05,3,2,2,7,Potential Loyalists,True,At Risk,False,Retention Opportunity
14209,2011-11-29 10:18:00,10.105555555555556,15,4993.27,5,5,5,15,Champions,False,Active,True,Standard
14210,2011-08-26 12:36:00,105.00972222222222,16,5556.570000000001,3,5,5,13,Champions,True,At Risk,True,High Priority
14211,2011-10-17 13:23:00,52.97708333333333,18,4402.29,4,5,5,14,Champions,False,Active,True,Standard
14212,2011-09-11 12:45:00,89.00347222222223,2,2190.14,3,2,4,9,Potential Loyalists,True,At Risk,False,Retention Opportunity
14213,2010-10-31 10:37:00,404.09236111111113,1,1192.2,2,1,3,6,At Risk,True,At Risk,False,Retention Opportunity
14214,2011-11-09 10:31:00,30.096527777777776,5,1004.38,4,4,3,11,Loyal Customers,False,Active,False,Standard
14215,2011-11-28 12:19:00,11.021527777777775,9,3250.33,5,5,5,15,Champions,False,Active,True,Standard
14216,2011-12-06 14:56:00,2.9125,5,2150.04,5,4,4,13,Champions,False,Active,False,Standard
14217,2011-12-08 11:53:00,1.0395833333333333,23,3298.59,5,5,5,15,Champions,False,Active,True,Standard
14218,2011-10-28 10:00:00,42.11805555555556,1,169.48000000000002,4,1,1,6,At Risk,False,Active,False,Standard
14219,2011-12-05 16:23:00,3.852083333333333,3,633.83,5,3,3,11,Loyal Customers,False,Active,False,Standard
14220,2011-04-06 13:23:00,246.97708333333333,4,1515.0,2,3,4,9,Potential Loyalists,True,At Risk,False,Retention Opportunity
14221,2011-10-28 13:42:00,41.96388888888889,17,6517.49,4,5,5,14,Champions,False,Active,True,Standard
14222,2011-06-15 16:42:00,176.8388888888889,1,683.17,3,1,3,7,Potential Loyalists,True,At Risk,False,Retention Opportunity
14223,2011-09-08 13:38:00,91.96666666666668,3,991.13,3,3,3,9,Potential Loyalists,True,At Risk,False,Retention Opportunity
14224,2011-08-21 13:24:00,109.97638888888888,9,1841.71,3,5,4,12,Loyal Customers,True,At Risk,False,Retention Opportunity
14225,2010-10-01 10:32:00,434.09583333333336,4,2031.07,1,3,4,8,Potential Loyalists,True,At Risk,False,Retention Opportunity
14226,2011-11-11 11:34:00,28.052777777777777,6,2985.13,4,4,5,13,Champions,False,Active,True,Standard
14227,2011-11-13 15:48:00,25.87638888888889,15,6368.71,4,5,5,14,Champions,False,Active,True,Standard
14228,2010-09-28 09:45:00,437.12847222222223,3,745.5,1,3,3,7,Potential Loyalists,True,At Risk,False,Retention Opportunity
14229,2011-10-19 10:04:00,51.11527777777778,7,2594.04,4,4,4,12,Loyal Customers,False,Active,True,Standard
14230,2010-09-30 09:07:00,435.15486111111113,3,979.8,1,3,3,7,Potential Loyalists,True,At Risk,False,Retention Opportunity
14231,2011-06-09 11:05:00,183.07291666666663,4,1235.62,3,3,4,10,Loyal Customers,True,At Risk,False,Retention Opportunity
14232,2011-10-28 11:09:00,42.07013888888889,5,2048.07,4,4,4,12,Loyal Customers,False,Active,False,Standard
14233,2011-10-21 15:54:00,48.87222222222222,7,2904.27,4,4,4,12,Loyal Customers,False,Active,True,Standard
14234,2011-11-17 17:53:00,21.789583333333333,4,754.12,4,3,3,10,Loyal Customers,False,Active,False,Standard
14235,2011-09-25 14:37:00,74.92569444444445,9,4717.99,3,5,5,13,Champions,True,At Risk,True,High Priority
14236,2011-09-20 09:13:00,80.15069444444444,5,1555.34,3,4,4,11,Loyal Customers,True,At Risk,False,Retention Opportunity
14237,2010-12-01 13:20:00,372.9791666666667,2,471.14,2,2,2,6,At Risk,True,At Risk,False,Retention Opportunity
14238,2011-01-17 14:40:00,325.9236111111111,3,434.23,2,3,2,7,Potential Loyalists,True,At Risk,False,Retention Opportunity
14239,2011-10-27 14:40:00,42.92361111111112,21,4263.17,4,5,5,14,Champions,False,Active,True,Standard
14240,2011-11-09 13:45:00,29.96180555555556,3,1247.49,4,3,4,11,Loyal Customers,False,Active,False,Standard
14241,2011-06-09 11:46:00,183.04444444444445,2,333.7,3,2,2,7,Potential Loyalists,True,At Risk,False,Retention Opportunity
14242,2011-04-19 11:46:00,234.04444444444445,2,280.55,2,2,1,5,At Risk,True,At Risk,False,Retention Opportunity
14243,2011-12-01 11:12:00,8.068055555555556,17,7217.75,5,5,5,15,Champions,False,Active,True,Standard
14244,2010-02-17 11:40:00,660.0486111111111,1,366.42,1,1,2,4,Lost / Low Value,True,At Risk,False,Retention Opportunity
14245,2011-05-04 08:40:00,219.17361111111111,2,1693.45,2,2,4,8,Potential Loyalists,True,At Risk,False,Retention Opportunity
14246,2011-08-21 11:50:00,110.04166666666669,3,1474.06,3,3,4,10,Loyal Customers,True,At Risk,False,Retention Opportunity
14247,2011-03-06 15:21:00,277.8951388888889,5,753.56,2,4,3,9,Potential Loyalists,True,At Risk,False,Retention Opportunity
14248,2011-01-25 14:45:00,317.9201388888889,3,1032.95,2,3,3,8,Potential Loyalists,True,At Risk,False,Retention Opportunity
14249,2010-10-25 12:34:00,410.0111111111111,12,5400.461,1,5,5,11,Loyal Customers,True,At Risk,True,High Priority
14250,2011-12-02 14:30:00,6.930555555555555,3,1904.05,5,3,4,12,Loyal Customers,False,Active,False,Standard
14251,2011-12-08 08:32:00,1.1791666666666667,5,2879.7000000000003,5,4,4,13,Champions,False,Active,True,Standard
14252,2010-11-23 13:36:00,380.9680555555556,1,350.99,2,1,2,5,At Risk,True,At Risk,False,Retention Opportunity
14253,2010-08-03 14:55:00,492.91319444444446,2,363.4,1,2,2,5,At Risk,True,At Risk,False,Retention Opportunity
14254,2010-10-03 11:52:00,432.04027777777776,1,601.03,1,1,2,4,Lost / Low Value,True,At Risk,False,Retention Opportunity
14255,2010-06-11 15:54:00,545.8722222222223,1,1000.63,1,1,3,5,At Risk,True,At Risk,False,Retention Opportunity
14256,2011-03-24 13:17:00,259.98125,5,2460.79,2,4,4,10,Loyal Customers,True,At Risk,True,High Priority
14257,2011-10-06 16:54:00,63.83055555555556,9,5954.45,3,5,5,13,Champions,True,At Risk,True,High Priority
14258,2011-11-30 15:27:00,8.890972222222222,25,32051.34,5,5,5,15,Champions,False,Active,True,Standard
14259,2011-07-21 10:44:00,141.0875,1,120.0,3,1,1,5,At Risk,True,At Risk,False,Retention Opportunity
14260,2010-08-25 14:55:00,470.91319444444446,3,824.28,1,3,3,7,Potential Loyalists,True,At Risk,False,Retention Opportunity
14261,2011-10-20 10:04:00,50.11527777777778,2,1163.45,4,2,3,9,Potential Loyalists,False,Active,False,Standard
14262,2011-12-01 14:17:00,7.939583333333333,8,2618.23,5,4,4,13,Champions,False,Active,True,Standard
14263,2010-10-12 14:09:00,422.9451388888889,1,322.93,1,1,2,4,Lost / Low Value,True,At Risk,False,Retention Opportunity
14264,2011-07-08 10:20:00,154.10416666666666,6,1517.36,3,4,4,11,Loyal Customers,True,At Risk,False,Retention Opportunity
14265,2011-08-22 13:32:00,108.97083333333332,4,1373.35,3,3,4,10,Loyal Customers,True,At Risk,False,Retention Opportunity
14266,2010-10-07 13:32:00,427.97083333333336,1,40.56,1,1,1,3,Lost / Low Value,True,At Risk,False,Retention Opportunity
14267,2011-06-30 10:09:00,162.11180555555555,3,1516.24,3,3,4,10,Loyal Customers,True,At Risk,False,Retention Opportunity
14268,2010-08-26 10:45:00,470.08680555555554,1,354.85,1,1,2,4,Lost / Low Value,True,At Risk,False,Retention Opportunity
14269,2010-09-26 12:53:00,438.9979166666666,1,295.73,1,1,2,4,Lost / Low Value,True,At Risk,False,Retention Opportunity
14270,2011-01-12 09:33:00,331.13680555555555,1,492.65,2,1,2,5,At Risk,True,At Risk,False,Retention Opportunity
14271,2011-04-28 12:47:00,225.00208333333333,2,214.18,2,2,1,5,At Risk,True,At Risk,False,Retention Opportunity
14272,2011-09-27 10:08:00,73.1125,4,920.81,3,3,3,9,Potential Loyalists,True,At Risk,False,Retention Opportunity
14273,2011-10-19 13:20:00,50.97916666666666,4,559.97,4,3,2,9,Potential Loyalists,False,Active,False,Standard
14274,2010-01-22 12:51:00,685.9993055555556,1,256.6,1,1,1,3,Lost / Low Value,True,At Risk,False,Retention Opportunity
14275,2010-11-09 09:06:00,395.1555555555556,6,1189.38,2,4,3,9,Potential Loyalists,True,At Risk,False,Retention Opportunity
14276,2011-09-02 09:45:00,98.12847222222224,7,2102.68,3,4,4,11,Loyal Customers,True,At Risk,False,Retention Opportunity
14277,2011-11-24 15:01:00,14.909027777777778,9,17197.61,5,5,5,15,Champions,False,Active,True,Standard
14278,2010-10-26 12:07:00,409.02986111111113,1,205.83,2,1,1,4,Lost / Low Value,True,At Risk,False,Retention Opportunity
14279,2010-07-07 08:42:00,520.1722222222222,2,191.86,1,2,1,4,Lost / Low Value,True,At Risk,False,Retention Opportunity
14280,2011-05-27 10:37:00,196.0923611111111,1,134.04,2,1,1,4,Lost / Low Value,True,At Risk,False,Retention Opportunity
14281,2010-10-27 14:45:00,407.9201388888889,1,245.15,2,1,1,4,Lost / Low Value,True,At Risk,False,Retention Opportunity
14282,2011-12-06 17:04:00,2.823611111111111,25,7250.76,5,5,5,15,Champions,False,Active,True,Standard
14283,2010-09-02 14:46:00,462.9194444444444,4,628.44,1,3,3,7,Potential Loyalists,True,At Risk,False,Retention Opportunity
14284,2011-11-09 08:11:00,30.19375,3,1299.65,4,3,4,11,Loyal Customers,False,Active,False,Standard
14285,2011-11-18 14:50:00,20.916666666666668,8,3284.42,4,4,5,13,Champions,False,Active,True,Standard
14286,2011-11-16 10:34:00,23.094444444444445,7,8479.76,4,4,5,13,Champions,False,Active,True,Standard
14287,2011-12-01 13:25:00,7.975694444444445,3,176.63,5,3,1,9,Potential Loyalists,False,Active,False,Standard
14288,2011-05-10 13:22:00,212.9777777777778,1,426.6,2,1,2,5,At Risk,True,At Risk,False,Retention Opportunity
14289,2011-12-01 11:44:00,8.045833333333333,6,911.26,5,4,3,12,Loyal Customers,False,Active,False,Standard
14290,2011-11-28 14:02:00,10.95,8,4516.56,5,4,5,14,Champions,False,Active,True,Standard
14291,2011-12-08 10:26:00,1.1,23,7904.1,5,5,5,15,Champions,False,Active,True,Standard
14292,2011-12-02 11:50:00,7.041666666666667,16,9226.25,5,5,5,15,Champions,False,Active,True,Standard
14293,2011-12-06 15:17:00,2.8979166666666667,9,2903.01,5,5,4,14,Champions,False,Active,True,Standard
14294,2010-10-28 16:25:00,406.85069444444446,1,375.34,2,1,2,5,At Risk,True,At Risk,False,Retention Opportunity
14295,2011-10-30 15:50:00,39.875,5,2362.91,4,4,4,12,Loyal Customers,False,Active,True,Standard
14296,2010-10-14 14:14:00,420.94166666666666,2,456.4,1,2,2,5,At Risk,True,At Risk,False,Retention Opportunity
14297,2011-11-22 09:06:00,17.155555555555555,4,1305.33,5,3,4,12,Loyal Customers,False,Active,False,Standard
14298,2011-12-01 13:12:00,7.9847222222222225,82,91194.49,5,5,5,15,Champions,False,Active,True,Standard
14299,2011-12-01 16:05:00,7.864583333333333,27,14070.25,5,5,5,15,Champions,False,Active,True,Standard
14300,2011-11-21 08:57:00,18.16180555555556,1,43.2,5,1,1,7,Potential Loyalists,False,Active,False,Standard
14301,2011-08-14 15:33:00,116.88680555555555,4,1992.18,3,3,4,10,Loyal Customers,True,At Risk,False,Retention Opportunity
14302,2010-10-05 08:10:00,430.19444444444446,3,742.9000000000001,1,3,3,7,Potential Loyalists,True,At Risk,False,Retention Opportunity
14303,2010-10-28 15:37:00,406.88402777777776,2,277.94,2,2,1,5,At Risk,True,At Risk,False,Retention Opportunity
14304,2011-05-01 11:50:00,222.04166666666663,3,1725.01,2,3,4,9,Potential Loyalists,True,At Risk,False,Retention Opportunity
14305,2011-09-29 15:29:00,70.88958333333333,3,1858.96,3,3,4,10,Loyal Customers,True,At Risk,False,Retention Opportunity
14306,2011-10-19 13:23:00,50.97708333333333,6,3151.4,4,4,5,13,Champions,False,Active,True,Standard
14307,2011-09-12 09:38:00,88.13333333333334,10,4287.92,3,5,5,13,Champions,True,At Risk,True,High Priority
14308,2010-06-08 16:48:00,548.8347222222222,2,1147.02,1,2,3,6,At Risk,True,At Risk,False,Retention Opportunity
14309,2011-12-01 13:33:00,7.970138888888889,11,3780.81,5,5,5,15,Champions,False,Active,True,Standard
14310,2010-10-03 12:34:00,432.0111111111111,1,492.1,1,1,2,4,Lost / Low Value,True,At Risk,False,Retention Opportunity
14311,2011-04-11 10:14:00,242.1083333333333,2,516.45,2,2,2,6,At Risk,True,At Risk,False,Retention Opportunity
14312,2011-10-24 09:46:00,46.12777777777778,11,3090.29,4,5,5,14,Champions,False,Active,True,Standard
14314,2011-08-25 10:39:00,106.09097222222222,2,229.8,3,2,1,6,At Risk,True,At Risk,False,Retention Opportunity
14315,2011-10-26 12:06:00,44.03055555555556,8,3197.82,4,4,5,13,Champions,False,Active,True,Standard
14316,2010-10-13 16:31:00,421.8465277777778,5,1370.34,1,4,4,9,Potential Loyalists,True,At Risk,False,Retention Opportunity
14317,2011-10-06 10:44:00,64.0875,1,508.58,3,1,2,6,At Risk,True,At Risk,False,Retention Opportunity
14318,2010-09-05 15:32:00,459.8875,1,158.02,1,1,1,3,Lost / Low Value,True,At Risk,False,Retention Opportunity
14319,2010-10-11 13:38:00,423.9666666666666,1,494.85,1,1,2,4,Lost / Low Value,True,At Risk,False,Retention Opportunity
14320,2011-05-17 09:24:00,206.14305555555555,5,1346.75,2,4,4,10,Loyal Customers,True,At Risk,False,Retention Opportunity
14321,2011-11-29 09:47:00,10.127083333333331,7,2218.06,5,4,4,13,Champions,False,Active,False,Standard
14322,2010-10-06 15:17:00,428.8979166666667,4,474.1,1,3,2,6,At Risk,True,At Risk,False,Retention Opportunity
14323,2011-08-17 11:37:00,114.05069444444445,2,605.0600000000001,3,2,2,7,Potential Loyalists,True,At Risk,False,Retention Opportunity
14324,2010-10-26 11:44:00,409.04583333333335,2,701.61,2,2,3,7,Potential Loyalists,True,At Risk,False,Retention Opportunity
14325,2010-05-19 09:20:00,569.1458333333334,1,245.48,1,1,1,3,Lost / Low Value,True,At Risk,False,Retention Opportunity
14326,2011-04-11 15:04:00,241.90694444444443,3,940.98,2,3,3,8,Potential Loyalists,True,At Risk,False,Retention Opportunity
14327,2011-06-29 13:58:00,162.95277777777778,6,1894.93,3,4,4,11,Loyal Customers,True,At Risk,False,Retention Opportunity
14328,2010-09-27 16:01:00,437.8673611111111,1,445.05,1,1,2,4,Lost / Low Value,True,At Risk,False,Retention Opportunity
14329,2011-11-22 15:50:00,16.875,15,9887.62,5,5,5,15,Champions,False,Active,True,Standard
14330,2010-03-26 09:10:00,623.1527777777778,1,200.63,1,1,1,3,Lost / Low Value,True,At Risk,False,Retention Opportunity
14331,2011-08-07 13:17:00,123.98125,2,462.66,3,2,2,7,Potential Loyalists,True,At Risk,False,Retention Opportunity
14332,2011-11-17 11:54:00,22.038888888888888,5,1917.41,4,4,4,12,Loyal Customers,False,Active,False,Standard
14333,2011-10-03 10:38:00,67.09166666666667,1,415.2,3,1,2,6,At Risk,True,At Risk,False,Retention Opportunity
14334,2011-11-23 10:01:00,16.117361111111112,12,4318.4800000000005,5,5,5,15,Champions,False,Active,True,Standard
14335,2011-11-23 13:41:00,15.964583333333334,2,454.86,5,2,2,9,Potential Loyalists,False,Active,False,Standard
14336,2011-11-23 11:40:00,16.04861111111111,4,1614.91,5,3,4,12,Loyal Customers,False,Active,False,Standard
14338,2011-07-01 14:08:00,160.94583333333333,3,928.1,3,3,3,9,Potential Loyalists,True,At Risk,False,Retention Opportunity
14339,2011-04-11 11:06:00,242.07222222222225,2,620.27,2,2,3,7,Potential Loyalists,True,At Risk,False,Retention Opportunity
14340,2011-05-05 09:44:00,218.12916666666663,1,134.7,2,1,1,4,Lost / Low Value,True,At Risk,False,Retention Opportunity
14341,2011-10-25 15:48:00,44.87638888888889,18,4452.02,4,5,5,14,Champions,False,Active,True,Standard
14342,2011-11-18 13:21:00,20.978472222222223,6,918.44,4,4,3,11,Loyal Customers,False,Active,False,Standard
14343,2010-10-14 13:05:00,420.9895833333333,4,1079.66,1,3,3,7,Potential Loyalists,True,At Risk,False,Retention Opportunity
14344,2011-08-04 13:51:00,126.9576388888889,20,2993.05,3,5,5,13,Champions,True,At Risk,True,High Priority
14345,2011-11-01 09:51:00,38.12430555555556,1,108.98,4,1,1,6,At Risk,False,Active,False,Standard
14346,2011-08-11 09:47:00,120.12708333333332,5,2315.75,3,4,4,11,Loyal Customers,True,At Risk,True,High Priority
14347,2009-12-03 10:49:00,736.0840277777778,1,82.60000000000001,1,1,1,3,Lost / Low Value,True,At Risk,False,Retention Opportunity
14348,2011-03-24 16:23:00,259.8520833333333,1,409.57,2,1,2,5,At Risk,True,At Risk,False,Retention Opportunity
14349,2011-11-29 15:39:00,9.88263888888889,1,133.5,5,1,1,7,Potential Loyalists,False,Active,False,Standard
14350,2011-03-10 14:14:00,273.94166666666666,3,972.03,2,3,3,8,Potential Loyalists,True,At Risk,False,Retention Opportunity
14351,2011-06-28 11:56:00,164.0375,1,51.0,3,1,1,5,At Risk,True,At Risk,False,Retention Opportunity
14352,2011-07-05 15:41:00,156.88125,4,1078.96,3,3,3,9,Potential Loyalists,True,At Risk,False,Retention Opportunity
14353,2011-05-08 16:06:00,214.86388888888888,3,376.5,2,3,2,7,Potential Loyalists,True,At Risk,False,Retention Opportunity
14354,2011-12-04 11:32:00,5.054166666666666,2,163.62,5,2,1,8,Potential Loyalists,False,Active,False,Standard
14355,2010-12-09 12:16:00,365.0236111111111,3,840.0500000000001,2,3,3,8,Potential Loyalists,True,At Risk,False,Retention Opportunity
14356,2011-09-21 09:18:00,79.14722222222223,2,701.23,3,2,3,8,Potential Loyalists,True,At Risk,False,Retention Opportunity
14357,2011-10-27 16:23:00,42.85208333333333,1,225.12,4,1,1,6,At Risk,False,Active,False,Standard
14358,2010-11-15 15:51:00,388.8743055555556,2,400.06,2,2,2,6,At Risk,True,At Risk,False,Retention Opportunity
14359,2011-11-20 13:17:00,18.98125,3,912.18,4,3,3,10,Loyal Customers,False,Active,False,Standard
14360,2011-11-08 09:12:00,31.15138888888889,4,2118.03,4,3,4,11,Loyal Customers,False,Active,False,Standard
14361,2010-05-10 12:29:00,578.0145833333333,1,214.71,1,1,1,3,Lost / Low Value,True,At Risk,False,Retention Opportunity
14362,2011-11-17 15:08:00,21.904166666666665,1,151.5,4,1,1,6,At Risk,False,Active,False,Standard
14363,2010-11-02 17:01:00,401.8256944444444,2,227.47000000000003,2,2,1,5,At Risk,True,At Risk,False,Retention Opportunity
14364,2011-08-23 11:01:00,108.07569444444444,8,3717.35,3,4,5,12,Loyal Customers,True,At Risk,True,High Priority
14365,2010-11-10 09:52:00,394.12361111111113,2,634.68,2,2,3,7,Potential Loyalists,True,At Risk,False,Retention Opportunity
14366,2010-07-02 17:23:00,524.8104166666667,1,136.0,1,1,1,3,Lost / Low Value,True,At Risk,False,Retention Opportunity
14367,2011-12-01 13:19:00,7.979861111111111,16,9227.82,5,5,5,15,Champions,False,Active,True,Standard
14368,2011-01-24 09:52:00,319.1236111111112,1,155.0,2,1,1,4,Lost / Low Value,True,At Risk,False,Retention Opportunity
14369,2010-03-07 15:47:00,641.8770833333333,2,469.13,1,2,2,5,At Risk,True,At Risk,False,Retention Opportunity
14370,2010-09-15 10:53:00,450.08125,6,1175.78,1,4,3,8,Potential Loyalists,True,At Risk,False,Retention Opportunity
14371,2011-02-17 16:35:00,294.84375,1,100.5,2,1,1,4,Lost / Low Value,True,At Risk,False,Retention Opportunity
14372,2010-09-22 16:17:00,442.85625,2,860.08,1,2,3,6,At Risk,True,At Risk,False,Retention Opportunity
14373,2010-12-16 15:40:00,357.88194444444446,1,76.55,2,1,1,4,Lost / Low Value,True,At Risk,False,Retention Opportunity
14374,2010-06-16 14:25:00,540.9340277777778,1,108.0,1,1,1,3,Lost / Low Value,True,At Risk,False,Retention Opportunity
14375,2011-06-07 13:44:00,184.9625,3,1106.82,3,3,3,9,Potential Loyalists,True,At Risk,False,Retention Opportunity
14376,2010-01-25 15:36:00,682.8847222222222,1,215.46,1,1,1,3,Lost / Low Value,True,At Risk,False,Retention Opportunity
14377,2011-06-01 13:32:00,190.97083333333333,2,617.05,2,2,3,7,Potential Loyalists,True,At Risk,False,Retention Opportunity
14378,2010-03-28 12:22:00,621.0194444444444,1,131.25,1,1,1,3,Lost / Low Value,True,At Risk,False,Retention Opportunity
14379,2011-10-26 16:43:00,43.83819444444445,4,1265.16,4,3,4,11,Loyal Customers,False,Active,False,Standard
14380,2010-01-26 17:11:00,681.81875,1,48.96,1,1,1,3,Lost / Low Value,True,At Risk,False,Retention Opportunity
14381,2011-10-18 17:10:00,51.81944444444444,2,625.94,4,2,3,9,Potential Loyalists,False,Active,False,Standard
14382,2011-11-13 16:18:00,25.855555555555554,2,1193.63,4,2,3,9,Potential Loyalists,False,Active,False,Standard
14383,2011-11-01 15:53:00,37.87291666666667,3,1247.69,4,3,4,11,Loyal Customers,False,Active,False,Standard
14384,2010-07-27 09:53:00,500.1229166666666,1,58.5,1,1,1,3,Lost / Low Value,True,At Risk,False,Retention Opportunity
14385,2011-11-30 15:36:00,8.884722222222223,3,202.11,5,3,1,9,Potential Loyalists,False,Active,False,Standard
14386,2011-02-16 09:45:00,296.12847222222223,1,142.4,2,1,1,4,Lost / Low Value,True,At Risk,False,Retention Opportunity
14387,2011-11-07 12:29:00,32.014583333333334,3,1727.6,4,3,4,11,Loyal Customers,False,Active,False,Standard
14388,2011-11-29 13:32:00,9.970833333333331,16,6388.2,5,5,5,15,Champions,False,Active,True,Standard
14389,2011-10-05 15:17:00,64.89791666666666,5,1898.01,3,4,4,11,Loyal Customers,True,At Risk,False,Retention Opportunity
14390,2011-11-29 13:49:00,9.959027777777775,13,6150.03,5,5,5,15,Champions,False,Active,True,Standard
14391,2010-05-12 09:42:00,576.1305555555556,1,135.6,1,1,1,3,Lost / Low Value,True,At Risk,False,Retention Opportunity
14392,2010-10-03 12:56:00,431.9958333333333,1,266.4,1,1,1,3,Lost / Low Value,True,At Risk,False,Retention Opportunity
14393,2011-05-05 18:16:00,217.7736111111111,1,67.95,2,1,1,4,Lost / Low Value,True,At Risk,False,Retention Opportunity
14394,2010-05-24 10:43:00,564.0881944444444,1,93.8,1,1,1,3,Lost / Low Value,True,At Risk,False,Retention Opportunity
14395,2011-12-07 14:34:00,1.9277777777777776,20,7801.93,5,5,5,15,Champions,False,Active,True,Standard
14396,2011-10-05 16:09:00,64.86180555555555,7,1969.38,3,4,4,11,Loyal Customers,True,At Risk,False,Retention Opportunity
14397,2011-12-07 09:22:00,2.1444444444444444,19,2612.96,5,5,4,14,Champions,False,Active,True,Standard
14398,2010-11-03 13:46:00,400.9611111111111,2,707.79,2,2,3,7,Potential Loyalists,True,At Risk,False,Retention Opportunity
14399,2010-11-10 13:23:00,393.9770833333333,8,2108.21,2,4,4,10,Loyal Customers,True,At Risk,False,Retention Opportunity
14400,2011-07-13 15:50:00,148.875,3,1732.47,3,3,4,10,Loyal Customers,True,At Risk,False,Retention Opportunity
14401,2011-12-05 13:30:00,3.9722222222222223,22,6795.9,5,5,5,15,Champions,False,Active,True,Standard
14402,2010-02-25 13:20:00,651.9791666666666,1,285.6,1,1,2,4,Lost / Low Value,True,At Risk,False,Retention Opportunity
14403,2011-08-01 12:57:00,129.9951388888889,6,1880.51,3,4,4,11,Loyal Customers,True,At Risk,False,Retention Opportunity
14404,2011-11-06 12:30:00,33.013888888888886,13,2724.13,4,5,4,13,Champions,False,Active,True,Standard
14405,2010-11-18 11:40:00,386.0486111111111,1,195.0,2,1,1,4,Lost / Low Value,True,At Risk,False,Retention Opportunity
14406,2011-08-12 16:54:00,118.83055555555556,1,156.75,3,1,1,5,At Risk,True,At Risk,False,Retention Opportunity
14407,2011-08-24 14:02:00,106.95,6,2157.73,3,4,4,11,Loyal Customers,True,At Risk,False,Retention Opportunity
14408,2011-11-29 11:41:00,10.047916666666667,11,4102.27,5,5,5,15,Champions,False,Active,True,Standard
14409,2011-09-29 18:18:00,70.77222222222223,9,3427.29,3,5,5,13,Champions,True,At Risk,True,High Priority
14410,2011-09-08 15:08:00,91.90416666666668,11,2631.9,3,5,4,12,Loyal Customers,True,At Risk,True,High Priority
14411,2011-02-02 10:56:00,310.07916666666665,1,1063.0,2,1,3,6,At Risk,True,At Risk,False,Retention Opportunity
14412,2011-10-28 10:45:00,42.08680555555556,3,1426.19,4,3,4,11,Loyal Customers,False,Active,False,Standard
14413,2010-12-12 13:37:00,361.96736111111113,4,764.52,2,3,3,8,Potential Loyalists,True,At Risk,False,Retention Opportunity
14414,2011-09-09 12:09:00,91.02847222222222,8,2399.33,3,4,4,11,Loyal Customers,True,At Risk,True,High Priority
14415,2011-12-08 14:38:00,0.925,23,11980.09,5,5,5,15,Champions,False,Active,True,Standard
14416,2011-11-17 15:22:00,21.89444444444445,2,490.22,4,2,2,8,Potential Loyalists,False,Active,False,Standard
14417,2010-11-17 10:55:00,387.0798611111111,1,524.65,2,1,2,5,At Risk,True,At Risk,False,Retention Opportunity
14418,2011-12-06 11:39:00,3.049305555555556,3,1937.25,5,3,4,12,Loyal Customers,False,Active,False,Standard
14419,2011-11-29 11:22:00,10.061111111111112,7,1254.64,5,4,4,13,Champions,False,Active,False,Standard
14420,2011-09-01 18:07:00,98.77986111111112,4,1639.17,3,3,4,10,Loyal Customers,True,At Risk,False,Retention Opportunity
14421,2011-10-13 13:24:00,56.97638888888889,6,2469.37,4,4,4,12,Loyal Customers,False,Active,True,Standard
14422,2011-12-09 11:26:00,0.0583333333333333,19,10271.52,5,5,5,15,Champions,False,Active,True,Standard
14423,2011-05-05 15:12:00,217.9013888888889,3,916.61,2,3,3,8,Potential Loyalists,True,At Risk,False,Retention Opportunity
14424,2011-11-22 11:48:00,17.043055555555554,1,322.08,5,1,2,8,Potential Loyalists,False,Active,False,Standard
14425,2010-10-01 10:24:00,434.1013888888889,3,661.39,1,3,3,7,Potential Loyalists,True,At Risk,False,Retention Opportunity
14426,2011-11-16 12:25:00,23.01736111111111,17,11727.94,4,5,5,14,Champions,False,Active,True,Standard
14427,2011-10-20 14:23:00,49.93541666666667,4,1263.52,4,3,4,11,Loyal Customers,False,Active,False,Standard
14428,2011-12-02 13:17:00,6.98125,5,1224.06,5,4,4,13,Champions,False,Active,False,Standard
14429,2010-11-01 10:08:00,403.1125,1,516.28,2,1,2,5,At Risk,True,At Risk,False,Retention Opportunity
14430,2010-07-16 11:35:00,511.0520833333333,3,1220.9,1,3,3,7,Potential Loyalists,True,At Risk,False,Retention Opportunity
14431,2011-02-10 10:40:00,302.09027777777777,4,2614.2,2,3,4,9,Potential Loyalists,True,At Risk,True,High Priority
14432,2011-11-30 08:04:00,9.198611111111113,6,2248.5,5,4,4,13,Champions,False,Active,True,Standard
14433,2010-08-31 12:35:00,465.0104166666667,1,280.7,1,1,1,3,Lost / Low Value,True,At Risk,False,Retention Opportunity
14434,2011-11-18 08:56:00,21.1625,6,1372.8,4,4,4,12,Loyal Customers,False,Active,False,Standard
14435,2010-07-26 12:33:00,501.0118055555556,1,90.42,1,1,1,3,Lost / Low Value,True,At Risk,False,Retention Opportunity
14436,2011-09-02 10:13:00,98.10902777777778,2,271.7,3,2,1,6,At Risk,True,At Risk,False,Retention Opportunity
14437,2010-12-09 09:27:00,365.1409722222222,5,873.34,2,4,3,9,Potential Loyalists,True,At Risk,False,Retention Opportunity
14438,2011-02-06 14:56:00,305.9125,1,131.9,2,1,1,4,Lost / Low Value,True,At Risk,False,Retention Opportunity
14439,2011-01-24 11:39:00,319.0493055555556,5,9443.04,2,4,5,11,Loyal Customers,True,At Risk,True,High Priority
14440,2011-12-01 15:42:00,7.8805555555555555,13,5982.03,5,5,5,15,Champions,False,Active,True,Standard
14441,2011-12-09 09:07:00,0.1548611111111111,11,4611.6900000000005,5,5,5,15,Champions,False,Active,True,Standard
14442,2011-05-19 11:36:00,204.05138888888888,7,5367.02,2,4,5,11,Loyal Customers,True,At Risk,True,High Priority
14443,2011-10-17 10:10:00,53.11111111111112,5,2082.9700000000003,4,4,4,12,Loyal Customers,False,Active,False,Standard
14444,2010-09-09 18:56:00,455.7458333333333,1,120.44,1,1,1,3,Lost / Low Value,True,At Risk,False,Retention Opportunity
14445,2010-09-10 11:09:00,455.0701388888889,1,221.65,1,1,1,3,Lost / Low Value,True,At Risk,False,Retention Opportunity
14446,2011-12-09 11:34:00,0.0527777777777777,5,1200.28,5,4,3,12,Loyal Customers,False,Active,False,Standard
14447,2011-11-21 08:28:00,18.181944444444444,6,1711.73,5,4,4,13,Champions,False,Active,False,Standard
14448,2011-11-30 13:50:00,8.958333333333334,2,375.35,5,2,2,9,Potential Loyalists,False,Active,False,Standard
14449,2011-11-21 12:06:00,18.030555555555555,8,2230.96,5,4,4,13,Champions,False,Active,False,Standard
14450,2011-06-12 10:46:00,180.0861111111111,7,1128.44,3,4,3,10,Loyal Customers,True,At Risk,False,Retention Opportunity
14451,2011-10-10 13:38:00,59.96666666666667,12,3258.68,3,5,5,13,Champions,False,Active,True,Standard
14452,2011-11-29 12:06:00,10.030555555555557,4,658.95,5,3,3,11,Loyal Customers,False,Active,False,Standard
14453,2011-06-02 14:15:00,189.94097222222223,1,119.93,2,1,1,4,Lost / Low Value,True,At Risk,False,Retention Opportunity
14454,2010-11-28 13:26:00,375.975,5,977.3,2,4,3,9,Potential Loyalists,True,At Risk,False,Retention Opportunity
14455,2010-10-03 15:48:00,431.87638888888887,4,617.72,1,3,3,7,Potential Loyalists,True,At Risk,False,Retention Opportunity
14456,2011-12-04 13:59:00,4.952083333333333,9,3017.28,5,5,5,15,Champions,False,Active,True,Standard
14457,2011-02-02 09:39:00,310.1326388888889,1,113.64,2,1,1,4,Lost / Low Value,True,At Risk,False,Retention Opportunity
14458,2010-11-24 12:43:00,380.0048611111111,1,228.07,2,1,1,4,Lost / Low Value,True,At Risk,False,Retention Opportunity
14459,2011-07-07 13:35:00,154.96875,2,5375.741,3,2,5,10,Loyal Customers,True,At Risk,True,High Priority
14460,2011-08-21 14:19:00,109.93819444444443,9,1093.5,3,5,3,11,Loyal Customers,True,At Risk,False,Retention Opportunity
14461,2011-07-14 17:11:00,147.81875,13,6676.91,3,5,5,13,Champions,True,At Risk,True,High Priority
14462,2011-10-04 15:55:00,65.87152777777777,12,2242.81,3,5,4,12,Loyal Customers,True,At Risk,False,Retention Opportunity
14463,2011-09-02 15:20:00,97.89583333333331,4,786.5699999999999,3,3,3,9,Potential Loyalists,True,At Risk,False,Retention Opportunity
14464,2010-05-20 18:00:00,567.7847222222222,2,111.0,1,2,1,4,Lost / Low Value,True,At Risk,False,Retention Opportunity
14465,2011-04-07 12:38:00,246.00833333333333,11,3925.85,2,5,5,12,Loyal Customers,True,At Risk,True,High Priority
14466,2011-11-10 14:07:00,28.946527777777774,13,4267.15,4,5,5,14,Champions,False,Active,True,Standard
14467,2011-11-22 12:48:00,17.00138888888889,12,2203.24,5,5,4,14,Champions,False,Active,False,Standard
14468,2009-12-06 12:21:00,733.0201388888889,1,204.24,1,1,1,3,Lost / Low Value,True,At Risk,False,Retention Opportunity
14469,2010-10-19 14:30:00,415.93055555555554,4,2093.46,1,3,4,8,Potential Loyalists,True,At Risk,False,Retention Opportunity
14470,2011-11-28 10:31:00,11.096527777777778,3,712.04,5,3,3,11,Loyal Customers,False,Active,False,Standard
14471,2010-04-27 17:12:00,590.8180555555556,2,400.95,1,2,2,5,At Risk,True,At Risk,False,Retention Opportunity
14472,2011-08-28 11:01:00,103.07569444444444,9,2118.72,3,5,4,12,Loyal Customers,True,At Risk,False,Retention Opportunity
14473,2011-09-26 15:10:00,73.90277777777777,2,234.34,3,2,1,6,At Risk,True,At Risk,False,Retention Opportunity
14474,2011-10-24 13:26:00,45.975,2,1258.89,4,2,4,10,Loyal Customers,False,Active,False,Standard
14475,2011-09-29 10:46:00,71.08611111111111,4,1151.15,3,3,3,9,Potential Loyalists,True,At Risk,False,Retention Opportunity
14476,2011-03-27 15:39:00,256.8826388888889,1,193.0,2,1,1,4,Lost / Low Value,True,At Risk,False,Retention Opportunity
14477,2011-11-20 11:11:00,19.06875,7,1969.6,4,4,4,12,Loyal Customers,False,Active,False,Standard
14478,2010-11-22 15:29:00,381.88958333333335,4,1276.66,2,3,4,9,Potential Loyalists,True,At Risk,False,Retention Opportunity
14479,2011-03-31 09:07:00,253.1548611111111,4,1124.71,2,3,3,8,Potential Loyalists,True,At Risk,False,Retention Opportunity
14480,2011-11-28 16:35:00,10.84375,4,1299.52,5,3,4,12,Loyal Customers,False,Active,False,Standard
14481,2011-06-28 10:38:00,164.09166666666667,5,2284.69,3,4,4,11,Loyal Customers,True,At Risk,True,High Priority
14482,2011-11-21 13:14:00,17.983333333333334,12,4306.72,5,5,5,15,Champions,False,Active,True,Standard
14483,2011-03-03 10:26:00,281.1,2,257.1,2,2,1,5,At Risk,True,At Risk,False,Retention Opportunity
14484,2011-10-20 14:11:00,49.94375,4,1070.98,4,3,3,10,Loyal Customers,False,Active,False,Standard
14485,2011-11-01 12:25:00,38.01736111111112,1,162.8,4,1,1,6,At Risk,False,Active,False,Standard
14486,2010-07-16 09:42:00,511.13055555555553,2,175.5,1,2,1,4,Lost / Low Value,True,At Risk,False,Retention Opportunity
14487,2011-11-13 12:17:00,26.022916666666667,7,1266.27,4,4,4,12,Loyal Customers,False,Active,False,Standard
14488,2011-10-03 09:30:00,67.13888888888889,1,1064.28,3,1,3,7,Potential Loyalists,True,At Risk,False,Retention Opportunity
14489,2011-05-16 14:51:00,206.91597222222225,4,1574.93,2,3,4,9,Potential Loyalists,True,At Risk,False,Retention Opportunity
14490,2010-10-29 15:04:00,405.9069444444444,2,1273.47,2,2,4,8,Potential Loyalists,True,At Risk,False,Retention Opportunity
14491,2011-06-17 15:22:00,174.89444444444445,2,340.93,3,2,2,7,Potential Loyalists,True,At Risk,False,Retention Opportunity
14492,2010-10-05 13:21:00,429.9784722222222,7,1921.91,1,4,4,9,Potential Loyalists,True,At Risk,False,Retention Opportunity
14493,2011-12-02 16:14:00,6.858333333333333,10,5087.86,5,5,5,15,Champions,False,Active,True,Standard
14494,2011-11-14 09:21:00,25.145138888888887,3,401.46,4,3,2,9,Potential Loyalists,False,Active,False,Standard
14495,2011-10-20 12:28:00,50.015277777777776,3,174.8,4,3,1,8,Potential Loyalists,False,Active,False,Standard
14496,2011-02-01 09:01:00,311.1590277777778,7,2363.89,2,4,4,10,Loyal Customers,True,At Risk,True,High Priority
14497,2011-02-03 17:01:00,308.8256944444444,2,697.0600000000001,2,2,3,7,Potential Loyalists,True,At Risk,False,Retention Opportunity
14498,2011-10-28 12:09:00,42.02847222222222,10,3900.83,4,5,5,14,Champions,False,Active,True,Standard
14499,2011-11-13 13:01:00,25.992361111111112,7,2101.79,4,4,4,12,Loyal Customers,False,Active,False,Standard
14500,2011-09-12 16:45:00,87.83680555555556,3,356.85,3,3,2,8,Potential Loyalists,True,At Risk,False,Retention Opportunity
14501,2011-06-09 12:02:00,183.03333333333333,2,251.21,3,2,1,6,At Risk,True,At Risk,False,Retention Opportunity
14502,2011-11-20 11:50:00,19.041666666666668,11,2429.83,4,5,4,13,Champions,False,Active,True,Standard
14503,2011-12-06 13:30:00,2.9722222222222223,6,3543.26,5,4,5,14,Champions,False,Active,True,Standard
14504,2011-10-23 16:00:00,46.86805555555556,4,673.26,4,3,3,10,Loyal Customers,False,Active,False,Standard
14505,2011-11-22 15:45:00,16.87847222222222,19,11879.08,5,5,5,15,Champions,False,Active,True,Standard
14506,2011-11-22 13:02:00,16.991666666666667,7,2960.25,5,4,5,14,Champions,False,Active,True,Standard
14507,2011-11-16 12:21:00,23.020138888888887,11,3216.74,4,5,5,14,Champions,False,Active,True,Standard
14508,2011-11-17 19:48:00,21.709722222222226,5,822.92,4,4,3,11,Loyal Customers,False,Active,False,Standard
14509,2010-06-23 13:21:00,533.9784722222222,1,110.95,1,1,1,3,Lost / Low Value,True,At Risk,False,Retention Opportunity
14510,2010-11-29 12:46:00,375.0027777777778,3,979.85,2,3,3,8,Potential Loyalists,True,At Risk,False,Retention Opportunity
14511,2011-11-28 17:05:00,10.822916666666666,5,1314.81,5,4,4,13,Champions,False,Active,False,Standard
14512,2011-06-05 12:39:00,187.0076388888889,7,1215.97,3,4,3,10,Loyal Customers,True,At Risk,False,Retention Opportunity
14513,2011-08-31 11:25:00,100.05902777777776,6,788.01,3,4,3,10,Loyal Customers,True,At Risk,False,Retention Opportunity
14514,2011-10-09 16:05:00,60.864583333333336,9,4380.04,3,5,5,13,Champions,True,At Risk,True,High Priority
14515,2011-11-22 11:37:00,17.050694444444446,12,3724.06,5,5,5,15,Champions,False,Active,True,Standard
14516,2010-07-11 14:07:00,515.9465277777778,1,151.17,1,1,1,3,Lost / Low Value,True,At Risk,False,Retention Opportunity
14517,2011-11-06 14:20:00,32.9375,2,330.45,4,2,2,8,Potential Loyalists,False,Active,False,Standard
14518,2011-10-06 14:43:00,63.921527777777776,1,174.37,3,1,1,5,At Risk,True,At Risk,False,Retention Opportunity
14519,2010-01-25 11:18:00,683.0638888888889,2,203.14,1,2,1,4,Lost / Low Value,True,At Risk,False,Retention Opportunity
14520,2011-12-08 09:46:00,1.1277777777777778,2,270.6,5,2,1,8,Potential Loyalists,False,Active,False,Standard
14521,2010-08-05 16:35:00,490.84375,1,199.45,1,1,1,3,Lost / Low Value,True,At Risk,False,Retention Opportunity
14522,2011-11-15 13:24:00,23.976388888888888,8,1748.42,4,4,4,12,Loyal Customers,False,Active,False,Standard
14523,2011-08-23 13:13:00,107.98402777777778,1,241.09,3,1,1,5,At Risk,True,At Risk,False,Retention Opportunity
14524,2011-11-08 12:29:00,31.01458333333333,13,2909.86,4,5,4,13,Champions,False,Active,True,Standard
14525,2011-11-20 11:37:00,19.05069444444445,17,8026.54,4,5,5,14,Champions,False,Active,True,Standard
14526,2010-11-15 13:32:00,388.97083333333336,1,258.65,2,1,1,4,Lost / Low Value,True,At Risk,False,Retention Opportunity
14527,2011-12-07 12:19:00,2.0215277777777776,122,27246.88,5,5,5,15,Champions,False,Active,True,Standard
14528,2011-11-02 17:09:00,36.82013888888889,1,364.22,4,1,2,7,Potential Loyalists,False,Active,False,Standard
14529,2011-10-10 15:27:00,59.890972222222224,3,578.61,3,3,2,8,Potential Loyalists,False,Active,False,Standard
14530,2011-11-14 10:38:00,25.091666666666665,16,6088.87,4,5,5,14,Champions,False,Active,True,Standard
14531,2010-08-17 10:16:00,479.1069444444444,1,376.34,1,1,2,4,Lost / Low Value,True,At Risk,False,Retention Opportunity
14532,2011-04-17 13:05:00,235.98958333333331,11,3845.78,2,5,5,12,Loyal Customers,True,At Risk,True,High Priority
14533,2011-11-15 12:05:00,24.03125,11,3466.37,4,5,5,14,Champions,False,Active,True,Standard
14534,2011-12-07 12:19:00,2.0215277777777776,26,6187.66,5,5,5,15,Champions,False,Active,True,Standard
14535,2011-10-10 15:39:00,59.88263888888889,9,5973.2300000000005,3,5,5,13,Champions,False,Active,True,Standard
14536,2011-03-25 12:21:00,259.0201388888889,1,170.95,2,1,1,4,Lost / Low Value,True,At Risk,False,Retention Opportunity
14537,2011-10-13 10:54:00,57.08055555555556,2,641.4,4,2,3,9,Potential Loyalists,False,Active,False,Standard
14538,2011-10-06 10:31:00,64.09652777777778,5,1370.84,3,4,4,11,Loyal Customers,True,At Risk,False,Retention Opportunity
14539,2011-11-24 09:50:00,15.125,2,537.48,5,2,2,9,Potential Loyalists,False,Active,False,Standard
14540,2011-11-30 10:15:00,9.10763888888889,11,3709.64,5,5,5,15,Champions,False,Active,True,Standard
14541,2011-10-12 10:08:00,58.1125,14,2491.38,4,5,4,13,Champions,False,Active,True,Standard
14542,2011-06-07 08:19:00,185.18819444444443,1,103.25,3,1,1,5,At Risk,True,At Risk,False,Retention Opportunity
14543,2011-11-11 12:45:00,28.00347222222222,39,14587.87,4,5,5,14,Champions,False,Active,True,Standard
14544,2011-11-15 15:06:00,23.905555555555555,3,2938.53,4,3,5,12,Loyal Customers,False,Active,True,Standard
14545,2010-02-03 15:23:00,673.89375,1,349.25,1,1,2,4,Lost / Low Value,True,At Risk,False,Retention Opportunity
14546,2011-12-04 13:00:00,4.993055555555555,11,5184.84,5,5,5,15,Champions,False,Active,True,Standard
14547,2011-12-06 11:06:00,3.0722222222222224,8,3974.75,5,4,5,14,Champions,False,Active,True,Standard
14548,2011-07-12 12:19:00,150.02152777777778,9,2541.29,3,5,4,12,Loyal Customers,True,At Risk,True,High Priority
14549,2011-02-01 13:47:00,310.9604166666667,4,913.6,2,3,3,8,Potential Loyalists,True,At Risk,False,Retention Opportunity
14550,2011-11-29 12:12:00,10.026388888888889,4,1345.06,5,3,4,12,Loyal Customers,False,Active,False,Standard
14551,2011-11-21 13:36:00,17.968055555555555,7,878.09,5,4,3,12,Loyal Customers,False,Active,False,Standard
14552,2011-07-11 12:49:00,151.00069444444443,3,507.93,3,3,2,8,Potential Loyalists,True,At Risk,False,Retention Opportunity
14553,2011-11-20 13:20:00,18.979166666666668,9,1818.6,4,5,4,13,Champions,False,Active,False,Standard
14554,2011-11-29 16:44:00,9.8375,4,2279.49,5,3,4,12,Loyal Customers,False,Active,True,Standard
14555,2011-10-13 16:24:00,56.85138888888889,6,2304.03,4,4,4,12,Loyal Customers,False,Active,True,Standard
14556,2010-04-22 14:57:00,595.9118055555556,3,815.69,1,3,3,7,Potential Loyalists,True,At Risk,False,Retention Opportunity
14557,2011-09-15 15:48:00,84.87638888888888,1,788.38,3,1,3,7,Potential Loyalists,True,At Risk,False,Retention Opportunity
14558,2010-02-23 12:51:00,653.9993055555556,3,655.5,1,3,3,7,Potential Loyalists,True,At Risk,False,Retention Opportunity
14559,2010-11-14 16:05:00,389.8645833333333,1,75.6,2,1,1,4,Lost / Low Value,True,At Risk,False,Retention Opportunity
14560,2011-12-02 15:22:00,6.894444444444445,44,6114.03,5,5,5,15,Champions,False,Active,True,Standard
14561,2011-09-25 12:39:00,75.00763888888889,3,1080.76,3,3,3,9,Potential Loyalists,True,At Risk,False,Retention Opportunity
14562,2011-12-06 11:05:00,3.0729166666666665,26,6638.150000000001,5,5,5,15,Champions,False,Active,True,Standard
14563,2010-07-18 12:01:00,509.0340277777778,2,640.54,1,2,3,6,At Risk,True,At Risk,False,Retention Opportunity
14564,2010-10-01 09:02:00,434.15833333333336,2,2605.62,1,2,4,7,Potential Loyalists,True,At Risk,True,High Priority
14565,2011-09-05 09:07:00,95.15486111111112,5,3859.22,3,4,5,12,Loyal Customers,True,At Risk,True,High Priority
14566,2011-08-21 11:05:00,110.07291666666669,4,4092.0,3,3,5,11,Loyal Customers,True,At Risk,True,High Priority
14567,2011-10-14 10:21:00,56.10347222222222,2,1530.36,4,2,4,10,Loyal Customers,False,Active,False,Standard
14568,2010-09-30 17:15:00,434.81597222222223,1,919.7,1,1,3,5,At Risk,True,At Risk,False,Retention Opportunity
14569,2011-12-08 14:58:00,0.9111111111111112,4,597.33,5,3,2,10,Loyal Customers,False,Active,False,Standard
14570,2011-03-04 10:58:00,280.0777777777778,3,613.75,2,3,3,8,Potential Loyalists,True,At Risk,False,Retention Opportunity
14571,2010-10-10 15:06:00,424.9055555555556,1,160.0,1,1,1,3,Lost / Low Value,True,At Risk,False,Retention Opportunity
14572,2011-12-06 14:40:00,2.923611111111111,11,5526.88,5,5,5,15,Champions,False,Active,True,Standard
14573,2011-06-13 11:15:00,179.06597222222223,13,2163.12,3,5,4,12,Loyal Customers,True,At Risk,False,Retention Opportunity
14574,2009-12-07 12:42:00,732.0055555555556,1,143.70000000000002,1,1,1,3,Lost / Low Value,True,At Risk,False,Retention Opportunity
14575,2010-08-08 14:51:00,487.9159722222222,1,420.22,1,1,2,4,Lost / Low Value,True,At Risk,False,Retention Opportunity
14576,2010-12-02 17:51:00,371.7909722222222,1,35.400000000000006,2,1,1,4,Lost / Low Value,True,At Risk,False,Retention Opportunity
14577,2011-11-27 12:47:00,12.002083333333331,7,1364.15,5,4,4,13,Champions,False,Active,False,Standard
14578,2011-12-06 17:18:00,2.813888888888889,1,168.63,5,1,1,7,Potential Loyalists,False,Active,False,Standard
14579,2010-10-03 14:36:00,431.9263888888889,1,105.56,1,1,1,3,Lost / Low Value,True,At Risk,False,Retention Opportunity
14580,2010-07-09 15:20:00,517.8958333333334,1,14.85,1,1,1,3,Lost / Low Value,True,At Risk,False,Retention Opportunity
14581,2011-11-23 12:39:00,16.007638888888888,2,409.65,5,2,2,9,Potential Loyalists,False,Active,False,Standard
14582,2011-10-30 11:56:00,40.0375,1,114.11,4,1,1,6,At Risk,False,Active,False,Standard
14583,2011-12-04 12:32:00,5.0125,8,1660.29,5,4,4,13,Champions,False,Active,False,Standard
14584,2011-06-23 18:33:00,168.76180555555555,8,1738.16,3,4,4,11,Loyal Customers,True,At Risk,False,Retention Opportunity
14585,2011-10-20 14:33:00,49.92847222222223,5,1143.27,4,4,3,11,Loyal Customers,False,Active,False,Standard
14586,2011-03-08 10:04:00,276.1152777777778,1,237.36,2,1,1,4,Lost / Low Value,True,At Risk,False,Retention Opportunity
14587,2011-11-21 11:34:00,18.052777777777777,9,1580.29,5,5,4,14,Champions,False,Active,False,Standard
14588,2010-05-10 15:08:00,577.9041666666667,1,135.39,1,1,1,3,Lost / Low Value,True,At Risk,False,Retention Opportunity
14589,2010-12-03 11:42:00,371.0472222222222,1,39.75,2,1,1,4,Lost / Low Value,True,At Risk,False,Retention Opportunity
14590,2010-10-11 12:06:00,424.0305555555556,20,2993.37,1,5,5,11,Loyal Customers,True,At Risk,True,High Priority
14591,2011-11-24 13:57:00,14.953472222222222,4,1320.21,5,3,4,12,Loyal Customers,False,Active,False,Standard
14592,2011-11-04 16:35:00,34.84375,3,557.94,4,3,2,9,Potential Loyalists,False,Active,False,Standard
14593,2011-11-18 12:48:00,21.00138888888889,12,3665.53,4,5,5,14,Champions,False,Active,True,Standard
14594,2011-12-02 13:28:00,6.973611111111111,2,363.33,5,2,2,9,Potential Loyalists,False,Active,False,Standard
14595,2011-11-20 12:12:00,19.02638888888889,8,2164.45,4,4,4,12,Loyal Customers,False,Active,False,Standard
14596,2010-03-23 12:13:00,626.0256944444444,1,222.22,1,1,1,3,Lost / Low Value,True,At Risk,False,Retention Opportunity
14597,2011-11-28 13:13:00,10.984027777777778,6,2184.63,5,4,4,13,Champions,False,Active,False,Standard
14598,2011-10-26 13:19:00,43.97986111111111,2,384.04,4,2,2,8,Potential Loyalists,False,Active,False,Standard
14599,2010-11-14 14:49:00,389.9173611111111,2,457.89,2,2,2,6,At Risk,True,At Risk,False,Retention Opportunity
14600,2011-02-07 09:48:00,305.12638888888887,2,865.17,2,2,3,7,Potential Loyalists,True,At Risk,False,Retention Opportunity
14601,2011-11-29 09:48:00,10.126388888888888,1,213.96,5,1,1,7,Potential Loyalists,False,Active,False,Standard
14602,2010-02-21 15:47:00,655.8770833333333,1,205.36,1,1,1,3,Lost / Low Value,True,At Risk,False,Retention Opportunity
14603,2011-03-10 10:27:00,274.0993055555556,1,660.0,2,1,3,6,At Risk,True,At Risk,False,Retention Opportunity
14604,2010-03-16 13:00:00,632.9930555555555,1,143.86,1,1,1,3,Lost / Low Value,True,At Risk,False,Retention Opportunity
14605,2010-11-30 14:07:00,373.94652777777776,4,921.56,2,3,3,8,Potential Loyalists,True,At Risk,False,Retention Opportunity
14606,2011-12-08 19:28:00,0.7236111111111111,192,29951.37,5,5,5,15,Champions,False,Active,True,Standard
14607,2011-11-24 10:35:00,15.09375,22,23763.13,5,5,5,15,Champions,False,Active,True,Standard
14608,2011-12-05 16:52:00,3.831944444444445,11,3352.94,5,5,5,15,Champions,False,Active,True,Standard
14609,2011-09-28 12:54:00,71.99722222222222,10,1486.2,3,5,4,12,Loyal Customers,True,At Risk,False,Retention Opportunity
14610,2010-11-09 10:58:00,395.0777777777778,2,24.35,2,2,1,5,At Risk,True,At Risk,False,Retention Opportunity
14611,2010-09-22 09:19:00,443.1465277777778,2,604.33,1,2,2,5,At Risk,True,At Risk,False,Retention Opportunity
14612,2010-10-20 16:01:00,414.8673611111111,1,877.7,1,1,3,5,At Risk,True,At Risk,False,Retention Opportunity
14613,2010-01-28 13:02:00,679.9916666666667,1,76.32000000000001,1,1,1,3,Lost / Low Value,True,At Risk,False,Retention Opportunity
14614,2010-11-18 13:04:00,385.9902777777778,1,295.13,2,1,2,5,At Risk,True,At Risk,False,Retention Opportunity
14615,2010-11-10 13:36:00,393.9680555555556,5,951.76,2,4,3,9,Potential Loyalists,True,At Risk,False,Retention Opportunity
14616,2011-04-11 09:54:00,242.12222222222223,5,527.78,2,4,2,8,Potential Loyalists,True,At Risk,False,Retention Opportunity
14617,2010-11-02 11:41:00,402.04791666666665,2,190.47,2,2,1,5,At Risk,True,At Risk,False,Retention Opportunity
14618,2011-11-30 13:45:00,8.961805555555555,7,1342.32,5,4,4,13,Champions,False,Active,False,Standard
14619,2011-04-08 07:37:00,245.2173611111111,2,1291.24,2,2,4,8,Potential Loyalists,True,At Risk,False,Retention Opportunity
14620,2011-05-18 11:58:00,205.0361111111111,2,412.78,2,2,2,6,At Risk,True,At Risk,False,Retention Opportunity
14621,2011-12-08 16:22:00,0.8527777777777777,9,3000.57,5,5,5,15,Champions,False,Active,True,Standard
14622,2011-06-08 12:42:00,184.0055555555556,1,320.58000000000004,3,1,2,6,At Risk,True,At Risk,False,Retention Opportunity
14623,2011-11-07 13:56:00,31.954166666666666,10,2016.98,4,5,4,13,Champions,False,Active,False,Standard
14624,2011-10-13 13:44:00,56.9625,6,814.07,4,4,3,11,Loyal Customers,False,Active,False,Standard
14625,2011-05-27 15:32:00,195.8875,11,4497.88,2,5,5,12,Loyal Customers,True,At Risk,True,High Priority
14626,2011-11-16 10:37:00,23.09236111111111,11,5410.92,4,5,5,14,Champions,False,Active,True,Standard
14627,2010-11-25 16:32:00,378.84583333333336,1,462.75,2,1,2,5,At Risk,True,At Risk,False,Retention Opportunity
14628,2011-09-09 14:58:00,90.91111111111113,5,1998.0,3,4,4,11,Loyal Customers,True,At Risk,False,Retention Opportunity
14629,2011-12-05 16:55:00,3.829861111111111,2,955.26,5,2,3,10,Loyal Customers,False,Active,False,Standard
14630,2010-08-12 16:38:00,483.8416666666666,1,338.65,1,1,2,4,Lost / Low Value,True,At Risk,False,Retention Opportunity
14631,2011-10-20 11:17:00,50.06458333333333,6,2025.69,4,4,4,12,Loyal Customers,False,Active,False,Standard
14632,2011-03-22 08:49:00,262.1673611111111,1,114.56,2,1,1,4,Lost / Low Value,True,At Risk,False,Retention Opportunity
14633,2011-03-18 17:07:00,265.82152777777776,1,344.90000000000003,2,1,2,5,At Risk,True,At Risk,False,Retention Opportunity
14634,2010-09-28 10:40:00,437.09027777777777,4,2124.46,1,3,4,8,Potential Loyalists,True,At Risk,False,Retention Opportunity
14635,2010-09-12 10:47:00,453.0854166666667,1,215.22,1,1,1,3,Lost / Low Value,True,At Risk,False,Retention Opportunity
14636,2011-11-03 16:12:00,35.859722222222224,2,609.85,4,2,3,9,Potential Loyalists,False,Active,False,Standard
14637,2010-01-31 15:52:00,676.8736111111111,1,106.68,1,1,1,3,Lost / Low Value,True,At Risk,False,Retention Opportunity
14638,2011-10-20 10:10:00,50.11111111111112,1,443.6,4,1,2,7,Potential Loyalists,False,Active,False,Standard
14639,2011-10-18 15:06:00,51.90555555555556,9,4978.96,4,5,5,14,Champions,False,Active,True,Standard
14640,2011-11-15 13:07:00,23.98819444444445,10,3649.36,4,5,5,14,Champions,False,Active,True,Standard
14641,2011-11-18 10:42:00,21.08888888888889,1,110.46,4,1,1,6,At Risk,False,Active,False,Standard
14642,2011-10-12 11:08:00,58.07083333333333,1,96.12,4,1,1,6,At Risk,False,Active,False,Standard
14643,2011-06-22 14:41:00,169.92291666666668,5,1679.89,3,4,4,11,Loyal Customers,True,At Risk,False,Retention Opportunity
14644,2011-10-03 08:30:00,67.18055555555556,7,2247.72,3,4,4,11,Loyal Customers,True,At Risk,False,Retention Opportunity
14645,2011-07-06 09:15:00,156.14930555555554,3,876.89,3,3,3,9,Potential Loyalists,True,At Risk,False,Retention Opportunity
14646,2011-12-08 12:12:00,1.0263888888888888,151,528602.52,5,5,5,15,Champions,False,Active,True,Standard
14647,2011-05-22 13:40:00,200.96527777777777,2,506.04,2,2,2,6,At Risk,True,At Risk,False,Retention Opportunity
14648,2010-10-19 13:12:00,415.9847222222222,15,4466.65,1,5,5,11,Loyal Customers,True,At Risk,True,High Priority
14649,2011-12-05 12:30:00,4.013888888888889,9,3651.19,5,5,5,15,Champions,False,Active,True,Standard
14650,2010-04-29 20:27:00,588.6826388888888,1,62.5,1,1,1,3,Lost / Low Value,True,At Risk,False,Retention Opportunity
14651,2011-10-03 15:52:00,66.87361111111112,9,2025.52,3,5,4,12,Loyal Customers,True,At Risk,False,Retention Opportunity
14652,2011-09-23 14:21:00,76.93680555555555,1,114.18,3,1,1,5,At Risk,True,At Risk,False,Retention Opportunity
14653,2011-12-08 13:45:00,0.9618055555555556,12,3593.06,5,5,5,15,Champions,False,Active,True,Standard
14654,2009-12-01 12:57:00,737.9951388888888,1,246.86,1,1,1,3,Lost / Low Value,True,At Risk,False,Retention Opportunity
14655,2011-12-01 16:28:00,7.848611111111111,7,3878.51,5,4,5,14,Champions,False,Active,True,Standard
14656,2011-06-23 13:51:00,168.95763888888888,5,790.0,3,4,3,10,Loyal Customers,True,At Risk,False,Retention Opportunity
14657,2011-11-22 12:47:00,17.002083333333335,6,1450.19,5,4,4,13,Champions,False,Active,False,Standard
14658,2011-12-04 15:35:00,4.885416666666667,2,247.15,5,2,1,8,Potential Loyalists,False,Active,False,Standard
14659,2011-12-01 12:17:00,8.022916666666667,9,2529.93,5,5,4,14,Champions,False,Active,True,Standard
14660,2011-09-14 11:34:00,86.05277777777778,2,285.74,3,2,2,7,Potential Loyalists,True,At Risk,False,Retention Opportunity
14661,2011-11-13 11:51:00,26.040972222222223,1,107.95,4,1,1,6,At Risk,False,Active,False,Standard
14662,2011-11-11 12:13:00,28.025694444444444,7,1376.43,4,4,4,12,Loyal Customers,False,Active,False,Standard
14663,2010-10-05 13:21:00,429.9784722222222,2,490.6,1,2,2,5,At Risk,True,At Risk,False,Retention Opportunity
14664,2011-11-20 10:59:00,19.07708333333333,2,636.24,4,2,3,9,Potential Loyalists,False,Active,False,Standard
14665,2011-10-10 09:14:00,60.15,7,2749.65,3,4,4,11,Loyal Customers,True,At Risk,True,High Priority
14666,2011-11-15 12:57:00,23.99513888888889,1,195.25,4,1,1,6,At Risk,False,Active,False,Standard
14667,2011-11-29 11:30:00,10.055555555555555,54,20395.34,5,5,5,15,Champions,False,Active,True,Standard
14668,2010-09-20 15:03:00,444.90763888888887,1,111.63,1,1,1,3,Lost / Low Value,True,At Risk,False,Retention Opportunity
14669,2011-04-12 11:43:00,241.04652777777775,7,3216.78,2,4,5,11,Loyal Customers,True,At Risk,True,High Priority
14670,2011-03-04 14:13:00,279.9423611111111,3,583.33,2,3,2,7,Potential Loyalists,True,At Risk,False,Retention Opportunity
14671,2010-06-08 13:39:00,548.9659722222223,2,1127.45,1,2,3,6,At Risk,True,At Risk,False,Retention Opportunity
14672,2011-04-19 10:19:00,234.10486111111112,4,1113.14,2,3,3,8,Potential Loyalists,True,At Risk,False,Retention Opportunity
14673,2011-12-06 14:31:00,2.9298611111111112,7,3037.32,5,4,5,14,Champions,False,Active,True,Standard
14674,2010-07-18 14:25:00,508.93402777777777,1,173.66,1,1,1,3,Lost / Low Value,True,At Risk,False,Retention Opportunity
14675,2011-11-23 12:58:00,15.994444444444444,2,1015.58,5,2,3,10,Loyal Customers,False,Active,False,Standard
14676,2011-11-08 13:29:00,30.972916666666663,12,8356.79,4,5,5,14,Champions,False,Active,True,Standard
14677,2010-04-26 09:48:00,592.1263888888889,1,184.91,1,1,1,3,Lost / Low Value,True,At Risk,False,Retention Opportunity
14678,2010-05-09 14:32:00,578.9291666666667,1,403.39,1,1,2,4,Lost / Low Value,True,At Risk,False,Retention Opportunity
14679,2010-11-23 11:51:00,381.0409722222222,3,1289.44,2,3,4,9,Potential Loyalists,True,At Risk,False,Retention Opportunity
14680,2011-11-14 16:59:00,24.82708333333333,58,55688.5,4,5,5,14,Champions,False,Active,True,Standard
14681,2011-09-29 15:52:00,70.87361111111112,6,875.1500000000001,3,4,3,10,Loyal Customers,True,At Risk,False,Retention Opportunity
14682,2011-06-05 12:12:00,187.0263888888889,6,1514.81,3,4,4,11,Loyal Customers,True,At Risk,False,Retention Opportunity
14683,2010-04-30 17:18:00,587.8138888888889,1,146.56,1,1,1,3,Lost / Low Value,True,At Risk,False,Retention Opportunity
14684,2011-11-14 11:33:00,25.053472222222226,6,1430.03,4,4,4,12,Loyal Customers,False,Active,False,Standard
14685,2010-05-12 13:08:00,575.9875,8,4536.64,1,4,5,10,Loyal Customers,True,At Risk,True,High Priority
14686,2010-10-21 18:31:00,413.7631944444444,5,852.53,1,4,3,8,Potential Loyalists,True,At Risk,False,Retention Opportunity
14687,2011-08-25 11:59:00,106.03541666666666,3,1402.06,3,3,4,10,Loyal Customers,True,At Risk,False,Retention Opportunity
14688,2011-12-02 12:26:00,7.016666666666667,28,7190.42,5,5,5,15,Champions,False,Active,True,Standard
14689,2011-05-15 11:22:00,208.0611111111111,1,112.8,2,1,1,4,Lost / Low Value,True,At Risk,False,Retention Opportunity
14690,2011-10-26 15:39:00,43.88263888888889,4,777.6800000000001,4,3,3,10,Loyal Customers,False,Active,False,Standard
14691,2011-11-09 12:30:00,30.01388888888889,5,2114.33,4,4,4,12,Loyal Customers,False,Active,False,Standard
14692,2011-07-25 15:08:00,136.90416666666667,12,1715.14,3,5,4,12,Loyal Customers,True,At Risk,False,Retention Opportunity
14693,2011-03-20 12:50:00,264.0,7,1165.36,2,4,3,9,Potential Loyalists,True,At Risk,False,Retention Opportunity
14694,2010-04-01 19:46:00,616.7111111111111,1,244.31,1,1,1,3,Lost / Low Value,True,At Risk,False,Retention Opportunity
14695,2010-07-08 14:18:00,518.9388888888889,3,1534.22,1,3,4,8,Potential Loyalists,True,At Risk,False,Retention Opportunity
14696,2011-12-05 13:43:00,3.963194444444445,8,2473.28,5,4,4,13,Champions,False,Active,True,Standard
14697,2011-05-05 15:39:00,217.8826388888889,2,188.61,2,2,1,5,At Risk,True,At Risk,False,Retention Opportunity
14698,2011-12-08 12:26:00,1.0166666666666666,5,1217.27,5,4,3,12,Loyal Customers,False,Active,False,Standard
14699,2011-05-09 14:54:00,213.9138888888889,4,702.6,2,3,3,8,Potential Loyalists,True,At Risk,False,Retention Opportunity
14700,2011-11-07 14:40:00,31.92361111111111,5,3076.06,4,4,5,13,Champions,False,Active,True,Standard
14701,2011-11-29 12:38:00,10.008333333333333,15,4487.11,5,5,5,15,Champions,False,Active,True,Standard
14702,2011-12-08 19:29:00,0.7229166666666667,29,6368.78,5,5,5,15,Champions,False,Active,True,Standard
14703,2011-11-25 09:23:00,14.14375,1,318.17,5,1,2,8,Potential Loyalists,False,Active,False,Standard
14704,2011-11-28 12:51:00,10.999305555555557,11,1752.92,5,5,4,14,Champions,False,Active,False,Standard
14705,2011-05-25 12:39:00,198.0076388888889,1,179.0,2,1,1,4,Lost / Low Value,True,At Risk,False,Retention Opportunity
14706,2010-03-31 11:09:00,618.0701388888889,1,367.54,1,1,2,4,Lost / Low Value,True,At Risk,False,Retention Opportunity
14707,2010-09-30 11:37:00,435.0506944444445,2,139.2,1,2,1,4,Lost / Low Value,True,At Risk,False,Retention Opportunity
14708,2011-12-07 08:21:00,2.1868055555555554,5,1793.22,5,4,4,13,Champions,False,Active,False,Standard
14709,2011-11-24 15:41:00,14.88125,25,8886.33,5,5,5,15,Champions,False,Active,True,Standard
14710,2011-11-25 14:53:00,13.914583333333333,13,1899.79,5,5,4,14,Champions,False,Active,False,Standard
14711,2011-11-29 14:58:00,9.911111111111111,11,2839.62,5,5,4,14,Champions,False,Active,True,Standard
14712,2011-11-10 12:59:00,28.99375,4,1328.0700000000002,4,3,4,11,Loyal Customers,False,Active,False,Standard
14713,2011-11-30 16:26:00,8.85,21,5115.76,5,5,5,15,Champions,False,Active,True,Standard
14714,2011-11-15 13:07:00,23.98819444444445,4,906.24,4,3,3,10,Loyal Customers,False,Active,False,Standard
14715,2011-11-15 12:10:00,24.02777777777778,8,1825.45,4,4,4,12,Loyal Customers,False,Active,False,Standard
14716,2011-10-27 17:29:00,42.80625,3,543.28,4,3,2,9,Potential Loyalists,False,Active,False,Standard
14717,2009-12-06 13:05:00,732.9895833333334,1,81.3,1,1,1,3,Lost / Low Value,True,At Risk,False,Retention Opportunity
14718,2010-10-25 13:07:00,409.9881944444445,1,226.42,1,1,1,3,Lost / Low Value,True,At Risk,False,Retention Opportunity
14719,2011-12-08 12:43:00,1.0048611111111112,5,1581.84,5,4,4,13,Champions,False,Active,False,Standard
14720,2011-12-04 12:02:00,5.033333333333333,3,663.81,5,3,3,11,Loyal Customers,False,Active,False,Standard
14721,2010-11-25 13:08:00,378.9875,1,109.07,2,1,1,4,Lost / Low Value,True,At Risk,False,Retention Opportunity
14722,2011-07-15 14:58:00,146.9111111111111,3,489.52,3,3,2,8,Potential Loyalists,True,At Risk,False,Retention Opportunity
14723,2011-11-29 15:23:00,9.89375,11,1803.06,5,5,4,14,Champions,False,Active,False,Standard
14724,2010-04-28 13:26:00,589.975,1,341.9,1,1,2,4,Lost / Low Value,True,At Risk,False,Retention Opportunity
14725,2011-11-15 12:42:00,24.00555555555556,4,1252.74,4,3,4,11,Loyal Customers,False,Active,False,Standard
14726,2010-02-23 12:35:00,654.0104166666666,1,116.5,1,1,1,3,Lost / Low Value,True,At Risk,False,Retention Opportunity
14727,2011-03-10 14:45:00,273.9201388888889,3,463.73,2,3,2,7,Potential Loyalists,True,At Risk,False,Retention Opportunity
14728,2010-10-22 15:57:00,412.8701388888889,1,190.58,1,1,1,3,Lost / Low Value,True,At Risk,False,Retention Opportunity
14729,2010-12-01 12:43:00,373.0048611111111,3,586.24,2,3,2,7,Potential Loyalists,True,At Risk,False,Retention Opportunity
14730,2011-12-08 14:39:00,0.9243055555555556,8,1897.57,5,4,4,13,Champions,False,Active,False,Standard
14731,2011-10-23 15:54:00,46.87222222222222,3,380.02,4,3,2,9,Potential Loyalists,False,Active,False,Standard
14732,2011-12-01 14:34:00,7.927777777777778,19,5517.07,5,5,5,15,Champions,False,Active,True,Standard
14733,2011-11-23 15:39:00,15.88263888888889,15,14335.15,5,5,5,15,Champions,False,Active,True,Standard
14734,2010-10-10 12:04:00,425.0319444444444,4,1056.42,1,3,3,7,Potential Loyalists,True,At Risk,False,Retention Opportunity
14735,2011-12-06 12:09:00,3.0284722222222222,56,12240.16,5,5,5,15,Champions,False,Active,True,Standard
14736,2010-08-11 15:21:00,484.8951388888889,2,374.05,1,2,2,5,At Risk,True,At Risk,False,Retention Opportunity
14737,2011-12-06 10:16:00,3.1069444444444443,4,3554.17,5,3,5,13,Champions,False,Active,True,Standard
14738,2011-10-28 08:56:00,42.1625,9,1821.9,4,5,4,13,Champions,False,Active,False,Standard
14739,2011-12-05 16:54:00,3.830555555555556,25,11573.62,5,5,5,15,Champions,False,Active,True,Standard
14740,2011-05-26 18:17:00,196.77291666666667,11,4161.06,2,5,5,12,Loyal Customers,True,At Risk,True,High Priority
14741,2011-11-28 08:48:00,11.168055555555556,7,1713.09,5,4,4,13,Champions,False,Active,False,Standard
14742,2010-09-30 14:07:00,434.94652777777776,1,579.85,1,1,2,4,Lost / Low Value,True,At Risk,False,Retention Opportunity
14743,2010-04-26 10:26:00,592.1,1,50.48,1,1,1,3,Lost / Low Value,True,At Risk,False,Retention Opportunity
14744,2011-11-23 12:51:00,15.999305555555557,14,3660.08,5,5,5,15,Champions,False,Active,True,Standard
14745,2011-08-19 10:05:00,112.11458333333331,12,2551.41,3,5,4,12,Loyal Customers,True,At Risk,True,High Priority
14746,2010-10-29 14:44:00,405.92083333333335,4,593.5,2,3,2,7,Potential Loyalists,True,At Risk,False,Retention Opportunity
14747,2011-04-04 14:09:00,248.9451388888889,1,328.2,2,1,2,5,At Risk,True,At Risk,False,Retention Opportunity
14748,2011-11-10 18:33:00,28.761805555555554,10,2681.9,4,5,4,13,Champions,False,Active,True,Standard
14749,2010-08-17 12:36:00,479.0097222222222,1,310.15,1,1,2,4,Lost / Low Value,True,At Risk,False,Retention Opportunity
14750,2009-12-03 17:57:00,735.7868055555556,1,112.03,1,1,1,3,Lost / Low Value,True,At Risk,False,Retention Opportunity
14751,2010-01-24 13:37:00,683.9673611111111,2,126.45,1,2,1,4,Lost / Low Value,True,At Risk,False,Retention Opportunity
14752,2011-10-27 11:55:00,43.03819444444444,1,389.64,4,1,2,7,Potential Loyalists,False,Active,False,Standard
14753,2011-09-13 14:50:00,86.91666666666667,2,869.51,3,2,3,8,Potential Loyalists,True,At Risk,False,Retention Opportunity
14754,2011-10-26 12:01:00,44.03402777777778,6,1547.93,4,4,4,12,Loyal Customers,False,Active,False,Standard
14755,2011-11-30 11:24:00,9.059722222222222,25,9972.55,5,5,5,15,Champions,False,Active,True,Standard
14756,2011-11-24 18:13:00,14.775694444444444,3,2653.76,5,3,4,12,Loyal Customers,False,Active,True,Standard
14757,2011-09-25 14:36:00,74.9263888888889,1,420.5,3,1,2,6,At Risk,True,At Risk,False,Retention Opportunity
14758,2011-07-18 08:21:00,144.18680555555557,7,2864.9700000000003,3,4,4,11,Loyal Customers,True,At Risk,True,High Priority
14759,2011-12-05 12:03:00,4.032638888888889,3,1625.97,5,3,4,12,Loyal Customers,False,Active,False,Standard
14760,2011-02-15 16:27:00,296.8493055555556,1,89.2,2,1,1,4,Lost / Low Value,True,At Risk,False,Retention Opportunity
14761,2011-10-12 12:10:00,58.02777777777778,3,447.92,4,3,2,9,Potential Loyalists,False,Active,False,Standard
14762,2011-03-21 08:20:00,263.1875,2,417.57,2,2,2,6,At Risk,True,At Risk,False,Retention Opportunity
14764,2011-10-24 11:54:00,46.03888888888889,1,278.3,4,1,1,6,At Risk,False,Active,False,Standard
14765,2011-11-10 19:53:00,28.70625,3,254.11,4,3,1,8,Potential Loyalists,False,Active,False,Standard
14766,2011-12-01 16:05:00,7.864583333333333,11,6375.7300000000005,5,5,5,15,Champions,False,Active,True,Standard
14767,2010-08-22 14:54:00,473.9138888888889,1,382.81,1,1,2,4,Lost / Low Value,True,At Risk,False,Retention Opportunity
14768,2011-11-22 12:54:00,16.997222222222224,2,192.6,5,2,1,8,Potential Loyalists,False,Active,False,Standard
14769,2011-12-07 10:24:00,2.1013888888888888,17,15514.11,5,5,5,15,Champions,False,Active,True,Standard
14770,2011-04-21 14:21:00,231.9368055555556,8,3637.64,2,4,5,11,Loyal Customers,True,At Risk,True,High Priority
14771,2010-03-28 12:52:00,620.9986111111111,2,594.62,1,2,2,5,At Risk,True,At Risk,False,Retention Opportunity
14772,2011-08-19 15:04:00,111.90694444444443,1,139.26,3,1,1,5,At Risk,True,At Risk,False,Retention Opportunity
14773,2010-04-26 10:29:00,592.0979166666667,1,140.55,1,1,1,3,Lost / Low Value,True,At Risk,False,Retention Opportunity
14774,2010-06-29 12:26:00,528.0166666666667,1,241.45,1,1,1,3,Lost / Low Value,True,At Risk,False,Retention Opportunity
14775,2011-10-12 15:27:00,57.890972222222224,3,1011.9,4,3,3,10,Loyal Customers,False,Active,False,Standard
14776,2011-10-19 15:34:00,50.88611111111111,15,3708.3,4,5,5,14,Champions,False,Active,True,Standard
14777,2010-11-01 12:50:00,403.0,1,307.56,2,1,2,5,At Risk,True,At Risk,False,Retention Opportunity
14778,2011-08-04 15:23:00,126.89375,2,730.86,3,2,3,8,Potential Loyalists,True,At Risk,False,Retention Opportunity
14779,2011-03-04 12:42:00,280.0055555555556,3,386.15,2,3,2,7,Potential Loyalists,True,At Risk,False,Retention Opportunity
14780,2011-10-16 12:46:00,54.00277777777778,2,447.68,4,2,2,8,Potential Loyalists,False,Active,False,Standard
14782,2011-01-24 11:12:00,319.0680555555556,1,200.1,2,1,1,4,Lost / Low Value,True,At Risk,False,Retention Opportunity
14783,2010-02-18 16:16:00,658.8569444444445,1,307.3,1,1,2,4,Lost / Low Value,True,At Risk,False,Retention Opportunity
14784,2011-11-13 13:30:00,25.97222222222222,3,449.93,4,3,2,9,Potential Loyalists,False,Active,False,Standard
14785,2011-11-29 13:21:00,9.978472222222225,2,77.4,5,2,1,8,Potential Loyalists,False,Active,False,Standard
14786,2010-06-07 13:42:00,549.9638888888888,1,90.96,1,1,1,3,Lost / Low Value,True,At Risk,False,Retention Opportunity
14787,2010-08-25 14:38:00,470.925,1,110.65,1,1,1,3,Lost / Low Value,True,At Risk,False,Retention Opportunity
14788,2011-12-02 17:06:00,6.822222222222222,3,1156.32,5,3,3,11,Loyal Customers,False,Active,False,Standard
14789,2011-11-11 08:59:00,28.160416666666663,1,197.64,4,1,1,6,At Risk,False,Active,False,Standard
14790,2011-11-23 09:28:00,16.14027777777778,10,2526.62,5,5,4,14,Champions,False,Active,True,Standard
14791,2010-04-12 10:24:00,606.1013888888889,1,303.63,1,1,2,4,Lost / Low Value,True,At Risk,False,Retention Opportunity
14792,2011-10-07 09:19:00,63.14652777777778,1,6.2,3,1,1,5,At Risk,True,At Risk,False,Retention Opportunity
14793,2011-11-18 14:50:00,20.916666666666668,2,625.9,4,2,3,9,Potential Loyalists,False,Active,False,Standard
14794,2011-12-07 10:11:00,2.1104166666666666,10,1953.9,5,5,4,14,Champions,False,Active,False,Standard
14795,2011-06-26 13:04:00,165.99027777777778,1,131.45000000000002,3,1,1,5,At Risk,True,At Risk,False,Retention Opportunity
14796,2011-12-08 15:31:00,0.8881944444444444,27,10169.33,5,5,5,15,Champions,False,Active,True,Standard
14797,2010-07-20 14:07:00,506.94652777777776,1,300.31,1,1,2,4,Lost / Low Value,True,At Risk,False,Retention Opportunity
14798,2011-10-18 10:58:00,52.077777777777776,8,724.31,4,4,3,11,Loyal Customers,False,Active,False,Standard
14799,2011-10-19 16:16:00,50.85694444444445,2,338.15000000000003,4,2,2,8,Potential Loyalists,False,Active,False,Standard
14800,2011-10-23 12:46:00,47.00277777777778,17,7191.33,4,5,5,14,Champions,False,Active,True,Standard
14801,2011-10-09 15:24:00,60.89305555555556,1,189.34,3,1,1,5,At Risk,True,At Risk,False,Retention Opportunity
14802,2010-09-27 16:34:00,437.8444444444444,2,1502.98,1,2,4,7,Potential Loyalists,True,At Risk,False,Retention Opportunity
14803,2011-06-30 13:58:00,161.95277777777778,3,845.5500000000001,3,3,3,9,Potential Loyalists,True,At Risk,False,Retention Opportunity
14804,2011-12-01 11:20:00,8.0625,1,353.27,5,1,2,8,Potential Loyalists,False,Active,False,Standard
14805,2011-11-24 16:20:00,14.854166666666666,7,1082.55,5,4,3,12,Loyal Customers,False,Active,False,Standard
14806,2011-09-25 15:32:00,74.8875,2,303.43,3,2,2,7,Potential Loyalists,True,At Risk,False,Retention Opportunity
14807,2010-11-14 12:47:00,390.00208333333336,2,504.14,2,2,2,6,At Risk,True,At Risk,False,Retention Opportunity
14808,2011-10-31 12:21:00,39.02013888888889,8,2718.6,4,4,4,12,Loyal Customers,False,Active,True,Standard
14809,2010-03-28 15:44:00,620.8791666666667,2,686.76,1,2,3,6,At Risk,True,At Risk,False,Retention Opportunity
14810,2011-10-30 11:19:00,40.06319444444444,13,2354.03,4,5,4,13,Champions,False,Active,True,Standard
14811,2010-11-17 13:09:00,386.9868055555556,1,170.5,2,1,1,4,Lost / Low Value,True,At Risk,False,Retention Opportunity
14812,2010-04-20 12:13:00,598.0256944444444,1,178.85,1,1,1,3,Lost / Low Value,True,At Risk,False,Retention Opportunity
14813,2010-12-05 11:57:00,369.03680555555553,4,888.91,2,3,3,8,Potential Loyalists,True,At Risk,False,Retention Opportunity
14814,2010-05-07 14:10:00,580.9444444444445,1,154.21,1,1,1,3,Lost / Low Value,True,At Risk,False,Retention Opportunity
14815,2011-11-03 11:36:00,36.05138888888889,2,778.5,4,2,3,9,Potential Loyalists,False,Active,False,Standard
14816,2011-05-26 13:16:00,196.98194444444445,1,271.85,2,1,1,4,Lost / Low Value,True,At Risk,False,Retention Opportunity
14817,2011-05-23 13:35:00,199.96875,7,3959.86,2,4,5,11,Loyal Customers,True,At Risk,True,High Priority
14818,2011-09-27 11:01:00,73.07569444444445,6,1153.56,3,4,3,10,Loyal Customers,True,At Risk,False,Retention Opportunity
14819,2011-10-06 13:41:00,63.96458333333333,4,456.41,3,3,2,8,Potential Loyalists,True,At Risk,False,Retention Opportunity
14820,2011-11-18 15:41:00,20.88125,9,1274.76,4,5,4,13,Champions,False,Active,False,Standard
14821,2010-12-08 08:43:00,366.1715277777778,7,1230.15,2,4,4,10,Loyal Customers,True,At Risk,False,Retention Opportunity
14822,2010-08-11 12:52:00,484.99861111111113,1,157.7,1,1,1,3,Lost / Low Value,True,At Risk,False,Retention Opportunity
14823,2011-06-12 13:12:00,179.98472222222222,3,321.43,3,3,2,8,Potential Loyalists,True,At Risk,False,Retention Opportunity
14824,2011-11-29 14:20:00,9.9375,10,4022.91,5,5,5,15,Champions,False,Active,True,Standard
14825,2011-12-06 11:38:00,3.05,24,4735.08,5,5,5,15,Champions,False,Active,True,Standard
14826,2010-05-07 09:00:00,581.1597222222222,2,385.2,1,2,2,5,At Risk,True,At Risk,False,Retention Opportunity
14828,2011-05-27 10:16:00,196.10694444444445,13,9839.46,2,5,5,12,Loyal Customers,True,At Risk,True,High Priority
14829,2011-11-10 16:16:00,28.856944444444444,7,1455.87,4,4,4,12,Loyal Customers,False,Active,False,Standard
14830,2011-10-17 14:29:00,52.93125,1,188.88,4,1,1,6,At Risk,False,Active,False,Standard
14831,2010-01-28 14:31:00,679.9298611111111,3,1676.57,1,3,4,8,Potential Loyalists,True,At Risk,False,Retention Opportunity
14832,2010-03-19 15:14:00,629.9,1,322.69,1,1,2,4,Lost / Low Value,True,At Risk,False,Retention Opportunity
14833,2010-07-29 10:06:00,498.1138888888889,1,94.8,1,1,1,3,Lost / Low Value,True,At Risk,False,Retention Opportunity
14834,2011-11-22 10:30:00,17.09722222222222,7,2206.16,5,4,4,13,Champions,False,Active,False,Standard
14835,2010-06-29 10:08:00,528.1125,2,297.0,1,2,2,5,At Risk,True,At Risk,False,Retention Opportunity
14836,2011-11-29 16:45:00,9.836805555555555,3,102.45,5,3,1,9,Potential Loyalists,False,Active,False,Standard
14837,2011-09-11 10:58:00,89.07777777777778,9,3460.32,3,5,5,13,Champions,True,At Risk,True,High Priority
14838,2010-10-12 15:46:00,422.8777777777778,2,769.9200000000001,1,2,3,6,At Risk,True,At Risk,False,Retention Opportunity
14839,2010-10-17 13:01:00,417.9923611111111,3,915.28,1,3,3,7,Potential Loyalists,True,At Risk,False,Retention Opportunity
14840,2011-03-17 12:00:00,267.03472222222223,2,362.71,2,2,2,6,At Risk,True,At Risk,False,Retention Opportunity
14841,2011-10-17 15:03:00,52.90763888888889,14,7163.0,4,5,5,14,Champions,False,Active,True,Standard
14842,2011-10-27 12:37:00,43.009027777777774,4,2824.69,4,3,4,11,Loyal Customers,False,Active,True,Standard
14843,2010-09-29 12:39:00,436.0076388888889,1,211.8,1,1,1,3,Lost / Low Value,True,At Risk,False,Retention Opportunity
14844,2011-10-07 10:41:00,63.08958333333333,10,6702.43,3,5,5,13,Champions,True,At Risk,True,High Priority
14845,2010-04-19 10:19:00,599.1048611111111,1,150.0,1,1,1,3,Lost / Low Value,True,At Risk,False,Retention Opportunity
14846,2010-10-08 17:07:00,426.82152777777776,1,437.4,1,1,2,4,Lost / Low Value,True,At Risk,False,Retention Opportunity
14847,2011-07-14 10:52:00,148.08194444444445,3,1348.95,3,3,4,10,Loyal Customers,True,At Risk,False,Retention Opportunity
14848,2010-10-31 12:22:00,404.0194444444445,1,310.56,2,1,2,5,At Risk,True,At Risk,False,Retention Opportunity
14849,2011-11-18 10:58:00,21.07777777777778,43,15407.61,4,5,5,14,Champions,False,Active,True,Standard
14850,2011-02-01 11:21:00,311.0618055555556,7,1770.96,2,4,4,10,Loyal Customers,True,At Risk,False,Retention Opportunity
14851,2011-11-16 14:20:00,22.9375,3,829.41,4,3,3,10,Loyal Customers,False,Active,False,Standard
14852,2011-10-12 13:20:00,57.97916666666666,18,6132.43,4,5,5,14,Champions,False,Active,True,Standard
14853,2011-11-15 16:56:00,23.829166666666666,5,1376.87,4,4,4,12,Loyal Customers,False,Active,False,Standard
14854,2011-09-22 17:00:00,77.82638888888889,11,4303.06,3,5,5,13,Champions,True,At Risk,True,High Priority
14855,2011-08-12 14:02:00,118.95,7,6520.3,3,4,5,12,Loyal Customers,True,At Risk,True,High Priority
14856,2011-11-03 14:53:00,35.91458333333333,3,1290.53,4,3,4,11,Loyal Customers,False,Active,False,Standard
14857,2011-10-11 09:23:00,59.14375,7,3651.851,3,4,5,12,Loyal Customers,False,Active,True,Standard
14858,2010-07-22 10:51:00,505.0826388888889,1,180.75,1,1,1,3,Lost / Low Value,True,At Risk,False,Retention Opportunity
14859,2011-11-27 11:18:00,12.063888888888888,5,1705.64,5,4,4,13,Champions,False,Active,False,Standard
14860,2011-11-20 14:17:00,18.93958333333333,1,170.32,5,1,1,7,Potential Loyalists,False,Active,False,Standard
14861,2011-10-18 12:54:00,51.99722222222222,10,1380.73,4,5,4,13,Champions,False,Active,False,Standard
14862,2011-11-14 10:01:00,25.117361111111112,2,841.2,4,2,3,9,Potential Loyalists,False,Active,False,Standard
14863,2011-11-10 15:04:00,28.906944444444445,1,266.76,4,1,1,6,At Risk,False,Active,False,Standard
14865,2011-12-02 16:25:00,6.850694444444445,4,92.52,5,3,1,9,Potential Loyalists,False,Active,False,Standard
14866,2011-11-29 11:45:00,10.04513888888889,19,20746.54,5,5,5,15,Champions,False,Active,True,Standard
14867,2011-06-07 11:39:00,185.04930555555555,16,2952.06,3,5,5,13,Champions,True,At Risk,True,High Priority
14868,2011-12-06 14:49:00,2.917361111111111,12,4184.01,5,5,5,15,Champions,False,Active,True,Standard
14869,2011-12-01 12:36:00,8.009722222222223,6,2778.14,5,4,4,13,Champions,False,Active,True,Standard
14870,2011-03-23 10:51:00,261.0826388888889,6,1838.95,2,4,4,10,Loyal Customers,True,At Risk,False,Retention Opportunity
14871,2011-12-06 13:42:00,2.963888888888889,9,1228.17,5,5,4,14,Champions,False,Active,False,Standard
14872,2010-08-13 12:34:00,483.0111111111111,3,816.6,1,3,3,7,Potential Loyalists,True,At Risk,False,Retention Opportunity
14873,2011-05-13 13:52:00,209.95694444444445,2,854.13,2,2,3,7,Potential Loyalists,True,At Risk,False,Retention Opportunity
14874,2010-06-22 14:58:00,534.9111111111112,1,116.18,1,1,1,3,Lost / Low Value,True,At Risk,False,Retention Opportunity
14875,2011-08-24 12:20:00,107.02083333333331,3,2862.4,3,3,4,10,Loyal Customers,True,At Risk,True,High Priority
14876,2010-07-06 14:57:00,520.9118055555556,2,256.7,1,2,1,4,Lost / Low Value,True,At Risk,False,Retention Opportunity
14877,2010-10-17 13:09:00,417.9868055555556,2,425.85,1,2,2,5,At Risk,True,At Risk,False,Retention Opportunity
14878,2011-11-27 11:15:00,12.06597222222222,25,4076.5,5,5,5,15,Champions,False,Active,True,Standard
14879,2010-01-24 11:35:00,684.0520833333334,1,185.06,1,1,1,3,Lost / Low Value,True,At Risk,False,Retention Opportunity
14880,2011-09-23 13:42:00,76.96388888888889,3,690.59,3,3,3,9,Potential Loyalists,True,At Risk,False,Retention Opportunity
14881,2011-11-20 11:06:00,19.072222222222223,1,255.4,4,1,1,6,At Risk,False,Active,False,Standard
14882,2011-11-13 12:47:00,26.00208333333333,14,3546.65,4,5,5,14,Champions,False,Active,True,Standard
14883,2011-11-21 10:23:00,18.102083333333333,6,761.59,5,4,3,12,Loyal Customers,False,Active,False,Standard
14884,2010-02-08 12:56:00,668.9958333333333,1,120.6,1,1,1,3,Lost / Low Value,True,At Risk,False,Retention Opportunity
14885,2011-07-31 12:05:00,131.03125,3,1598.12,3,3,4,10,Loyal Customers,True,At Risk,False,Retention Opportunity
14886,2011-04-01 08:56:00,252.1625,1,364.8,2,1,2,5,At Risk,True,At Risk,False,Retention Opportunity
14887,2011-09-21 15:32:00,78.8875,1,1862.0,3,1,4,8,Potential Loyalists,True,At Risk,False,Retention Opportunity
14888,2011-05-16 14:58:00,206.9111111111111,1,369.2,2,1,2,5,At Risk,True,At Risk,False,Retention Opportunity
14889,2011-01-07 15:19:00,335.8965277777778,1,135.9,2,1,1,4,Lost / Low Value,True,At Risk,False,Retention Opportunity
14890,2011-03-31 11:57:00,253.0368055555556,3,817.25,2,3,3,8,Potential Loyalists,True,At Risk,False,Retention Opportunity
14891,2011-07-14 18:08:00,147.77916666666667,4,1106.73,3,3,3,9,Potential Loyalists,True,At Risk,False,Retention Opportunity
14892,2010-01-18 08:58:00,690.1611111111112,1,202.35,1,1,1,3,Lost / Low Value,True,At Risk,False,Retention Opportunity
14893,2011-11-30 12:31:00,9.013194444444444,3,1809.61,5,3,4,12,Loyal Customers,False,Active,False,Standard
14894,2011-09-15 13:51:00,84.9576388888889,3,1492.81,3,3,4,10,Loyal Customers,True,At Risk,False,Retention Opportunity
14895,2011-12-02 09:23:00,7.14375,38,25119.54,5,5,5,15,Champions,False,Active,True,Standard
14896,2011-05-19 10:20:00,204.10416666666663,8,1826.0,2,4,4,10,Loyal Customers,True,At Risk,False,Retention Opportunity
14897,2011-12-02 10:32:00,7.095833333333333,8,3140.54,5,4,5,14,Champions,False,Active,True,Standard
14898,2011-11-16 14:54:00,22.913888888888888,14,3365.95,4,5,5,14,Champions,False,Active,True,Standard
14899,2010-11-09 15:20:00,394.8958333333333,1,1331.38,2,1,4,7,Potential Loyalists,True,At Risk,False,Retention Opportunity
14900,2010-07-05 15:09:00,521.9034722222223,1,13.919999999999998,1,1,1,3,Lost / Low Value,True,At Risk,False,Retention Opportunity
14901,2011-11-28 17:09:00,10.82013888888889,12,1919.0,5,5,4,14,Champions,False,Active,False,Standard
14902,2011-11-14 10:34:00,25.094444444444445,3,1035.62,4,3,3,10,Loyal Customers,False,Active,False,Standard
14903,2011-11-18 16:07:00,20.86319444444445,5,2795.33,4,4,4,12,Loyal Customers,False,Active,True,Standard
14904,2011-12-07 12:55:00,1.9965277777777777,4,1630.49,5,3,4,12,Loyal Customers,False,Active,False,Standard
14905,2011-07-05 12:41:00,157.00625,8,1971.39,3,4,4,11,Loyal Customers,True,At Risk,False,Retention Opportunity
14906,2010-09-20 16:30:00,444.84722222222223,1,68.44,1,1,1,3,Lost / Low Value,True,At Risk,False,Retention Opportunity
14907,2011-12-06 14:14:00,2.941666666666667,16,5547.72,5,5,5,15,Champions,False,Active,True,Standard
14908,2011-09-26 12:56:00,73.99583333333334,2,381.9,3,2,2,7,Potential Loyalists,True,At Risk,False,Retention Opportunity
14909,2010-09-28 16:56:00,436.82916666666665,3,1404.68,1,3,4,8,Potential Loyalists,True,At Risk,False,Retention Opportunity
14910,2011-12-07 10:06:00,2.113888888888889,4,434.35,5,3,2,10,Loyal Customers,False,Active,False,Standard
14911,2011-12-08 15:54:00,0.8722222222222222,398,291420.81,5,5,5,15,Champions,False,Active,True,Standard
14912,2011-11-23 09:20:00,16.145833333333332,6,1889.25,5,4,4,13,Champions,False,Active,False,Standard
14913,2011-11-04 08:29:00,35.18125,8,4073.13,4,4,5,13,Champions,False,Active,True,Standard
14915,2011-09-09 13:34:00,90.96944444444443,11,1811.25,3,5,4,12,Loyal Customers,True,At Risk,False,Retention Opportunity
14916,2011-09-30 09:20:00,70.14583333333333,8,3042.95,3,4,5,12,Loyal Customers,True,At Risk,True,High Priority
14917,2010-04-22 11:28:00,596.0569444444444,2,1123.75,1,2,3,6,At Risk,True,At Risk,False,Retention Opportunity
14918,2011-08-16 11:50:00,115.04166666666669,9,5955.81,3,5,5,13,Champions,True,At Risk,True,High Priority
14919,2010-06-18 13:06:00,538.9888888888889,1,359.35,1,1,2,4,Lost / Low Value,True,At Risk,False,Retention Opportunity
14920,2011-05-11 10:32:00,212.09583333333333,3,1607.17,2,3,4,9,Potential Loyalists,True,At Risk,False,Retention Opportunity
14921,2011-11-09 13:17:00,29.98125,2,1316.07,4,2,4,10,Loyal Customers,False,Active,False,Standard
14922,2010-11-11 11:14:00,393.06666666666666,2,843.74,2,2,3,7,Potential Loyalists,True,At Risk,False,Retention Opportunity
14923,2011-10-20 11:51:00,50.04097222222222,1,749.1,4,1,3,8,Potential Loyalists,False,Active,False,Standard
14924,2011-04-08 09:25:00,245.14236111111111,3,931.01,2,3,3,8,Potential Loyalists,True,At Risk,False,Retention Opportunity
14926,2010-11-23 07:13:00,381.2340277777778,2,359.4,2,2,2,6,At Risk,True,At Risk,False,Retention Opportunity
14927,2010-11-08 12:30:00,396.0138888888889,1,308.2,2,1,2,5,At Risk,True,At Risk,False,Retention Opportunity
14928,2010-03-22 09:14:00,627.15,1,223.91000000000005,1,1,1,3,Lost / Low Value,True,At Risk,False,Retention Opportunity
14929,2011-11-07 17:21:00,31.811805555555555,2,836.69,4,2,3,9,Potential Loyalists,False,Active,False,Standard
14930,2011-08-23 10:31:00,108.09652777777778,6,5236.7300000000005,3,4,5,12,Loyal Customers,True,At Risk,True,High Priority
14931,2011-12-05 10:19:00,4.104861111111111,5,1257.68,5,4,4,13,Champions,False,Active,False,Standard
14932,2010-12-09 11:48:00,365.0430555555556,2,666.13,2,2,3,7,Potential Loyalists,True,At Risk,False,Retention Opportunity
14933,2010-09-22 10:47:00,443.0854166666667,4,1770.0,1,3,4,8,Potential Loyalists,True,At Risk,False,Retention Opportunity
14934,2011-09-19 10:10:00,81.11111111111111,5,3503.5,3,4,5,12,Loyal Customers,True,At Risk,True,High Priority
14935,2011-02-15 14:44:00,296.9208333333333,2,2849.83,2,2,4,8,Potential Loyalists,True,At Risk,True,High Priority
14936,2011-11-06 10:30:00,33.09722222222222,12,12410.81,4,5,5,14,Champions,False,Active,True,Standard
14937,2011-10-14 12:29:00,56.01458333333333,3,1621.88,4,3,4,11,Loyal Customers,False,Active,False,Standard
14938,2010-05-26 13:38:00,561.9666666666667,2,2322.43,1,2,4,7,Potential Loyalists,True,At Risk,True,High Priority
14940,2010-10-18 10:47:00,417.0854166666667,2,531.49,1,2,2,5,At Risk,True,At Risk,False,Retention Opportunity
14941,2010-05-10 11:30:00,578.0555555555555,1,182.1,1,1,1,3,Lost / Low Value,True,At Risk,False,Retention Opportunity
14942,2010-11-03 10:51:00,401.0826388888889,4,746.56,2,3,3,8,Potential Loyalists,True,At Risk,False,Retention Opportunity
14943,2010-02-14 16:04:00,662.8652777777778,1,107.62,1,1,1,3,Lost / Low Value,True,At Risk,False,Retention Opportunity
14944,2011-11-10 09:10:00,29.15277777777778,19,9784.67,4,5,5,14,Champions,False,Active,True,Standard
14945,2010-10-22 11:26:00,413.0583333333333,1,179.4,1,1,1,3,Lost / Low Value,True,At Risk,False,Retention Opportunity
14946,2011-11-25 13:33:00,13.970138888888888,1,100.9,5,1,1,7,Potential Loyalists,False,Active,False,Standard
14947,2011-09-28 15:48:00,71.87638888888888,6,1049.79,3,4,3,10,Loyal Customers,True,At Risk,False,Retention Opportunity
14948,2011-11-16 17:16:00,22.815277777777776,6,1101.97,4,4,3,11,Loyal Customers,False,Active,False,Standard
14949,2010-08-27 15:38:00,468.8833333333333,4,515.0,1,3,2,6,At Risk,True,At Risk,False,Retention Opportunity
14950,2011-11-20 13:48:00,18.959722222222226,1,371.2,5,1,2,8,Potential Loyalists,False,Active,False,Standard
14951,2011-09-21 15:15:00,78.89930555555556,1,311.69,3,1,2,6,At Risk,True,At Risk,False,Retention Opportunity
14952,2011-10-11 10:33:00,59.09513888888889,32,17629.35,3,5,5,13,Champions,False,Active,True,Standard
14953,2011-11-14 14:59:00,24.910416666666663,4,971.32,4,3,3,10,Loyal Customers,False,Active,False,Standard
14954,2011-11-27 14:30:00,11.930555555555555,2,462.12,5,2,2,9,Potential Loyalists,False,Active,False,Standard
14955,2009-12-07 11:35:00,732.0520833333334,1,163.77,1,1,1,3,Lost / Low Value,True,At Risk,False,Retention Opportunity
14956,2010-10-14 16:40:00,420.84027777777777,1,1325.0,1,1,4,6,At Risk,True,At Risk,False,Retention Opportunity
14957,2011-03-31 17:59:00,252.78541666666663,2,261.69,2,2,1,5,At Risk,True,At Risk,False,Retention Opportunity
14958,2011-07-15 14:20:00,146.9375,6,941.99,3,4,3,10,Loyal Customers,True,At Risk,False,Retention Opportunity
14959,2011-10-06 18:23:00,63.76875,4,695.42,3,3,3,9,Potential Loyalists,True,At Risk,False,Retention Opportunity
14960,2011-12-01 12:54:00,7.997222222222222,2,221.27,5,2,1,8,Potential Loyalists,False,Active,False,Standard
14961,2011-11-29 09:42:00,10.130555555555556,22,16410.15,5,5,5,15,Champions,False,Active,True,Standard
14962,2011-03-14 09:42:00,270.1305555555556,4,366.91,2,3,2,7,Potential Loyalists,True,At Risk,False,Retention Opportunity
14963,2011-11-30 12:16:00,9.02361111111111,12,3123.57,5,5,5,15,Champions,False,Active,True,Standard
14964,2011-04-06 14:13:00,246.9423611111111,1,206.21,2,1,1,4,Lost / Low Value,True,At Risk,False,Retention Opportunity
14965,2011-09-04 13:20:00,95.97916666666669,2,596.09,3,2,2,7,Potential Loyalists,True,At Risk,False,Retention Opportunity
14966,2011-11-25 12:20:00,14.020833333333334,6,1064.26,5,4,3,12,Loyal Customers,False,Active,False,Standard
14967,2011-10-21 11:06:00,49.07222222222222,6,1982.61,4,4,4,12,Loyal Customers,False,Active,False,Standard
14968,2011-11-09 13:58:00,29.95277777777778,2,501.24,4,2,2,8,Potential Loyalists,False,Active,False,Standard
14969,2010-01-05 12:43:00,703.0048611111112,1,906.23,1,1,3,5,At Risk,True,At Risk,False,Retention Opportunity
14970,2011-10-02 13:44:00,67.9625,12,4919.35,3,5,5,13,Champions,True,At Risk,True,High Priority
14971,2011-11-04 17:07:00,34.821527777777774,3,1097.98,4,3,3,10,Loyal Customers,False,Active,False,Standard
14972,2011-08-03 14:54:00,127.91388888888888,2,145.07,3,2,1,6,At Risk,True,At Risk,False,Retention Opportunity
14973,2011-08-24 15:51:00,106.87430555555557,3,1314.45,3,3,4,10,Loyal Customers,True,At Risk,False,Retention Opportunity
14974,2011-11-02 13:01:00,36.99236111111111,1,89.94,4,1,1,6,At Risk,False,Active,False,Standard
14975,2011-10-13 14:08:00,56.94583333333333,2,472.39,4,2,2,8,Potential Loyalists,False,Active,False,Standard
14976,2011-10-13 16:37:00,56.84236111111111,7,790.86,4,4,3,11,Loyal Customers,False,Active,False,Standard
14977,2009-12-14 10:37:00,725.0923611111111,1,31.93,1,1,1,3,Lost / Low Value,True,At Risk,False,Retention Opportunity
14978,2011-09-28 13:07:00,71.98819444444445,10,3112.19,3,5,5,13,Champions,True,At Risk,True,High Priority
14979,2009-12-04 12:54:00,734.9972222222223,1,429.66,1,1,2,4,Lost / Low Value,True,At Risk,False,Retention Opportunity
14980,2009-12-02 14:09:00,736.9451388888889,1,150.68,1,1,1,3,Lost / Low Value,True,At Risk,False,Retention Opportunity
14981,2011-04-07 13:45:00,245.96180555555557,2,372.92,2,2,2,6,At Risk,True,At Risk,False,Retention Opportunity
14982,2010-05-16 15:52:00,571.8736111111111,1,237.78,1,1,1,3,Lost / Low Value,True,At Risk,False,Retention Opportunity
14983,2010-01-19 17:32:00,688.8041666666667,1,183.2,1,1,1,3,Lost / Low Value,True,At Risk,False,Retention Opportunity
14984,2011-11-20 14:28:00,18.931944444444444,6,1260.51,5,4,4,13,Champions,False,Active,False,Standard
14985,2011-05-25 14:29:00,197.93125,2,292.01,2,2,2,6,At Risk,True,At Risk,False,Retention Opportunity
14986,2010-11-28 15:25:00,375.8923611111111,2,563.1,2,2,2,6,At Risk,True,At Risk,False,Retention Opportunity
14987,2011-11-24 09:59:00,15.11875,8,1550.65,5,4,4,13,Champions,False,Active,False,Standard
14988,2011-05-12 12:05:00,211.03125,7,2038.65,2,4,4,10,Loyal Customers,True,At Risk,False,Retention Opportunity
14989,2010-02-16 10:40:00,661.0902777777778,1,342.4,1,1,2,4,Lost / Low Value,True,At Risk,False,Retention Opportunity
14990,2010-04-06 13:54:00,611.9555555555555,2,304.17,1,2,2,5,At Risk,True,At Risk,False,Retention Opportunity
14991,2010-10-05 13:01:00,429.9923611111111,1,314.67,1,1,2,4,Lost / Low Value,True,At Risk,False,Retention Opportunity
14992,2010-09-23 17:48:00,441.7930555555556,1,210.5,1,1,1,3,Lost / Low Value,True,At Risk,False,Retention Opportunity
14993,2010-05-25 12:47:00,563.0020833333333,1,36.13,1,1,1,3,Lost / Low Value,True,At Risk,False,Retention Opportunity
14994,2010-11-22 12:59:00,381.99375,5,946.72,2,4,3,9,Potential Loyalists,True,At Risk,False,Retention Opportunity
14995,2011-11-01 11:39:00,38.04930555555556,2,231.98,4,2,1,7,Potential Loyalists,False,Active,False,Standard
14996,2010-08-15 13:44:00,480.9625,2,442.29,1,2,2,5,At Risk,True,At Risk,False,Retention Opportunity
14997,2011-10-24 13:28:00,45.97361111111111,4,776.6,4,3,3,10,Loyal Customers,False,Active,False,Standard
14998,2011-06-22 17:30:00,169.80555555555554,4,753.18,3,3,3,9,Potential Loyalists,True,At Risk,False,Retention Opportunity
14999,2010-04-26 10:47:00,592.0854166666667,1,129.48000000000002,1,1,1,3,Lost / Low Value,True,At Risk,False,Retention Opportunity
15000,2011-10-23 11:42:00,47.047222222222224,1,490.52,4,1,2,7,Potential Loyalists,False,Active,False,Standard
15001,2010-11-10 13:51:00,393.9576388888889,2,199.11,2,2,1,5,At Risk,True,At Risk,False,Retention Opportunity
15002,2011-08-16 10:44:00,115.0875,9,4138.08,3,5,5,13,Champions,True,At Risk,True,High Priority
15003,2010-08-23 15:44:00,472.87916666666666,6,1027.03,1,4,3,8,Potential Loyalists,True,At Risk,False,Retention Opportunity
15004,2011-07-15 14:05:00,146.94791666666666,1,1220.77,3,1,3,7,Potential Loyalists,True,At Risk,False,Retention Opportunity
15005,2011-11-24 12:25:00,15.01736111111111,56,13754.58,5,5,5,15,Champions,False,Active,True,Standard
15006,2011-10-19 15:08:00,50.90416666666667,2,757.78,4,2,3,9,Potential Loyalists,False,Active,False,Standard
15007,2011-07-03 16:00:00,158.86805555555554,1,156.91,3,1,1,5,At Risk,True,At Risk,False,Retention Opportunity
15008,2010-08-16 13:09:00,479.9868055555556,2,360.0,1,2,2,5,At Risk,True,At Risk,False,Retention Opportunity
15009,2011-11-27 13:35:00,11.96875,3,1259.43,5,3,4,12,Loyal Customers,False,Active,False,Standard
15010,2011-11-04 12:42:00,35.00555555555555,1,308.94,4,1,2,7,Potential Loyalists,False,Active,False,Standard
15011,2010-11-09 11:10:00,395.06944444444446,2,416.6,2,2,2,6,At Risk,True,At Risk,False,Retention Opportunity
15012,2011-10-17 12:22:00,53.019444444444446,3,646.26,4,3,3,10,Loyal Customers,False,Active,False,Standard
15013,2010-08-09 12:05:00,487.03125,10,1610.82,1,5,4,10,Loyal Customers,True,At Risk,False,Retention Opportunity
15014,2011-10-27 20:07:00,42.696527777777774,2,257.67,4,2,1,7,Potential Loyalists,False,Active,False,Standard
15015,2010-07-26 13:50:00,500.9583333333333,13,2354.97,1,5,4,10,Loyal Customers,True,At Risk,True,High Priority
15016,2011-06-20 12:06:00,172.03055555555557,5,620.89,3,4,3,10,Loyal Customers,True,At Risk,False,Retention Opportunity
15017,2011-11-06 10:33:00,33.09513888888889,1,125.58,4,1,1,6,At Risk,False,Active,False,Standard
15018,2011-11-01 12:47:00,38.00208333333333,3,496.21,4,3,2,9,Potential Loyalists,False,Active,False,Standard
15019,2011-03-18 12:35:00,266.0104166666667,1,252.81,2,1,1,4,Lost / Low Value,True,At Risk,False,Retention Opportunity
15020,2010-11-25 13:29:00,378.97291666666666,1,198.47,2,1,1,4,Lost / Low Value,True,At Risk,False,Retention Opportunity
15021,2011-12-01 11:53:00,8.039583333333333,12,2500.59,5,5,4,14,Champions,False,Active,True,Standard
15022,2011-11-28 12:35:00,11.010416666666666,5,1133.44,5,4,3,12,Loyal Customers,False,Active,False,Standard
15023,2011-12-06 17:23:00,2.810416666666667,20,11578.65,5,5,5,15,Champions,False,Active,True,Standard
15024,2011-11-30 12:06:00,9.030555555555557,16,3559.39,5,5,5,15,Champions,False,Active,True,Standard
15025,2011-11-06 15:20:00,32.895833333333336,2,979.79,4,2,3,9,Potential Loyalists,False,Active,False,Standard
15026,2011-09-20 13:52:00,79.95694444444445,5,1048.89,3,4,3,10,Loyal Customers,True,At Risk,False,Retention Opportunity
15027,2011-11-09 10:16:00,30.106944444444444,10,3195.6,4,5,5,14,Champions,False,Active,True,Standard
15028,2011-12-01 14:06:00,7.947222222222222,6,962.94,5,4,3,12,Loyal Customers,False,Active,False,Standard
15029,2010-03-30 12:16:00,619.0236111111111,1,365.1,1,1,2,4,Lost / Low Value,True,At Risk,False,Retention Opportunity
15030,2011-09-29 10:50:00,71.08333333333333,8,1979.91,3,4,4,11,Loyal Customers,True,At Risk,False,Retention Opportunity
15031,2011-12-05 14:19:00,3.938194444444445,14,3102.94,5,5,5,15,Champions,False,Active,True,Standard
15032,2011-03-28 15:03:00,255.9076388888889,8,11010.05,2,4,5,11,Loyal Customers,True,At Risk,True,High Priority
15033,2011-12-05 12:40:00,4.006944444444445,10,2557.18,5,5,4,14,Champions,False,Active,True,Standard
15034,2011-11-24 12:11:00,15.027083333333334,14,8231.2,5,5,5,15,Champions,False,Active,True,Standard
15035,2011-09-11 11:08:00,89.07083333333334,1,252.73,3,1,1,5,At Risk,True,At Risk,False,Retention Opportunity
15036,2011-09-28 15:42:00,71.88055555555556,3,429.56,3,3,2,8,Potential Loyalists,True,At Risk,False,Retention Opportunity
15037,2010-11-28 13:05:00,375.9895833333333,2,397.76,2,2,2,6,At Risk,True,At Risk,False,Retention Opportunity
15038,2011-10-12 11:33:00,58.05347222222223,9,1146.53,4,5,3,12,Loyal Customers,False,Active,False,Standard
15039,2011-11-30 11:31:00,9.05486111111111,93,39141.48,5,5,5,15,Champions,False,Active,True,Standard
15040,2010-06-16 11:40:00,541.0486111111111,1,7.49,1,1,1,3,Lost / Low Value,True,At Risk,False,Retention Opportunity
15041,2011-06-22 16:16:00,169.85694444444445,2,289.4,3,2,2,7,Potential Loyalists,True,At Risk,False,Retention Opportunity
15042,2011-05-24 16:25:00,198.85069444444449,2,315.45,2,2,2,6,At Risk,True,At Risk,False,Retention Opportunity
15043,2011-11-08 14:26:00,30.933333333333334,6,2870.32,4,4,4,12,Loyal Customers,False,Active,True,Standard
15044,2011-11-20 13:20:00,18.979166666666668,35,16024.15,4,5,5,14,Champions,False,Active,True,Standard
15045,2011-07-11 11:33:00,151.0534722222222,2,735.66,3,2,3,8,Potential Loyalists,True,At Risk,False,Retention Opportunity
15046,2011-11-30 15:50:00,8.875,25,7623.79,5,5,5,15,Champions,False,Active,True,Standard
15047,2011-03-15 10:49:00,269.0840277777778,1,343.62,2,1,2,5,At Risk,True,At Risk,False,Retention Opportunity
15048,2011-10-05 14:55:00,64.91319444444444,4,381.0,3,3,2,8,Potential Loyalists,True,At Risk,False,Retention Opportunity
15049,2011-03-11 12:13:00,273.02569444444447,1,121.17000000000002,2,1,1,4,Lost / Low Value,True,At Risk,False,Retention Opportunity
15050,2011-11-14 16:17:00,24.85625,5,4087.19,4,4,5,13,Champions,False,Active,True,Standard
15051,2011-11-16 15:38:00,22.883333333333333,9,3926.91,4,5,5,14,Champions,False,Active,True,Standard
15052,2011-01-24 15:52:00,318.8736111111112,1,207.73,2,1,1,4,Lost / Low Value,True,At Risk,False,Retention Opportunity
15053,2011-12-05 12:08:00,4.029166666666667,3,693.95,5,3,3,11,Loyal Customers,False,Active,False,Standard
15054,2011-11-27 15:02:00,11.908333333333331,2,302.1,5,2,2,9,Potential Loyalists,False,Active,False,Standard
15055,2010-08-22 11:06:00,474.0722222222222,3,549.12,1,3,2,6,At Risk,True,At Risk,False,Retention Opportunity
15056,2010-07-07 15:58:00,519.8694444444444,1,113.65,1,1,1,3,Lost / Low Value,True,At Risk,False,Retention Opportunity
15057,2011-03-09 15:17:00,274.8979166666667,5,3255.96,2,4,5,11,Loyal Customers,True,At Risk,True,High Priority
15058,2011-11-14 14:57:00,24.91180555555556,16,3387.58,4,5,5,14,Champions,False,Active,True,Standard
15059,2011-10-30 11:35:00,40.052083333333336,19,3491.2,4,5,5,14,Champions,False,Active,True,Standard
15060,2011-12-01 13:47:00,7.960416666666666,4,294.25,5,3,2,10,Loyal Customers,False,Active,False,Standard
15061,2011-12-06 12:06:00,3.0305555555555554,127,126389.02,5,5,5,15,Champions,False,Active,True,Standard
15062,2011-09-29 16:51:00,70.8326388888889,8,2585.62,3,4,4,11,Loyal Customers,True,At Risk,True,High Priority
15063,2011-05-10 13:25:00,212.97569444444449,1,370.8,2,1,2,5,At Risk,True,At Risk,False,Retention Opportunity
15064,2010-10-25 14:32:00,409.9291666666667,4,1254.41,2,3,4,9,Potential Loyalists,True,At Risk,False,Retention Opportunity
15065,2011-11-02 09:45:00,37.12847222222222,5,3326.86,4,4,5,13,Champions,False,Active,True,Standard
15066,2011-10-17 13:25:00,52.97569444444444,1,893.59,4,1,3,8,Potential Loyalists,False,Active,False,Standard
15067,2011-09-22 13:20:00,77.97916666666667,5,3862.88,3,4,5,12,Loyal Customers,True,At Risk,True,High Priority
15068,2011-10-24 14:47:00,45.91875,4,1174.9,4,3,3,10,Loyal Customers,False,Active,False,Standard
15069,2011-06-13 14:16:00,178.94027777777777,1,1109.53,3,1,3,7,Potential Loyalists,True,At Risk,False,Retention Opportunity
15070,2010-12-02 11:23:00,372.0604166666666,3,737.0500000000001,2,3,3,8,Potential Loyalists,True,At Risk,False,Retention Opportunity
15071,2011-09-07 11:43:00,93.04652777777778,4,1455.5600000000002,3,3,4,10,Loyal Customers,True,At Risk,False,Retention Opportunity
15072,2010-08-17 15:46:00,478.8777777777778,1,187.52,1,1,1,3,Lost / Low Value,True,At Risk,False,Retention Opportunity
15073,2011-11-30 10:44:00,9.0875,8,2788.02,5,4,4,13,Champions,False,Active,True,Standard
15074,2011-08-26 14:45:00,104.92013888888889,3,1553.13,3,3,4,10,Loyal Customers,True,At Risk,False,Retention Opportunity
15075,2011-09-23 12:27:00,77.01597222222222,1,773.03,3,1,3,7,Potential Loyalists,True,At Risk,False,Retention Opportunity
15076,2011-06-20 08:23:00,172.18541666666667,3,1447.74,3,3,4,10,Loyal Customers,True,At Risk,False,Retention Opportunity
15077,2010-08-02 11:13:00,494.0673611111111,2,2428.08,1,2,4,7,Potential Loyalists,True,At Risk,True,High Priority
15078,2011-12-02 15:41:00,6.88125,53,17286.73,5,5,5,15,Champions,False,Active,True,Standard
15079,2011-05-11 12:45:00,212.00347222222223,11,3625.4,2,5,5,12,Loyal Customers,True,At Risk,True,High Priority
15080,2010-10-08 11:52:00,427.04027777777776,2,546.25,1,2,2,5,At Risk,True,At Risk,False,Retention Opportunity
15081,2011-11-17 17:08:00,21.820833333333333,12,1854.57,4,5,4,13,Champions,False,Active,False,Standard
15082,2010-02-09 10:23:00,668.1020833333333,1,93.35,1,1,1,3,Lost / Low Value,True,At Risk,False,Retention Opportunity
15083,2011-03-28 12:18:00,256.02222222222224,1,88.2,2,1,1,4,Lost / Low Value,True,At Risk,False,Retention Opportunity
15084,2010-11-25 11:58:00,379.0361111111111,2,965.2,2,2,3,7,Potential Loyalists,True,At Risk,False,Retention Opportunity
15085,2009-12-10 11:47:00,729.04375,1,347.54,1,1,2,4,Lost / Low Value,True,At Risk,False,Retention Opportunity
15086,2010-05-24 12:27:00,564.0159722222222,2,218.53,1,2,1,4,Lost / Low Value,True,At Risk,False,Retention Opportunity
15087,2011-03-03 10:34:00,281.09444444444443,1,306.94,2,1,2,5,At Risk,True,At Risk,False,Retention Opportunity
15088,2011-11-18 13:14:00,20.98333333333333,2,1160.07,4,2,3,9,Potential Loyalists,False,Active,False,Standard
15089,2011-11-29 16:31:00,9.846527777777778,6,2420.84,5,4,4,13,Champions,False,Active,True,Standard
15090,2011-02-04 14:03:00,307.94930555555555,1,381.32,2,1,2,5,At Risk,True,At Risk,False,Retention Opportunity
15091,2011-10-03 12:47:00,67.00208333333333,3,1046.61,3,3,3,9,Potential Loyalists,True,At Risk,False,Retention Opportunity
15092,2011-05-08 14:10:00,214.94444444444449,3,776.46,2,3,3,8,Potential Loyalists,True,At Risk,False,Retention Opportunity
15093,2011-11-21 13:09:00,17.986805555555556,23,13702.38,5,5,5,15,Champions,False,Active,True,Standard
15094,2010-09-02 16:55:00,462.8298611111111,2,83.0,1,2,1,4,Lost / Low Value,True,At Risk,False,Retention Opportunity
15095,2011-08-28 12:01:00,103.03402777777778,10,3141.64,3,5,5,13,Champions,True,At Risk,True,High Priority
15096,2011-10-28 10:27:00,42.09930555555555,1,219.39,4,1,1,6,At Risk,False,Active,False,Standard
15097,2011-12-05 14:03:00,3.949305555555556,3,908.35,5,3,3,11,Loyal Customers,False,Active,False,Standard
15098,2011-06-10 15:33:00,181.88680555555555,3,39916.5,3,3,5,11,Loyal Customers,True,At Risk,True,High Priority
15099,2011-09-16 13:13:00,83.98402777777778,1,410.48,3,1,2,6,At Risk,True,At Risk,False,Retention Opportunity
15100,2011-01-10 10:35:00,333.09375,7,2193.9,2,4,4,10,Loyal Customers,True,At Risk,False,Retention Opportunity
15101,2011-12-01 10:18:00,8.105555555555556,6,1477.94,5,4,4,13,Champions,False,Active,False,Standard
15102,2010-06-27 12:16:00,530.0236111111111,2,554.67,1,2,2,5,At Risk,True,At Risk,False,Retention Opportunity
15103,2011-11-08 14:53:00,30.914583333333333,2,703.36,4,2,3,9,Potential Loyalists,False,Active,False,Standard
15104,2011-05-27 12:29:00,196.0145833333333,2,993.54,2,2,3,7,Potential Loyalists,True,At Risk,False,Retention Opportunity
15105,2011-11-21 16:54:00,17.830555555555556,9,3094.91,5,5,5,15,Champions,False,Active,True,Standard
15106,2011-11-22 09:16:00,17.148611111111112,5,1422.52,5,4,4,13,Champions,False,Active,False,Standard
15107,2011-02-01 14:46:00,310.9194444444444,9,824.35,2,5,3,10,Loyal Customers,True,At Risk,False,Retention Opportunity
15108,2011-07-21 10:24:00,141.1013888888889,4,1300.25,3,3,4,10,Loyal Customers,True,At Risk,False,Retention Opportunity
15109,2011-04-08 09:58:00,245.11944444444444,3,983.1,2,3,3,8,Potential Loyalists,True,At Risk,False,Retention Opportunity
15110,2011-11-16 11:16:00,23.065277777777776,6,1505.85,4,4,4,12,Loyal Customers,False,Active,False,Standard
15111,2011-11-10 16:58:00,28.82777777777778,5,2442.37,4,4,4,12,Loyal Customers,False,Active,True,Standard
15112,2010-04-07 14:17:00,610.9395833333333,1,209.4,1,1,1,3,Lost / Low Value,True,At Risk,False,Retention Opportunity
15113,2011-11-30 08:23:00,9.185416666666669,3,3509.43,5,3,5,13,Champions,False,Active,True,Standard
15114,2011-11-09 15:05:00,29.90625,12,3400.12,4,5,5,14,Champions,False,Active,True,Standard
15115,2011-11-21 14:59:00,17.910416666666666,2,531.85,5,2,2,9,Potential Loyalists,False,Active,False,Standard
15116,2011-11-22 12:25:00,17.01736111111111,4,1352.75,5,3,4,12,Loyal Customers,False,Active,False,Standard
15117,2011-11-25 08:12:00,14.193055555555556,8,2485.97,5,4,4,13,Champions,False,Active,True,Standard
15118,2011-07-28 14:54:00,133.9138888888889,1,244.8,3,1,1,5,At Risk,True,At Risk,False,Retention Opportunity
15119,2011-04-08 09:08:00,245.15416666666667,1,266.4,2,1,1,4,Lost / Low Value,True,At Risk,False,Retention Opportunity
15120,2011-07-29 09:48:00,133.1263888888889,1,358.82,3,1,2,6,At Risk,True,At Risk,False,Retention Opportunity
15121,2011-10-20 14:51:00,49.91597222222222,2,457.72,4,2,2,8,Potential Loyalists,False,Active,False,Standard
15122,2011-08-17 16:48:00,113.83472222222224,11,4487.27,3,5,5,13,Champions,True,At Risk,True,High Priority
15123,2011-12-02 13:12:00,6.984722222222223,5,4656.17,5,4,5,14,Champions,False,Active,True,Standard
15124,2011-11-17 10:09:00,22.11180555555556,4,450.82,4,3,2,9,Potential Loyalists,False,Active,False,Standard
15125,2011-11-14 13:57:00,24.95347222222222,24,17024.87,4,5,5,14,Champions,False,Active,True,Standard
15126,2010-06-21 12:31:00,536.0131944444445,2,449.49,1,2,2,5,At Risk,True,At Risk,False,Retention Opportunity
15127,2011-10-05 10:30:00,65.09722222222223,2,711.5,3,2,3,8,Potential Loyalists,True,At Risk,False,Retention Opportunity
15128,2011-10-10 13:54:00,59.95555555555556,5,1783.68,3,4,4,11,Loyal Customers,False,Active,False,Standard
15129,2011-10-20 14:40:00,49.92361111111112,23,6860.18,4,5,5,14,Champions,False,Active,True,Standard
15130,2011-06-23 10:15:00,169.10763888888889,1,330.11,3,1,2,6,At Risk,True,At Risk,False,Retention Opportunity
15131,2010-11-10 12:07:00,394.02986111111113,1,80.28,2,1,1,4,Lost / Low Value,True,At Risk,False,Retention Opportunity
15132,2011-11-21 17:10:00,17.819444444444443,5,977.93,5,4,3,12,Loyal Customers,False,Active,False,Standard
15133,2011-08-04 10:44:00,127.0875,5,1806.9,3,4,4,11,Loyal Customers,True,At Risk,False,Retention Opportunity
15134,2011-11-25 08:55:00,14.163194444444445,10,1596.29,5,5,4,14,Champions,False,Active,False,Standard
15135,2011-04-14 19:16:00,238.73194444444445,2,305.68,2,2,2,6,At Risk,True,At Risk,False,Retention Opportunity
15136,2011-12-07 12:26:00,2.0166666666666666,4,1286.7,5,3,4,12,Loyal Customers,False,Active,False,Standard
15137,2010-07-07 09:41:00,520.13125,2,823.4,1,2,3,6,At Risk,True,At Risk,False,Retention Opportunity
15138,2010-11-11 09:16:00,393.1486111111111,1,502.52,2,1,2,5,At Risk,True,At Risk,False,Retention Opportunity
15139,2011-04-14 11:39:00,239.04930555555555,2,178.96,2,2,1,5,At Risk,True,At Risk,False,Retention Opportunity
15140,2011-10-18 14:07:00,51.946527777777774,8,3243.69,4,4,5,13,Champions,False,Active,True,Standard
15141,2010-09-08 11:33:00,457.05347222222224,7,1388.47,1,4,4,9,Potential Loyalists,True,At Risk,False,Retention Opportunity
15142,2011-10-24 12:51:00,45.99930555555556,6,2619.92,4,4,4,12,Loyal Customers,False,Active,True,Standard
15143,2011-04-28 12:03:00,225.0326388888889,2,563.63,2,2,2,6,At Risk,True,At Risk,False,Retention Opportunity
15144,2011-12-01 15:12:00,7.901388888888889,29,12160.31,5,5,5,15,Champions,False,Active,True,Standard
15145,2011-12-05 17:21:00,3.811805555555555,4,1194.73,5,3,3,11,Loyal Customers,False,Active,False,Standard
15146,2011-06-28 12:09:00,164.02847222222223,2,1327.16,3,2,4,9,Potential Loyalists,True,At Risk,False,Retention Opportunity
15147,2011-04-13 15:57:00,239.8701388888889,1,623.5,2,1,3,6,At Risk,True,At Risk,False,Retention Opportunity
15148,2011-11-29 08:21:00,10.186805555555557,1,301.29,5,1,2,8,Potential Loyalists,False,Active,False,Standard
15149,2011-07-29 10:58:00,133.07777777777778,5,1554.61,3,4,4,11,Loyal Customers,True,At Risk,False,Retention Opportunity
15150,2011-11-22 12:52:00,16.99861111111111,13,8977.94,5,5,5,15,Champions,False,Active,True,Standard
15151,2010-10-12 16:37:00,422.84236111111113,2,2085.61,1,2,4,7,Potential Loyalists,True,At Risk,False,Retention Opportunity
15152,2011-11-30 12:32:00,9.0125,14,5263.83,5,5,5,15,Champions,False,Active,True,Standard
15153,2011-11-08 17:09:00,30.820138888888888,1,329.25,4,1,2,7,Potential Loyalists,False,Active,False,Standard
15154,2011-09-25 16:05:00,74.86458333333333,3,1343.72,3,3,4,10,Loyal Customers,True,At Risk,False,Retention Opportunity
15155,2010-11-21 12:59:00,382.99375,1,383.97,2,1,2,5,At Risk,True,At Risk,False,Retention Opportunity
15156,2011-12-08 18:22:00,0.7694444444444445,3,961.49,5,3,3,11,Loyal Customers,False,Active,False,Standard
15157,2011-12-06 11:28:00,3.0569444444444445,5,2654.11,5,4,4,13,Champions,False,Active,True,Standard
15158,2011-10-25 13:53:00,44.95625,2,606.02,4,2,2,8,Potential Loyalists,False,Active,False,Standard
15159,2011-12-08 12:05:00,1.03125,34,22116.73,5,5,5,15,Champions,False,Active,True,Standard
15160,2010-12-17 14:15:00,356.94097222222223,4,589.27,2,3,2,7,Potential Loyalists,True,At Risk,False,Retention Opportunity
15161,2010-11-16 16:08:00,387.8625,1,119.92,2,1,1,4,Lost / Low Value,True,At Risk,False,Retention Opportunity
15162,2009-12-08 13:14:00,730.9833333333333,1,312.9,1,1,2,4,Lost / Low Value,True,At Risk,False,Retention Opportunity
15163,2011-11-21 13:10:00,17.98611111111111,2,304.47,5,2,2,9,Potential Loyalists,False,Active,False,Standard
15164,2011-10-02 12:05:00,68.03125,9,2028.11,3,5,4,12,Loyal Customers,True,At Risk,False,Retention Opportunity
15165,2010-12-01 14:03:00,372.9493055555556,1,487.75,2,1,2,5,At Risk,True,At Risk,False,Retention Opportunity
15166,2010-08-29 12:31:00,467.0131944444444,1,167.16,1,1,1,3,Lost / Low Value,True,At Risk,False,Retention Opportunity
15167,2011-01-23 12:41:00,320.00625,5,1627.62,2,4,4,10,Loyal Customers,True,At Risk,False,Retention Opportunity
15168,2011-11-14 11:26:00,25.058333333333334,1,106.56,4,1,1,6,At Risk,False,Active,False,Standard
15169,2010-11-22 13:04:00,381.9902777777778,2,569.22,2,2,2,6,At Risk,True,At Risk,False,Retention Opportunity
15170,2010-10-29 10:34:00,406.0944444444444,1,81.15,2,1,1,4,Lost / Low Value,True,At Risk,False,Retention Opportunity
15171,2011-01-12 15:36:00,330.8847222222222,1,1289.5,2,1,4,7,Potential Loyalists,True,At Risk,False,Retention Opportunity
15172,2011-12-01 11:51:00,8.040972222222223,5,1624.05,5,4,4,13,Champions,False,Active,False,Standard
15173,2010-11-24 10:21:00,380.1034722222222,7,1494.6,2,4,4,10,Loyal Customers,True,At Risk,False,Retention Opportunity
15174,2011-01-21 09:06:00,322.1555555555556,2,481.46,2,2,2,6,At Risk,True,At Risk,False,Retention Opportunity
15175,2011-09-29 11:31:00,71.05486111111111,1,224.14,3,1,1,5,At Risk,True,At Risk,False,Retention Opportunity
15176,2010-02-10 10:36:00,667.0930555555556,1,988.04,1,1,3,5,At Risk,True,At Risk,False,Retention Opportunity
15177,2010-10-10 12:48:00,425.00138888888887,1,948.93,1,1,3,5,At Risk,True,At Risk,False,Retention Opportunity
15178,2011-03-24 15:12:00,259.9013888888889,1,40.5,2,1,1,4,Lost / Low Value,True,At Risk,False,Retention Opportunity
15179,2011-11-21 12:53:00,17.997916666666665,13,7491.92,5,5,5,15,Champions,False,Active,True,Standard
15180,2010-12-07 14:57:00,366.91180555555553,3,816.9300000000001,2,3,3,8,Potential Loyalists,True,At Risk,False,Retention Opportunity
15181,2011-10-04 13:58:00,65.95277777777778,5,1200.2,3,4,3,10,Loyal Customers,True,At Risk,False,Retention Opportunity
15182,2011-07-08 13:37:00,153.9673611111111,11,2998.952,3,5,5,13,Champions,True,At Risk,True,High Priority
15183,2010-06-10 10:43:00,547.0881944444444,3,639.93,1,3,3,7,Potential Loyalists,True,At Risk,False,Retention Opportunity
15184,2011-11-10 13:41:00,28.964583333333334,4,685.39,4,3,3,10,Loyal Customers,False,Active,False,Standard
15185,2011-09-30 14:06:00,69.94722222222222,1,310.62,3,1,2,6,At Risk,True,At Risk,False,Retention Opportunity
15186,2011-11-25 14:58:00,13.911111111111111,5,1403.2,5,4,4,13,Champions,False,Active,False,Standard
15187,2011-12-08 11:56:00,1.0375,16,4777.18,5,5,5,15,Champions,False,Active,True,Standard
15188,2009-12-14 13:30:00,724.9722222222222,1,310.43,1,1,2,4,Lost / Low Value,True,At Risk,False,Retention Opportunity
15189,2011-12-08 13:22:00,0.9777777777777776,46,17524.38,5,5,5,15,Champions,False,Active,True,Standard
15190,2010-10-01 13:09:00,433.9868055555556,1,834.4399999999999,1,1,3,5,At Risk,True,At Risk,False,Retention Opportunity
15191,2010-09-02 15:37:00,462.88402777777776,3,588.05,1,3,2,6,At Risk,True,At Risk,False,Retention Opportunity
15192,2011-08-12 11:41:00,119.04791666666668,5,1666.39,3,4,4,11,Loyal Customers,True,At Risk,False,Retention Opportunity
15193,2011-10-10 08:23:00,60.18541666666667,1,499.32,3,1,2,6,At Risk,True,At Risk,False,Retention Opportunity
15194,2011-12-06 15:10:00,2.9027777777777777,28,12021.53,5,5,5,15,Champions,False,Active,True,Standard
15195,2011-12-07 12:20:00,2.020833333333333,1,3861.0,5,1,5,11,Loyal Customers,False,Active,True,Standard
15196,2010-10-03 10:50:00,432.0833333333333,2,313.7,1,2,2,5,At Risk,True,At Risk,False,Retention Opportunity
15197,2011-11-29 10:00:00,10.118055555555555,6,1877.51,5,4,4,13,Champions,False,Active,False,Standard
15198,2011-09-08 14:42:00,91.92222222222222,5,571.35,3,4,2,9,Potential Loyalists,True,At Risk,False,Retention Opportunity
15199,2011-10-11 15:12:00,58.90138888888889,10,3122.4,3,5,5,13,Champions,False,Active,True,Standard
15200,2010-08-02 09:38:00,494.1333333333333,1,549.0500000000001,1,1,2,4,Lost / Low Value,True,At Risk,False,Retention Opportunity
15201,2011-09-13 14:53:00,86.91458333333334,7,1842.95,3,4,4,11,Loyal Customers,True,At Risk,False,Retention Opportunity
15202,2010-10-15 13:05:00,419.9895833333333,3,6001.49,1,3,5,9,Potential Loyalists,True,At Risk,True,High Priority
15203,2011-11-14 08:16:00,25.190277777777776,15,4400.18,4,5,5,14,Champions,False,Active,True,Standard
15204,2010-12-17 13:49:00,356.9590277777778,1,316.58,2,1,2,5,At Risk,True,At Risk,False,Retention Opportunity
15205,2011-09-15 19:36:00,84.71805555555555,2,653.24,3,2,3,8,Potential Loyalists,True,At Risk,False,Retention Opportunity
15206,2011-11-29 13:41:00,9.964583333333334,4,420.3,5,3,2,10,Loyal Customers,False,Active,False,Standard
15207,2010-10-19 13:29:00,415.97291666666666,3,683.92,1,3,3,7,Potential Loyalists,True,At Risk,False,Retention Opportunity
15208,2011-12-08 17:24:00,0.8097222222222222,6,970.52,5,4,3,12,Loyal Customers,False,Active,False,Standard
15209,2009-12-09 17:26:00,729.8083333333333,1,178.98000000000002,1,1,1,3,Lost / Low Value,True,At Risk,False,Retention Opportunity
15210,2011-04-28 16:11:00,224.86041666666668,3,1176.19,2,3,3,8,Potential Loyalists,True,At Risk,False,Retention Opportunity
15211,2011-10-10 13:31:00,59.97152777777778,2,894.4100000000001,3,2,3,8,Potential Loyalists,False,Active,False,Standard
15212,2011-04-12 13:45:00,240.96180555555557,2,208.28,2,2,1,5,At Risk,True,At Risk,False,Retention Opportunity
15213,2011-01-25 12:21:00,318.0201388888889,2,328.35,2,2,2,6,At Risk,True,At Risk,False,Retention Opportunity
15214,2011-12-08 12:07:00,1.0298611111111111,8,1661.44,5,4,4,13,Champions,False,Active,False,Standard
15215,2011-10-24 11:41:00,46.047916666666666,7,2422.4300000000003,4,4,4,12,Loyal Customers,False,Active,True,Standard
15216,2011-09-13 11:41:00,87.04791666666667,2,486.09,3,2,2,7,Potential Loyalists,True,At Risk,False,Retention Opportunity
15217,2010-05-25 13:51:00,562.9576388888889,1,426.24,1,1,2,4,Lost / Low Value,True,At Risk,False,Retention Opportunity
15218,2011-11-29 11:48:00,10.043055555555556,22,11468.83,5,5,5,15,Champions,False,Active,True,Standard
15219,2011-06-16 16:57:00,175.82847222222222,2,685.45,3,2,3,8,Potential Loyalists,True,At Risk,False,Retention Opportunity
15220,2011-10-19 12:39:00,51.00763888888889,6,1778.96,4,4,4,12,Loyal Customers,False,Active,False,Standard
15221,2010-12-08 13:08:00,365.9875,4,2062.2,2,3,4,9,Potential Loyalists,True,At Risk,False,Retention Opportunity
15222,2011-01-25 08:03:00,318.19930555555555,11,3550.91,2,5,5,12,Loyal Customers,True,At Risk,True,High Priority
15223,2011-04-28 11:31:00,225.0548611111111,5,1417.95,2,4,4,10,Loyal Customers,True,At Risk,False,Retention Opportunity
15224,2010-12-16 15:02:00,357.90833333333336,5,871.36,2,4,3,9,Potential Loyalists,True,At Risk,False,Retention Opportunity
15225,2011-04-19 14:51:00,233.91597222222225,1,409.4,2,1,2,5,At Risk,True,At Risk,False,Retention Opportunity
15226,2011-02-02 11:41:00,310.04791666666665,1,154.41,2,1,1,4,Lost / Low Value,True,At Risk,False,Retention Opportunity
15227,2011-11-03 11:59:00,36.03541666666667,9,2488.49,4,5,4,13,Champions,False,Active,True,Standard
15228,2011-10-04 13:56:00,65.95416666666667,6,5580.27,3,4,5,12,Loyal Customers,True,At Risk,True,High Priority
15229,2010-05-02 13:50:00,585.9583333333334,1,160.5,1,1,1,3,Lost / Low Value,True,At Risk,False,Retention Opportunity
15230,2011-04-14 14:39:00,238.92430555555555,2,429.6,2,2,2,6,At Risk,True,At Risk,False,Retention Opportunity
15231,2010-03-28 15:12:00,620.9013888888888,1,250.26,1,1,1,3,Lost / Low Value,True,At Risk,False,Retention Opportunity
15232,2011-08-18 16:27:00,112.84930555555556,2,612.06,3,2,3,8,Potential Loyalists,True,At Risk,False,Retention Opportunity
15233,2010-11-03 13:36:00,400.9680555555556,1,59.400000000000006,2,1,1,4,Lost / Low Value,True,At Risk,False,Retention Opportunity
15234,2011-03-08 08:53:00,276.1645833333333,1,197.0,2,1,1,4,Lost / Low Value,True,At Risk,False,Retention Opportunity
15235,2011-05-06 09:44:00,217.12916666666663,16,2772.76,2,5,4,11,Loyal Customers,True,At Risk,True,High Priority
15236,2011-02-14 10:52:00,298.08194444444445,1,321.05,2,1,2,5,At Risk,True,At Risk,False,Retention Opportunity
15237,2011-12-08 09:46:00,1.1277777777777778,4,1412.32,5,3,4,12,Loyal Customers,False,Active,False,Standard
15238,2011-11-10 14:28:00,28.931944444444444,3,1071.99,4,3,3,10,Loyal Customers,False,Active,False,Standard
15239,2011-11-29 14:14:00,9.941666666666666,2,780.59,5,2,3,10,Loyal Customers,False,Active,False,Standard
15240,2011-10-26 09:50:00,44.125,12,4459.9800000000005,4,5,5,14,Champions,False,Active,True,Standard
15241,2011-10-04 09:05:00,66.15625,11,3050.16,3,5,5,13,Champions,True,At Risk,True,High Priority
15242,2010-10-13 15:33:00,421.8868055555556,1,302.04,1,1,2,4,Lost / Low Value,True,At Risk,False,Retention Opportunity
15243,2011-09-26 14:12:00,73.94305555555556,2,927.28,3,2,3,8,Potential Loyalists,True,At Risk,False,Retention Opportunity
15244,2011-10-05 13:19:00,64.9798611111111,3,912.08,3,3,3,9,Potential Loyalists,True,At Risk,False,Retention Opportunity
15245,2011-07-28 18:56:00,133.74583333333334,8,4610.84,3,4,5,12,Loyal Customers,True,At Risk,True,High Priority
15246,2011-04-15 14:45:00,237.92013888888889,3,780.4,2,3,3,8,Potential Loyalists,True,At Risk,False,Retention Opportunity
15247,2011-08-09 12:52:00,121.99861111111112,3,976.06,3,3,3,9,Potential Loyalists,True,At Risk,False,Retention Opportunity
15248,2010-10-24 13:09:00,410.9868055555556,3,1893.93,1,3,4,8,Potential Loyalists,True,At Risk,False,Retention Opportunity
15249,2011-11-08 11:45:00,31.04513888888889,18,9266.0,4,5,5,14,Champions,False,Active,True,Standard
15250,2010-03-09 07:35:00,640.21875,1,60.0,1,1,1,3,Lost / Low Value,True,At Risk,False,Retention Opportunity
15251,2011-11-30 15:02:00,8.908333333333333,21,20324.54,5,5,5,15,Champions,False,Active,True,Standard
15252,2011-11-03 13:30:00,35.97222222222222,5,2103.41,4,4,4,12,Loyal Customers,False,Active,False,Standard
15253,2011-11-23 16:22:00,15.852777777777778,8,2055.09,5,4,4,13,Champions,False,Active,False,Standard
15254,2011-08-04 15:04:00,126.90694444444443,3,1088.35,3,3,3,9,Potential Loyalists,True,At Risk,False,Retention Opportunity
15255,2011-10-04 12:43:00,66.00486111111111,9,3706.02,3,5,5,13,Champions,True,At Risk,True,High Priority
15256,2011-07-14 11:47:00,148.04375,2,170.4,3,2,1,6,At Risk,True,At Risk,False,Retention Opportunity
15257,2011-03-01 12:58:00,282.99444444444447,2,685.9,2,2,3,7,Potential Loyalists,True,At Risk,False,Retention Opportunity
15258,2011-06-24 12:30:00,168.01388888888889,2,623.16,3,2,3,8,Potential Loyalists,True,At Risk,False,Retention Opportunity
15259,2010-07-15 08:47:00,512.16875,4,1182.38,1,3,3,7,Potential Loyalists,True,At Risk,False,Retention Opportunity
15260,2011-08-31 13:55:00,99.95486111111111,25,8767.73,3,5,5,13,Champions,True,At Risk,True,High Priority
15261,2011-07-27 15:20:00,134.89583333333334,4,1508.0,3,3,4,10,Loyal Customers,True,At Risk,False,Retention Opportunity
15262,2011-01-20 12:16:00,323.0236111111111,3,418.82,2,3,2,7,Potential Loyalists,True,At Risk,False,Retention Opportunity
15263,2011-08-25 10:26:00,106.1,1,156.51,3,1,1,5,At Risk,True,At Risk,False,Retention Opportunity
15264,2011-10-06 13:49:00,63.95902777777778,2,848.4,3,2,3,8,Potential Loyalists,True,At Risk,False,Retention Opportunity
15265,2011-07-11 14:46:00,150.91944444444445,4,3345.64,3,3,5,11,Loyal Customers,True,At Risk,True,High Priority
15266,2011-01-05 13:40:00,337.96527777777777,5,852.21,2,4,3,9,Potential Loyalists,True,At Risk,False,Retention Opportunity
15267,2011-11-17 15:59:00,21.86875,5,1717.36,4,4,4,12,Loyal Customers,False,Active,False,Standard
15268,2010-08-18 10:33:00,478.09513888888887,3,961.9,1,3,3,7,Potential Loyalists,True,At Risk,False,Retention Opportunity
15269,2011-11-16 09:32:00,23.1375,3,1225.36,4,3,4,11,Loyal Customers,False,Active,False,Standard
15270,2011-11-24 09:24:00,15.143055555555556,21,8524.86,5,5,5,15,Champions,False,Active,True,Standard
15271,2011-12-02 14:11:00,6.94375,24,4528.54,5,5,5,15,Champions,False,Active,True,Standard
15272,2011-10-13 12:59:00,56.99375,6,2030.95,4,4,4,12,Loyal Customers,False,Active,False,Standard
15273,2010-04-19 11:31:00,599.0548611111111,1,228.96,1,1,1,3,Lost / Low Value,True,At Risk,False,Retention Opportunity
15274,2011-12-05 16:57:00,3.828472222222222,2,716.57,5,2,3,10,Loyal Customers,False,Active,False,Standard
15275,2011-11-02 11:20:00,37.0625,1,615.14,4,1,3,8,Potential Loyalists,False,Active,False,Standard
15276,2011-10-04 16:39:00,65.84097222222222,4,619.8,3,3,3,9,Potential Loyalists,True,At Risk,False,Retention Opportunity
15277,2011-10-24 10:08:00,46.1125,2,476.34,4,2,2,8,Potential Loyalists,False,Active,False,Standard
15278,2010-05-27 10:03:00,561.1159722222222,4,496.16,1,3,2,6,At Risk,True,At Risk,False,Retention Opportunity
15279,2010-12-20 10:48:00,354.08472222222224,5,1580.54,2,4,4,10,Loyal Customers,True,At Risk,False,Retention Opportunity
15280,2011-06-20 17:14:00,171.81666666666666,3,397.52,3,3,2,8,Potential Loyalists,True,At Risk,False,Retention Opportunity
15281,2011-10-12 09:10:00,58.15277777777778,16,8543.57,3,5,5,13,Champions,False,Active,True,Standard
15282,2010-05-18 16:27:00,569.8493055555556,1,348.59,1,1,2,4,Lost / Low Value,True,At Risk,False,Retention Opportunity
15283,2010-11-14 14:54:00,389.9138888888889,3,148.32999999999998,2,3,1,6,At Risk,True,At Risk,False,Retention Opportunity
15284,2010-07-27 13:25:00,499.97569444444446,1,24.75,1,1,1,3,Lost / Low Value,True,At Risk,False,Retention Opportunity
15285,2010-10-28 09:46:00,407.1277777777778,1,94.92,2,1,1,4,Lost / Low Value,True,At Risk,False,Retention Opportunity
15286,2011-10-21 11:08:00,49.07083333333333,1,240.55,4,1,1,6,At Risk,False,Active,False,Standard
15287,2011-11-17 15:34:00,21.886111111111116,5,856.03,4,4,3,11,Loyal Customers,False,Active,False,Standard
15288,2011-10-27 16:58:00,42.827777777777776,10,3715.38,4,5,5,14,Champions,False,Active,True,Standard
15289,2011-11-10 13:49:00,28.959027777777777,5,1593.09,4,4,4,12,Loyal Customers,False,Active,False,Standard
15290,2011-12-05 11:39:00,4.049305555555556,26,10496.28,5,5,5,15,Champions,False,Active,True,Standard
15291,2011-11-14 11:02:00,25.075,40,13517.76,4,5,5,14,Champions,False,Active,True,Standard
15292,2011-05-22 15:00:00,200.90972222222223,1,178.39,2,1,1,4,Lost / Low Value,True,At Risk,False,Retention Opportunity
15293,2010-02-12 11:54:00,665.0388888888889,1,247.5,1,1,1,3,Lost / Low Value,True,At Risk,False,Retention Opportunity
15294,2010-10-25 11:45:00,410.0451388888889,1,233.35,1,1,1,3,Lost / Low Value,True,At Risk,False,Retention Opportunity
15295,2010-02-23 13:03:00,653.9909722222222,1,207.04,1,1,1,3,Lost / Low Value,True,At Risk,False,Retention Opportunity
15296,2011-10-20 11:47:00,50.04375,12,10323.03,4,5,5,14,Champions,False,Active,True,Standard
15297,2011-11-29 16:32:00,9.845833333333331,3,641.94,5,3,3,11,Loyal Customers,False,Active,False,Standard
15298,2011-12-07 17:17:00,1.8145833333333332,23,9061.77,5,5,5,15,Champions,False,Active,True,Standard
15299,2011-10-03 14:19:00,66.93819444444445,10,6156.53,3,5,5,13,Champions,True,At Risk,True,High Priority
15300,2011-10-06 17:08:00,63.82083333333333,1,496.44,3,1,2,6,At Risk,True,At Risk,False,Retention Opportunity
15301,2011-10-20 09:57:00,50.12013888888889,17,6909.67,4,5,5,14,Champions,False,Active,True,Standard
15302,2009-12-09 13:11:00,729.9854166666667,1,308.0,1,1,2,4,Lost / Low Value,True,At Risk,False,Retention Opportunity
15303,2011-02-22 13:59:00,289.9520833333333,3,1224.18,2,3,4,9,Potential Loyalists,True,At Risk,False,Retention Opportunity
15304,2011-10-10 10:23:00,60.10208333333333,9,796.4,3,5,3,11,Loyal Customers,True,At Risk,False,Retention Opportunity
15305,2010-06-02 13:50:00,554.9583333333334,1,93.6,1,1,1,3,Lost / Low Value,True,At Risk,False,Retention Opportunity
15306,2011-10-06 12:56:00,63.99583333333333,9,3484.73,3,5,5,13,Champions,True,At Risk,True,High Priority
15307,2011-09-05 11:38:00,95.05,1,205.3,3,1,1,5,At Risk,True,At Risk,False,Retention Opportunity
15308,2011-03-10 13:08:00,273.9875,1,310.47,2,1,2,5,At Risk,True,At Risk,False,Retention Opportunity
15309,2010-04-08 11:11:00,610.06875,4,797.96,1,3,3,7,Potential Loyalists,True,At Risk,False,Retention Opportunity
15310,2010-08-18 11:38:00,478.05,1,1634.64,1,1,4,6,At Risk,True,At Risk,False,Retention Opportunity
15311,2011-12-09 12:00:00,0.0347222222222222,208,114966.42,5,5,5,15,Champions,False,Active,True,Standard
15312,2011-09-25 13:10:00,74.98611111111111,12,2930.19,3,5,5,13,Champions,True,At Risk,True,High Priority
15313,2011-08-21 16:02:00,109.86666666666666,1,52.0,3,1,1,5,At Risk,True,At Risk,False,Retention Opportunity
15314,2011-05-24 14:39:00,198.92430555555555,3,820.45,2,3,3,8,Potential Loyalists,True,At Risk,False,Retention Opportunity
15315,2011-10-06 12:51:00,63.99930555555556,2,570.5,3,2,2,7,Potential Loyalists,True,At Risk,False,Retention Opportunity
15316,2011-01-17 11:34:00,326.0527777777778,1,165.0,2,1,1,4,Lost / Low Value,True,At Risk,False,Retention Opportunity
15317,2010-01-31 15:55:00,676.8715277777778,1,129.75,1,1,1,3,Lost / Low Value,True,At Risk,False,Retention Opportunity
15318,2011-12-06 11:30:00,3.055555555555556,1,312.62,5,1,2,8,Potential Loyalists,False,Active,False,Standard
15319,2011-03-01 12:48:00,283.00138888888887,1,204.5,2,1,1,4,Lost / Low Value,True,At Risk,False,Retention Opportunity
15320,2011-10-26 13:27:00,43.97430555555555,1,267.13,4,1,1,6,At Risk,False,Active,False,Standard
15321,2011-09-30 09:40:00,70.13194444444444,12,6709.7300000000005,3,5,5,13,Champions,True,At Risk,True,High Priority
15322,2011-09-15 09:34:00,85.1361111111111,2,1390.86,3,2,4,9,Potential Loyalists,True,At Risk,False,Retention Opportunity
15323,2010-05-26 10:01:00,562.1173611111111,3,434.6,1,3,2,6,At Risk,True,At Risk,False,Retention Opportunity
15324,2010-01-07 14:37:00,700.9256944444444,1,140.22000000000003,1,1,1,3,Lost / Low Value,True,At Risk,False,Retention Opportunity
15325,2011-08-28 11:55:00,103.03819444444444,8,1601.46,3,4,4,11,Loyal Customers,True,At Risk,False,Retention Opportunity
15326,2011-01-10 11:38:00,333.05,5,1700.52,2,4,4,10,Loyal Customers,True,At Risk,False,Retention Opportunity
15327,2011-10-18 11:55:00,52.03819444444444,1,208.75,4,1,1,6,At Risk,False,Active,False,Standard
15328,2010-10-28 09:05:00,407.15625,1,107.24,2,1,1,4,Lost / Low Value,True,At Risk,False,Retention Opportunity
15329,2011-10-31 15:36:00,38.88472222222222,11,2958.83,4,5,5,14,Champions,False,Active,True,Standard
15330,2011-11-07 17:50:00,31.791666666666668,2,714.9599999999999,4,2,3,9,Potential Loyalists,False,Active,False,Standard
15331,2010-07-28 09:42:00,499.13055555555553,3,767.91,1,3,3,7,Potential Loyalists,True,At Risk,False,Retention Opportunity
15332,2010-12-08 14:43:00,365.9215277777778,6,4892.68,2,4,5,11,Loyal Customers,True,At Risk,True,High Priority
15333,2011-05-15 13:27:00,207.9743055555556,1,1028.56,2,1,3,6,At Risk,True,At Risk,False,Retention Opportunity
15334,2011-07-06 11:22:00,156.0611111111111,3,350.82,3,3,2,8,Potential Loyalists,True,At Risk,False,Retention Opportunity
15335,2011-10-17 12:50:00,53.0,1,170.22,4,1,1,6,At Risk,False,Active,False,Standard
15336,2010-11-03 12:39:00,401.0076388888889,1,240.5,2,1,1,4,Lost / Low Value,True,At Risk,False,Retention Opportunity
15337,2010-10-24 15:29:00,410.88958333333335,1,373.02,1,1,2,4,Lost / Low Value,True,At Risk,False,Retention Opportunity
15338,2010-01-31 14:25:00,676.9340277777778,1,277.93,1,1,1,3,Lost / Low Value,True,At Risk,False,Retention Opportunity
15339,2011-10-04 12:51:00,65.99930555555555,7,1821.02,3,4,4,11,Loyal Customers,True,At Risk,False,Retention Opportunity
15340,2010-05-27 10:27:00,561.0993055555556,1,105.5,1,1,1,3,Lost / Low Value,True,At Risk,False,Retention Opportunity
15341,2011-09-20 09:40:00,80.13194444444444,2,2402.72,3,2,4,9,Potential Loyalists,True,At Risk,True,High Priority
15342,2011-08-02 10:19:00,129.10486111111112,1,406.09,3,1,2,6,At Risk,True,At Risk,False,Retention Opportunity
15343,2011-09-13 13:55:00,86.95486111111111,1,364.5,3,1,2,6,At Risk,True,At Risk,False,Retention Opportunity
15344,2011-12-09 10:45:00,0.0868055555555555,3,563.94,5,3,2,10,Loyal Customers,False,Active,False,Standard
15345,2011-10-25 11:28:00,45.05694444444445,1,393.54,4,1,2,7,Potential Loyalists,False,Active,False,Standard
15346,2011-01-11 11:18:00,332.06388888888887,3,596.12,2,3,2,7,Potential Loyalists,True,At Risk,False,Retention Opportunity
15347,2010-12-08 15:25:00,365.8923611111111,4,1162.0,2,3,3,8,Potential Loyalists,True,At Risk,False,Retention Opportunity
15348,2011-09-28 13:17:00,71.98125,1,158.04,3,1,1,5,At Risk,True,At Risk,False,Retention Opportunity
15349,2011-07-04 16:06:00,157.86388888888888,2,463.91,3,2,2,7,Potential Loyalists,True,At Risk,False,Retention Opportunity
15350,2010-12-01 13:33:00,372.97013888888887,2,547.6,2,2,2,6,At Risk,True,At Risk,False,Retention Opportunity
15351,2011-11-27 12:52:00,11.998611111111112,10,3430.22,5,5,5,15,Champions,False,Active,True,Standard
15352,2010-06-09 11:28:00,548.0569444444444,1,111.15,1,1,1,3,Lost / Low Value,True,At Risk,False,Retention Opportunity
15353,2011-03-30 12:15:00,254.02430555555557,7,2794.47,2,4,4,10,Loyal Customers,True,At Risk,True,High Priority
15354,2010-04-15 16:24:00,602.8513888888889,3,284.4,1,3,1,5,At Risk,True,At Risk,False,Retention Opportunity
15355,2011-11-10 13:44:00,28.9625,2,277.05,4,2,1,7,Potential Loyalists,False,Active,False,Standard
15356,2011-11-08 13:11:00,30.985416666666666,13,3239.57,4,5,5,14,Champions,False,Active,True,Standard
15358,2011-12-05 09:04:00,4.156944444444444,42,16425.86,5,5,5,15,Champions,False,Active,True,Standard
15359,2010-02-15 10:47:00,662.0854166666667,8,181.35,1,4,1,6,At Risk,True,At Risk,False,Retention Opportunity
15360,2011-10-31 09:35:00,39.13541666666666,1,427.93,4,1,2,7,Potential Loyalists,False,Active,False,Standard
15361,2010-12-13 09:52:00,361.12361111111113,4,689.07,2,3,3,8,Potential Loyalists,True,At Risk,False,Retention Opportunity
15362,2010-09-17 10:37:00,448.09236111111113,2,613.08,1,2,3,6,At Risk,True,At Risk,False,Retention Opportunity
15363,2010-12-02 12:28:00,372.0152777777778,2,678.11,2,2,3,7,Potential Loyalists,True,At Risk,False,Retention Opportunity
15364,2011-09-05 09:46:00,95.12777777777778,2,913.19,3,2,3,8,Potential Loyalists,True,At Risk,False,Retention Opportunity
15365,2011-11-14 08:29:00,25.18125,13,4557.13,4,5,5,14,Champions,False,Active,True,Standard
15366,2011-09-25 15:01:00,74.90902777777778,7,2389.08,3,4,4,11,Loyal Customers,True,At Risk,True,High Priority
15367,2011-10-13 14:13:00,56.94236111111111,11,5081.33,4,5,5,14,Champions,False,Active,True,Standard
15368,2011-11-18 14:42:00,20.92222222222222,2,722.74,4,2,3,9,Potential Loyalists,False,Active,False,Standard
15369,2010-08-04 13:54:00,491.9555555555556,11,6251.26,1,5,5,11,Loyal Customers,True,At Risk,True,High Priority
15370,2011-10-30 10:58:00,40.077777777777776,8,3739.01,4,4,5,13,Champions,False,Active,True,Standard
15371,2010-02-15 13:14:00,661.9833333333333,1,59.400000000000006,1,1,1,3,Lost / Low Value,True,At Risk,False,Retention Opportunity
15372,2011-07-25 16:39:00,136.84097222222223,8,6017.06,3,4,5,12,Loyal Customers,True,At Risk,True,High Priority
15373,2011-12-01 15:05:00,7.90625,17,3084.54,5,5,5,15,Champions,False,Active,True,Standard
15374,2011-08-03 09:59:00,128.11875,2,307.32,3,2,2,7,Potential Loyalists,True,At Risk,False,Retention Opportunity
15375,2010-01-18 15:38:00,689.8833333333333,1,60.96,1,1,1,3,Lost / Low Value,True,At Risk,False,Retention Opportunity
15376,2011-10-30 15:04:00,39.90694444444444,3,1221.56,4,3,4,11,Loyal Customers,False,Active,False,Standard
15377,2010-11-22 08:55:00,382.16319444444446,4,1211.75,2,3,3,8,Potential Loyalists,True,At Risk,False,Retention Opportunity
15378,2010-09-03 11:30:00,462.05555555555554,2,246.5,1,2,1,4,Lost / Low Value,True,At Risk,False,Retention Opportunity
15379,2011-06-23 13:13:00,168.98402777777778,8,4877.84,3,4,5,12,Loyal Customers,True,At Risk,True,High Priority
15380,2011-12-01 12:13:00,8.025694444444444,11,3248.96,5,5,5,15,Champions,False,Active,True,Standard
15381,2011-05-10 11:55:00,213.03819444444449,5,1890.57,2,4,4,10,Loyal Customers,True,At Risk,False,Retention Opportunity
15382,2011-11-25 10:58:00,14.077777777777778,12,13733.55,5,5,5,15,Champions,False,Active,True,Standard
15384,2011-06-23 10:57:00,169.07847222222222,4,2027.79,3,3,4,10,Loyal Customers,True,At Risk,False,Retention Opportunity
15385,2011-10-30 15:11:00,39.90208333333333,3,942.08,4,3,3,10,Loyal Customers,False,Active,False,Standard
15386,2011-06-06 13:47:00,185.96041666666667,1,394.14,3,1,2,6,At Risk,True,At Risk,False,Retention Opportunity
15387,2010-08-04 16:05:00,491.8645833333333,1,468.65,1,1,2,4,Lost / Low Value,True,At Risk,False,Retention Opportunity
15388,2011-03-14 13:53:00,269.95625,1,140.54,2,1,1,4,Lost / Low Value,True,At Risk,False,Retention Opportunity
15389,2011-06-20 16:18:00,171.85555555555555,5,2733.8,3,4,4,11,Loyal Customers,True,At Risk,True,High Priority
15390,2010-11-08 15:19:00,395.8965277777778,2,1216.66,2,2,3,7,Potential Loyalists,True,At Risk,False,Retention Opportunity
15391,2010-05-04 15:04:00,583.9069444444444,1,289.87,1,1,2,4,Lost / Low Value,True,At Risk,False,Retention Opportunity
15392,2011-12-05 11:01:00,4.075694444444444,7,2911.62,5,4,5,14,Champions,False,Active,True,Standard
15393,2011-11-23 16:48:00,15.834722222222222,5,891.34,5,4,3,12,Loyal Customers,False,Active,False,Standard
15394,2011-11-30 11:49:00,9.042361111111113,11,5286.8,5,5,5,15,Champions,False,Active,True,Standard
15395,2011-01-18 12:40:00,325.00694444444446,1,107.45,2,1,1,4,Lost / Low Value,True,At Risk,False,Retention Opportunity
15396,2011-08-19 10:56:00,112.07916666666668,2,796.38,3,2,3,8,Potential Loyalists,True,At Risk,False,Retention Opportunity
15397,2011-02-23 09:25:00,289.1423611111111,1,94.0,2,1,1,4,Lost / Low Value,True,At Risk,False,Retention Opportunity
15398,2011-11-23 16:47:00,15.835416666666667,2,1345.53,5,2,4,11,Loyal Customers,False,Active,False,Standard
15399,2011-12-08 13:04:00,0.9902777777777778,3,815.77,5,3,3,11,Loyal Customers,False,Active,False,Standard
15400,2011-09-08 13:57:00,91.95347222222222,8,1302.3,3,4,4,11,Loyal Customers,True,At Risk,False,Retention Opportunity
15401,2010-09-13 13:42:00,451.9638888888889,2,216.95,1,2,1,4,Lost / Low Value,True,At Risk,False,Retention Opportunity
15402,2011-07-14 12:17:00,148.02291666666667,6,1830.54,3,4,4,11,Loyal Customers,True,At Risk,False,Retention Opportunity
15403,2010-08-05 12:21:00,491.0201388888889,2,170.88,1,2,1,4,Lost / Low Value,True,At Risk,False,Retention Opportunity
15404,2010-11-29 11:03:00,375.0743055555556,1,257.06,2,1,1,4,Lost / Low Value,True,At Risk,False,Retention Opportunity
15405,2011-06-03 14:44:00,188.9208333333333,2,659.84,2,2,3,7,Potential Loyalists,True,At Risk,False,Retention Opportunity
15406,2011-11-08 13:22:00,30.977777777777774,4,975.87,4,3,3,10,Loyal Customers,False,Active,False,Standard
15407,2011-11-06 11:55:00,33.03819444444444,4,1046.74,4,3,3,10,Loyal Customers,False,Active,False,Standard
15408,2011-03-20 15:02:00,263.90833333333336,1,267.18,2,1,1,4,Lost / Low Value,True,At Risk,False,Retention Opportunity
15409,2009-12-18 15:35:00,720.8854166666666,1,131.25,1,1,1,3,Lost / Low Value,True,At Risk,False,Retention Opportunity
15410,2011-09-16 14:47:00,83.91875,10,4685.72,3,5,5,13,Champions,True,At Risk,True,High Priority
15411,2011-11-13 15:19:00,25.896527777777777,4,1348.93,4,3,4,11,Loyal Customers,False,Active,False,Standard
15412,2011-06-21 15:24:00,170.89305555555555,1,190.53,3,1,1,5,At Risk,True,At Risk,False,Retention Opportunity
15413,2010-01-17 11:33:00,691.0534722222222,5,6798.72,1,4,5,10,Loyal Customers,True,At Risk,True,High Priority
15414,2011-11-30 09:50:00,9.125,3,774.9000000000001,5,3,3,11,Loyal Customers,False,Active,False,Standard
15415,2011-01-30 14:13:00,312.9423611111111,1,559.61,2,1,2,5,At Risk,True,At Risk,False,Retention Opportunity
15416,2011-10-06 09:38:00,64.13333333333334,7,4572.82,3,4,5,12,Loyal Customers,True,At Risk,True,High Priority
15417,2011-09-15 15:26:00,84.89166666666667,1,508.8,3,1,2,6,At Risk,True,At Risk,False,Retention Opportunity
15418,2010-10-10 13:38:00,424.9666666666666,2,449.42,1,2,2,5,At Risk,True,At Risk,False,Retention Opportunity
15419,2011-11-15 09:23:00,24.14375,1,135.86,4,1,1,6,At Risk,False,Active,False,Standard
15420,2010-10-01 15:46:00,433.8777777777778,6,743.0,1,4,3,8,Potential Loyalists,True,At Risk,False,Retention Opportunity
15421,2011-10-12 09:20:00,58.145833333333336,10,3805.34,4,5,5,14,Champions,False,Active,True,Standard
15422,2011-01-20 16:17:00,322.85625,7,1619.97,2,4,4,10,Loyal Customers,True,At Risk,False,Retention Opportunity
15423,2011-11-01 14:01:00,37.95069444444445,3,266.89,4,3,1,8,Potential Loyalists,False,Active,False,Standard
15424,2011-03-30 13:02:00,253.99166666666667,3,597.78,2,3,2,7,Potential Loyalists,True,At Risk,False,Retention Opportunity
15425,2010-11-04 18:13:00,399.77569444444447,4,1941.12,2,3,4,9,Potential Loyalists,True,At Risk,False,Retention Opportunity
15426,2011-11-20 15:36:00,18.884722222222223,9,2156.35,5,5,4,14,Champions,False,Active,False,Standard
15427,2011-11-06 14:29:00,32.93125,3,1430.54,4,3,4,11,Loyal Customers,False,Active,False,Standard
15428,2011-11-24 16:54:00,14.830555555555556,4,762.75,5,3,3,11,Loyal Customers,False,Active,False,Standard
15429,2011-11-13 12:28:00,26.01527777777778,2,397.35,4,2,2,8,Potential Loyalists,False,Active,False,Standard
15430,2010-08-29 10:42:00,467.0888888888889,2,954.75,1,2,3,6,At Risk,True,At Risk,False,Retention Opportunity
15431,2010-07-25 12:44:00,502.00416666666666,1,153.24,1,1,1,3,Lost / Low Value,True,At Risk,False,Retention Opportunity
15432,2011-11-16 16:30:00,22.84722222222222,2,320.76,4,2,2,8,Potential Loyalists,False,Active,False,Standard
15433,2011-05-10 10:45:00,213.08680555555557,2,533.3,2,2,2,6,At Risk,True,At Risk,False,Retention Opportunity
15434,2011-12-01 13:33:00,7.970138888888889,11,2567.06,5,5,4,14,Champions,False,Active,True,Standard
15435,2011-11-17 16:39:00,21.840972222222224,1,149.29,4,1,1,6,At Risk,False,Active,False,Standard
15436,2011-11-27 16:05:00,11.864583333333334,3,1067.75,5,3,3,11,Loyal Customers,False,Active,False,Standard
15437,2011-03-22 13:11:00,261.98541666666665,2,393.45,2,2,2,6,At Risk,True,At Risk,False,Retention Opportunity
15438,2011-07-31 14:19:00,130.93819444444443,1,156.57999999999998,3,1,1,5,At Risk,True,At Risk,False,Retention Opportunity
15439,2010-10-31 10:38:00,404.0916666666666,4,1269.05,2,3,4,9,Potential Loyalists,True,At Risk,False,Retention Opportunity
15440,2011-10-16 12:16:00,54.02361111111111,3,383.68,4,3,2,9,Potential Loyalists,False,Active,False,Standard
15441,2010-11-08 15:50:00,395.875,3,1254.21,2,3,4,9,Potential Loyalists,True,At Risk,False,Retention Opportunity
15442,2011-04-05 12:24:00,248.01805555555555,1,594.0,2,1,2,5,At Risk,True,At Risk,False,Retention Opportunity
15443,2011-12-08 10:40:00,1.0902777777777777,14,5114.2300000000005,5,5,5,15,Champions,False,Active,True,Standard
15444,2011-11-30 17:37:00,8.800694444444444,2,1411.21,5,2,4,11,Loyal Customers,False,Active,False,Standard
15445,2011-03-20 15:06:00,263.9055555555556,2,284.5,2,2,1,5,At Risk,True,At Risk,False,Retention Opportunity
15446,2010-11-28 11:59:00,376.03541666666666,3,399.75,2,3,2,7,Potential Loyalists,True,At Risk,False,Retention Opportunity
15447,2011-01-13 11:26:00,330.05833333333334,5,492.88,2,4,2,8,Potential Loyalists,True,At Risk,False,Retention Opportunity
15448,2011-01-31 10:42:00,312.0888888888889,2,788.8100000000001,2,2,3,7,Potential Loyalists,True,At Risk,False,Retention Opportunity
15449,2011-11-13 15:02:00,25.90833333333333,3,974.52,4,3,3,10,Loyal Customers,False,Active,False,Standard
15450,2011-11-09 17:11:00,29.81875,1,429.84,4,1,2,7,Potential Loyalists,False,Active,False,Standard
15451,2010-10-01 13:40:00,433.96527777777777,2,226.86,1,2,1,4,Lost / Low Value,True,At Risk,False,Retention Opportunity
15452,2011-11-10 12:13:00,29.025694444444444,6,1785.11,4,4,4,12,Loyal Customers,False,Active,False,Standard
15453,2011-12-08 10:59:00,1.0770833333333334,7,1371.77,5,4,4,13,Champions,False,Active,False,Standard
15454,2010-12-12 14:21:00,361.9368055555556,2,305.99,2,2,2,6,At Risk,True,At Risk,False,Retention Opportunity
15455,2010-04-21 12:43:00,597.0048611111112,1,38.25,1,1,1,3,Lost / Low Value,True,At Risk,False,Retention Opportunity
15456,2011-03-01 13:51:00,282.9576388888889,10,2091.52,2,5,4,11,Loyal Customers,True,At Risk,False,Retention Opportunity
15457,2011-03-22 15:31:00,261.8881944444444,1,237.07,2,1,1,4,Lost / Low Value,True,At Risk,False,Retention Opportunity
15458,2011-11-14 13:08:00,24.9875,2,370.44,4,2,2,8,Potential Loyalists,False,Active,False,Standard
15459,2010-10-18 15:25:00,416.8923611111111,2,202.83,1,2,1,4,Lost / Low Value,True,At Risk,False,Retention Opportunity
15460,2010-12-20 16:08:00,353.8625,1,214.26,2,1,1,4,Lost / Low Value,True,At Risk,False,Retention Opportunity
15461,2010-09-05 12:31:00,460.0131944444444,2,429.7,1,2,2,5,At Risk,True,At Risk,False,Retention Opportunity
15462,2011-09-06 13:11:00,93.98541666666668,4,737.05,3,3,3,9,Potential Loyalists,True,At Risk,False,Retention Opportunity
15463,2011-11-10 12:57:00,28.99513888888889,1,126.14,4,1,1,6,At Risk,False,Active,False,Standard
15464,2011-01-05 15:56:00,337.87083333333334,1,1044.65,2,1,3,6,At Risk,True,At Risk,False,Retention Opportunity
15465,2011-11-20 10:11:00,19.110416666666666,32,12100.4,4,5,5,14,Champions,False,Active,True,Standard
15466,2011-09-15 14:08:00,84.94583333333334,4,1560.46,3,3,4,10,Loyal Customers,True,At Risk,False,Retention Opportunity
15467,2011-11-30 14:17:00,8.939583333333333,3,524.88,5,3,2,10,Loyal Customers,False,Active,False,Standard
15468,2011-10-19 13:49:00,50.95902777777778,3,1430.48,4,3,4,11,Loyal Customers,False,Active,False,Standard
15469,2011-10-20 16:21:00,49.85347222222222,3,874.25,4,3,3,10,Loyal Customers,False,Active,False,Standard
15470,2010-05-13 09:35:00,575.1354166666666,1,63.42,1,1,1,3,Lost / Low Value,True,At Risk,False,Retention Opportunity
15471,2011-12-07 14:12:00,1.9430555555555555,3,1292.01,5,3,4,12,Loyal Customers,False,Active,False,Standard
15472,2011-08-18 15:17:00,112.89791666666666,1,371.56,3,1,2,6,At Risk,True,At Risk,False,Retention Opportunity
15473,2011-11-25 15:15:00,13.899305555555555,8,2046.0,5,4,4,13,Champions,False,Active,False,Standard
15474,2010-04-23 11:14:00,595.0666666666667,1,150.35,1,1,1,3,Lost / Low Value,True,At Risk,False,Retention Opportunity
15475,2011-09-23 15:20:00,76.89583333333333,1,454.11,3,1,2,6,At Risk,True,At Risk,False,Retention Opportunity
15476,2010-11-24 15:17:00,379.8979166666667,4,2209.98,2,3,4,9,Potential Loyalists,True,At Risk,False,Retention Opportunity
15477,2010-02-28 10:37:00,649.0923611111111,1,368.4,1,1,2,4,Lost / Low Value,True,At Risk,False,Retention Opportunity
15478,2011-10-30 14:19:00,39.93819444444444,3,1983.48,4,3,4,11,Loyal Customers,False,Active,False,Standard
15479,2009-12-06 15:08:00,732.9041666666667,1,147.4,1,1,1,3,Lost / Low Value,True,At Risk,False,Retention Opportunity
15480,2011-08-15 14:32:00,115.92916666666666,5,6279.0,3,4,5,12,Loyal Customers,True,At Risk,True,High Priority
15481,2010-11-03 14:52:00,400.91527777777776,1,1993.34,2,1,4,7,Potential Loyalists,True,At Risk,False,Retention Opportunity
15482,2011-11-24 10:46:00,15.08611111111111,19,14417.36,5,5,5,15,Champions,False,Active,True,Standard
15483,2011-07-01 13:07:00,160.98819444444445,10,817.82,3,5,3,11,Loyal Customers,True,At Risk,False,Retention Opportunity
15484,2011-12-08 15:03:00,0.9076388888888888,6,4652.1,5,4,5,14,Champions,False,Active,True,Standard
15485,2011-11-09 14:31:00,29.929861111111112,7,4810.92,4,4,5,13,Champions,False,Active,True,Standard
15486,2010-06-30 13:15:00,526.9826388888889,1,102.0,1,1,1,3,Lost / Low Value,True,At Risk,False,Retention Opportunity
15487,2010-01-29 12:07:00,679.0298611111111,1,231.32,1,1,1,3,Lost / Low Value,True,At Risk,False,Retention Opportunity
15488,2011-09-08 10:11:00,92.11041666666668,5,431.92,3,4,2,9,Potential Loyalists,True,At Risk,False,Retention Opportunity
15489,2011-11-17 08:53:00,22.164583333333333,8,2419.61,4,4,4,12,Loyal Customers,False,Active,True,Standard
15490,2010-10-05 13:11:00,429.98541666666665,1,210.85,1,1,1,3,Lost / Low Value,True,At Risk,False,Retention Opportunity
15491,2011-09-05 15:56:00,94.87083333333334,6,3100.09,3,4,5,12,Loyal Customers,True,At Risk,True,High Priority
15492,2011-11-11 14:53:00,27.914583333333333,2,659.46,4,2,3,9,Potential Loyalists,False,Active,False,Standard
15493,2011-11-07 12:04:00,32.03194444444444,9,4121.68,4,5,5,14,Champions,False,Active,True,Standard
15494,2011-11-18 14:51:00,20.915972222222223,5,3702.6,4,4,5,13,Champions,False,Active,True,Standard
15495,2010-11-25 13:46:00,378.9611111111111,1,246.5,2,1,1,4,Lost / Low Value,True,At Risk,False,Retention Opportunity
15496,2010-03-18 13:16:00,630.9819444444445,1,146.14,1,1,1,3,Lost / Low Value,True,At Risk,False,Retention Opportunity
15497,2011-11-22 11:51:00,17.040972222222223,9,8657.39,5,5,5,15,Champions,False,Active,True,Standard
15498,2011-12-07 12:48:00,2.001388888888889,44,24972.86,5,5,5,15,Champions,False,Active,True,Standard
15499,2009-12-16 12:17:00,723.0229166666667,1,158.65,1,1,1,3,Lost / Low Value,True,At Risk,False,Retention Opportunity
15500,2011-12-01 13:47:00,7.960416666666666,4,1131.56,5,3,3,11,Loyal Customers,False,Active,False,Standard
15501,2010-10-31 11:15:00,404.06597222222223,2,399.95,2,2,2,6,At Risk,True,At Risk,False,Retention Opportunity
15502,2011-11-24 12:48:00,15.001388888888888,14,13003.87,5,5,5,15,Champions,False,Active,True,Standard
15503,2010-12-12 10:57:00,362.0784722222222,2,257.3,2,2,1,5,At Risk,True,At Risk,False,Retention Opportunity
15504,2011-09-19 13:45:00,80.96180555555556,4,402.7,3,3,2,8,Potential Loyalists,True,At Risk,False,Retention Opportunity
15505,2011-10-18 07:56:00,52.204166666666666,5,3610.96,4,4,5,13,Champions,False,Active,True,Standard
15506,2011-11-17 12:11:00,22.027083333333334,6,2030.33,4,4,4,12,Loyal Customers,False,Active,False,Standard
15507,2011-06-21 11:19:00,171.06319444444443,1,475.86,3,1,2,6,At Risk,True,At Risk,False,Retention Opportunity
15508,2011-06-03 15:43:00,188.8798611111111,6,1000.27,3,4,3,10,Loyal Customers,True,At Risk,False,Retention Opportunity
15509,2010-11-24 14:48:00,379.9180555555556,1,152.41,2,1,1,4,Lost / Low Value,True,At Risk,False,Retention Opportunity
15510,2011-01-13 12:10:00,330.02777777777777,1,250.0,2,1,1,4,Lost / Low Value,True,At Risk,False,Retention Opportunity
15511,2011-11-28 09:43:00,11.129861111111111,5,900.53,5,4,3,12,Loyal Customers,False,Active,False,Standard
15512,2011-07-07 10:20:00,155.10416666666666,4,331.58,3,3,2,8,Potential Loyalists,True,At Risk,False,Retention Opportunity
15513,2011-11-06 14:36:00,32.92638888888889,35,26437.05,4,5,5,14,Champions,False,Active,True,Standard
15514,2011-11-27 14:40:00,11.92361111111111,18,6392.06,5,5,5,15,Champions,False,Active,True,Standard
15515,2010-11-17 13:39:00,386.9659722222222,1,171.81,2,1,1,4,Lost / Low Value,True,At Risk,False,Retention Opportunity
15516,2011-10-26 10:51:00,44.08263888888889,3,62.43,4,3,1,8,Potential Loyalists,False,Active,False,Standard
15517,2011-04-20 14:02:00,232.95,1,267.03,2,1,1,4,Lost / Low Value,True,At Risk,False,Retention Opportunity
15518,2011-10-06 13:05:00,63.989583333333336,15,4189.99,3,5,5,13,Champions,True,At Risk,True,High Priority
15519,2010-11-21 14:35:00,382.9270833333333,2,344.61,2,2,2,6,At Risk,True,At Risk,False,Retention Opportunity
15520,2011-12-08 10:58:00,1.0777777777777775,1,343.5,5,1,2,8,Potential Loyalists,False,Active,False,Standard
15521,2011-10-30 13:42:00,39.96388888888889,16,7098.24,4,5,5,14,Champions,False,Active,True,Standard
15522,2011-11-07 11:26:00,32.05833333333333,2,397.99,4,2,2,8,Potential Loyalists,False,Active,False,Standard
15523,2011-09-16 16:29:00,83.84791666666666,16,17259.19,3,5,5,13,Champions,True,At Risk,True,High Priority
15524,2011-11-15 12:09:00,24.028472222222224,2,591.4,4,2,2,8,Potential Loyalists,False,Active,False,Standard
15525,2011-12-07 14:43:00,1.9215277777777775,4,890.22,5,3,3,11,Loyal Customers,False,Active,False,Standard
15526,2011-11-06 15:04:00,32.90694444444444,2,148.44,4,2,1,7,Potential Loyalists,False,Active,False,Standard
15527,2011-11-21 12:17:00,18.022916666666667,23,5554.89,5,5,5,15,Champions,False,Active,True,Standard
15528,2011-03-30 16:14:00,253.8583333333333,1,229.33,2,1,1,4,Lost / Low Value,True,At Risk,False,Retention Opportunity
15529,2011-11-17 11:29:00,22.05625,12,4783.66,4,5,5,14,Champions,False,Active,True,Standard
15530,2011-11-18 12:25:00,21.01736111111111,5,1808.68,4,4,4,12,Loyal Customers,False,Active,False,Standard
15531,2011-12-01 18:43:00,7.754861111111111,2,1972.39,5,2,4,11,Loyal Customers,False,Active,False,Standard
15532,2011-11-14 14:51:00,24.915972222222223,10,3738.85,4,5,5,14,Champions,False,Active,True,Standard
15533,2011-11-20 15:35:00,18.885416666666668,3,807.57,5,3,3,11,Loyal Customers,False,Active,False,Standard
15534,2009-12-14 12:48:00,725.0013888888889,1,162.25,1,1,1,3,Lost / Low Value,True,At Risk,False,Retention Opportunity
15535,2011-06-19 16:02:00,172.86666666666667,6,1044.37,3,4,3,10,Loyal Customers,True,At Risk,False,Retention Opportunity
15536,2010-10-26 16:31:00,408.8465277777778,1,259.09,2,1,1,4,Lost / Low Value,True,At Risk,False,Retention Opportunity
15537,2011-06-29 13:10:00,162.98611111111111,1,110.92,3,1,1,5,At Risk,True,At Risk,False,Retention Opportunity
15538,2010-06-20 10:49:00,537.0840277777778,6,3358.4,1,4,5,10,Loyal Customers,True,At Risk,True,High Priority
15539,2011-12-02 13:36:00,6.968055555555556,1,538.46,5,1,2,8,Potential Loyalists,False,Active,False,Standard
15540,2011-11-28 13:51:00,10.957638888888887,2,460.68,5,2,2,9,Potential Loyalists,False,Active,False,Standard
15541,2011-08-17 14:58:00,113.91111111111113,1,85.13000000000001,3,1,1,5,At Risk,True,At Risk,False,Retention Opportunity
15542,2010-07-15 13:32:00,511.97083333333336,3,855.71,1,3,3,7,Potential Loyalists,True,At Risk,False,Retention Opportunity
15543,2011-02-24 15:26:00,287.89166666666665,2,242.26,2,2,1,5,At Risk,True,At Risk,False,Retention Opportunity
15544,2011-11-30 16:43:00,8.838194444444444,20,7807.89,5,5,5,15,Champions,False,Active,True,Standard
15545,2011-10-16 13:24:00,53.97638888888889,2,288.97,4,2,2,8,Potential Loyalists,False,Active,False,Standard
15546,2010-04-12 11:51:00,606.0409722222222,2,1079.1,1,2,3,6,At Risk,True,At Risk,False,Retention Opportunity
15547,2011-12-02 12:52:00,6.998611111111111,26,10057.05,5,5,5,15,Champions,False,Active,True,Standard
15548,2010-04-23 12:20:00,595.0208333333334,1,158.09,1,1,1,3,Lost / Low Value,True,At Risk,False,Retention Opportunity
15549,2011-09-23 16:22:00,76.85277777777777,8,2334.16,3,4,4,11,Loyal Customers,True,At Risk,True,High Priority
15550,2011-12-05 15:38:00,3.883333333333333,12,2211.05,5,5,4,14,Champions,False,Active,False,Standard
15551,2011-11-03 12:37:00,36.009027777777774,7,1679.81,4,4,4,12,Loyal Customers,False,Active,False,Standard
15552,2011-05-06 14:47:00,216.91875,2,252.52,2,2,1,5,At Risk,True,At Risk,False,Retention Opportunity
15553,2011-10-10 14:02:00,59.95,1,428.93,3,1,2,6,At Risk,False,Active,False,Standard
15554,2011-03-07 09:00:00,277.15972222222223,1,217.2,2,1,1,4,Lost / Low Value,True,At Risk,False,Retention Opportunity
15555,2011-11-27 16:19:00,11.854861111111113,36,11243.91,5,5,5,15,Champions,False,Active,True,Standard
15556,2011-11-15 16:08:00,23.8625,1,279.77,4,1,1,6,At Risk,False,Active,False,Standard
15557,2011-11-11 12:46:00,28.002777777777776,1,468.91,4,1,2,7,Potential Loyalists,False,Active,False,Standard
15558,2010-03-10 15:25:00,638.8923611111111,1,202.68,1,1,1,3,Lost / Low Value,True,At Risk,False,Retention Opportunity
15559,2010-05-20 14:06:00,567.9472222222222,1,1109.4,1,1,3,5,At Risk,True,At Risk,False,Retention Opportunity
15560,2010-11-07 10:15:00,397.1076388888889,2,153.52,2,2,1,5,At Risk,True,At Risk,False,Retention Opportunity
15561,2011-11-28 11:07:00,11.071527777777778,8,1934.39,5,4,4,13,Champions,False,Active,False,Standard
15562,2010-12-23 09:55:00,351.12152777777777,3,671.4300000000001,2,3,3,8,Potential Loyalists,True,At Risk,False,Retention Opportunity
15563,2011-11-17 14:50:00,21.916666666666668,7,2859.46,4,4,4,12,Loyal Customers,False,Active,True,Standard
15564,2010-09-02 15:52:00,462.87361111111113,2,70.74000000000001,1,2,1,4,Lost / Low Value,True,At Risk,False,Retention Opportunity
15565,2011-10-20 14:33:00,49.92847222222223,2,173.16000000000005,4,2,1,7,Potential Loyalists,False,Active,False,Standard
15566,2010-11-12 12:11:00,392.0270833333333,2,227.87,2,2,1,5,At Risk,True,At Risk,False,Retention Opportunity
15567,2011-11-21 10:48:00,18.084722222222226,1,186.01,5,1,1,7,Potential Loyalists,False,Active,False,Standard
15568,2011-12-07 11:27:00,2.057638888888889,3,758.29,5,3,3,11,Loyal Customers,False,Active,False,Standard
15569,2011-08-28 10:15:00,103.10763888888889,10,3583.45,3,5,5,13,Champions,True,At Risk,True,High Priority
15570,2011-12-02 14:47:00,6.91875,25,8736.49,5,5,5,15,Champions,False,Active,True,Standard
15571,2011-11-28 10:02:00,11.116666666666667,14,3892.35,5,5,5,15,Champions,False,Active,True,Standard
15572,2011-12-05 10:09:00,4.111805555555556,10,3965.2,5,5,5,15,Champions,False,Active,True,Standard
15573,2011-11-08 11:38:00,31.05,5,1188.42,4,4,3,11,Loyal Customers,False,Active,False,Standard
15574,2011-06-15 12:01:00,177.03402777777777,6,1101.44,3,4,3,10,Loyal Customers,True,At Risk,False,Retention Opportunity
15575,2010-03-30 12:50:00,619.0,1,30.1,1,1,1,3,Lost / Low Value,True,At Risk,False,Retention Opportunity
15576,2011-11-02 12:03:00,37.03263888888889,1,921.37,4,1,3,8,Potential Loyalists,False,Active,False,Standard
15577,2011-07-11 17:03:00,150.82430555555555,5,396.03,3,4,2,9,Potential Loyalists,True,At Risk,False,Retention Opportunity
15578,2011-06-30 13:03:00,161.9909722222222,1,127.1,3,1,1,5,At Risk,True,At Risk,False,Retention Opportunity
15579,2011-10-02 12:45:00,68.00347222222223,5,1250.63,3,4,4,11,Loyal Customers,True,At Risk,False,Retention Opportunity
15580,2010-11-28 11:00:00,376.0763888888889,8,1375.39,2,4,4,10,Loyal Customers,True,At Risk,False,Retention Opportunity
15581,2011-08-11 09:38:00,120.13333333333334,38,7480.4,3,5,5,13,Champions,True,At Risk,True,High Priority
15582,2011-11-15 09:55:00,24.12152777777778,3,682.9100000000001,4,3,3,10,Loyal Customers,False,Active,False,Standard
15583,2010-11-28 15:04:00,375.9069444444444,1,95.96,2,1,1,4,Lost / Low Value,True,At Risk,False,Retention Opportunity
15584,2011-11-16 10:55:00,23.07986111111111,6,1268.2,4,4,4,12,Loyal Customers,False,Active,False,Standard
15585,2011-06-16 08:38:00,176.175,1,455.3,3,1,2,6,At Risk,True,At Risk,False,Retention Opportunity
15586,2010-04-26 11:00:00,592.0763888888889,3,1139.1,1,3,3,7,Potential Loyalists,True,At Risk,False,Retention Opportunity
15587,2011-10-20 13:37:00,49.96736111111111,7,1522.08,4,4,4,12,Loyal Customers,False,Active,False,Standard
15588,2010-01-31 12:19:00,677.0215277777778,1,579.6,1,1,2,4,Lost / Low Value,True,At Risk,False,Retention Opportunity
15589,2011-03-29 09:54:00,255.12222222222223,3,478.53,2,3,2,7,Potential Loyalists,True,At Risk,False,Retention Opportunity
15590,2010-11-22 14:49:00,381.9173611111111,5,1496.6,2,4,4,10,Loyal Customers,True,At Risk,False,Retention Opportunity
15591,2010-05-06 09:23:00,582.14375,3,217.9,1,3,1,5,At Risk,True,At Risk,False,Retention Opportunity
15592,2011-10-24 08:59:00,46.16041666666667,1,388.58,4,1,2,7,Potential Loyalists,False,Active,False,Standard
15593,2011-09-30 11:46:00,70.04444444444445,1,199.8,3,1,1,5,At Risk,True,At Risk,False,Retention Opportunity
15594,2011-11-24 08:53:00,15.164583333333333,5,1771.78,5,4,4,13,Champions,False,Active,False,Standard
15595,2010-08-09 12:27:00,487.0159722222222,1,357.6,1,1,2,4,Lost / Low Value,True,At Risk,False,Retention Opportunity
15596,2011-08-31 10:55:00,100.07986111111111,9,2727.72,3,5,4,12,Loyal Customers,True,At Risk,True,High Priority
15597,2011-11-04 13:26:00,34.975,2,563.37,4,2,2,8,Potential Loyalists,False,Active,False,Standard
15598,2011-10-17 16:04:00,52.86527777777778,2,548.02,4,2,2,8,Potential Loyalists,False,Active,False,Standard
15599,2011-11-13 11:44:00,26.04583333333333,3,1250.06,4,3,4,11,Loyal Customers,False,Active,False,Standard
15600,2010-10-07 14:30:00,427.93055555555554,4,1199.31,1,3,3,7,Potential Loyalists,True,At Risk,False,Retention Opportunity
15601,2011-11-28 15:15:00,10.899305555555555,30,14191.74,5,5,5,15,Champions,False,Active,True,Standard
15602,2011-12-01 14:14:00,7.941666666666666,16,3137.96,5,5,5,15,Champions,False,Active,True,Standard
15603,2011-09-22 10:04:00,78.11527777777778,2,88.48,3,2,1,6,At Risk,True,At Risk,False,Retention Opportunity
15604,2011-10-18 14:47:00,51.91875,1,216.39,4,1,1,6,At Risk,False,Active,False,Standard
15605,2011-11-03 14:17:00,35.93958333333333,9,1741.95,4,5,4,13,Champions,False,Active,False,Standard
15606,2011-10-09 15:47:00,60.87708333333333,17,5230.99,3,5,5,13,Champions,True,At Risk,True,High Priority
15607,2011-01-07 12:44:00,336.00416666666666,9,1708.97,2,5,4,11,Loyal Customers,True,At Risk,False,Retention Opportunity
15608,2011-11-11 13:20:00,27.979166666666668,5,1785.98,4,4,4,12,Loyal Customers,False,Active,False,Standard
15609,2011-06-08 13:00:00,183.99305555555557,1,298.48,3,1,2,6,At Risk,True,At Risk,False,Retention Opportunity
15610,2011-10-19 10:36:00,51.09305555555556,1,112.46,4,1,1,6,At Risk,False,Active,False,Standard
15611,2011-11-30 12:36:00,9.009722222222225,26,2997.28,5,5,5,15,Champions,False,Active,True,Standard
15612,2011-11-03 14:52:00,35.915277777777774,2,195.15,4,2,1,7,Potential Loyalists,False,Active,False,Standard
15613,2010-04-08 12:51:00,609.9993055555556,1,433.72,1,1,2,4,Lost / Low Value,True,At Risk,False,Retention Opportunity
15614,2010-09-28 10:46:00,437.0861111111111,4,3147.36,1,3,5,9,Potential Loyalists,True,At Risk,True,High Priority
15615,2011-11-29 14:42:00,9.922222222222222,47,21373.97,5,5,5,15,Champions,False,Active,True,Standard
15616,2010-09-27 13:10:00,437.9861111111111,1,317.11,1,1,2,4,Lost / Low Value,True,At Risk,False,Retention Opportunity
15617,2010-11-08 16:07:00,395.8631944444445,3,828.5500000000001,2,3,3,8,Potential Loyalists,True,At Risk,False,Retention Opportunity
15618,2011-11-07 08:34:00,32.17777777777778,4,776.851,4,3,3,10,Loyal Customers,False,Active,False,Standard
15619,2011-11-29 08:14:00,10.191666666666666,1,336.4,5,1,2,8,Potential Loyalists,False,Active,False,Standard
15620,2011-10-14 12:41:00,56.00625,4,1942.36,4,3,4,11,Loyal Customers,False,Active,False,Standard
15621,2011-12-05 14:01:00,3.950694444444444,4,1293.03,5,3,4,12,Loyal Customers,False,Active,False,Standard
15622,2011-10-27 16:44:00,42.8375,17,7852.610000000001,4,5,5,14,Champions,False,Active,True,Standard
15623,2011-07-21 17:26:00,140.80833333333334,8,2437.05,3,4,4,11,Loyal Customers,True,At Risk,True,High Priority
15624,2011-08-15 11:38:00,116.05,4,588.13,3,3,2,8,Potential Loyalists,True,At Risk,False,Retention Opportunity
15625,2011-08-28 10:21:00,103.10347222222222,9,3236.4,3,5,5,13,Champions,True,At Risk,True,High Priority
15626,2011-09-26 10:03:00,74.11597222222223,3,1067.52,3,3,3,9,Potential Loyalists,True,At Risk,False,Retention Opportunity
15627,2010-09-08 14:14:00,456.94166666666666,2,566.9,1,2,2,5,At Risk,True,At Risk,False,Retention Opportunity
15628,2011-12-05 10:24:00,4.101388888888889,17,5333.08,5,5,5,15,Champions,False,Active,True,Standard
15629,2010-09-15 13:46:00,449.9611111111111,4,2240.9,1,3,4,8,Potential Loyalists,True,At Risk,False,Retention Opportunity
15630,2011-10-25 15:36:00,44.88472222222222,3,1481.4,4,3,4,11,Loyal Customers,False,Active,False,Standard
15631,2010-03-07 14:52:00,641.9152777777778,1,596.67,1,1,2,4,Lost / Low Value,True,At Risk,False,Retention Opportunity
15632,2011-11-24 09:51:00,15.124305555555557,8,3285.31,5,4,5,14,Champions,False,Active,True,Standard
15633,2010-07-18 13:54:00,508.9555555555556,13,4335.96,1,5,5,11,Loyal Customers,True,At Risk,True,High Priority
15634,2011-11-22 16:28:00,16.84861111111111,2,554.65,5,2,2,9,Potential Loyalists,False,Active,False,Standard
15635,2010-11-09 08:58:00,395.1611111111111,1,100.35,2,1,1,4,Lost / Low Value,True,At Risk,False,Retention Opportunity
15636,2011-09-11 11:17:00,89.06458333333333,4,1444.58,3,3,4,10,Loyal Customers,True,At Risk,False,Retention Opportunity
15637,2011-10-18 08:28:00,52.18194444444445,5,797.59,4,4,3,11,Loyal Customers,False,Active,False,Standard
15638,2010-11-26 11:52:00,378.04027777777776,6,2265.2,2,4,4,10,Loyal Customers,True,At Risk,True,High Priority
15639,2011-07-28 14:30:00,133.93055555555554,3,1065.08,3,3,3,9,Potential Loyalists,True,At Risk,False,Retention Opportunity
15640,2011-12-05 14:35:00,3.9270833333333335,29,23494.31,5,5,5,15,Champions,False,Active,True,Standard
15641,2011-08-26 14:04:00,104.9486111111111,12,5345.55,3,5,5,13,Champions,True,At Risk,True,High Priority
15642,2009-12-10 11:51:00,729.0409722222222,1,105.78,1,1,1,3,Lost / Low Value,True,At Risk,False,Retention Opportunity
15643,2011-06-01 07:38:00,191.21666666666667,3,664.0,2,3,3,8,Potential Loyalists,True,At Risk,False,Retention Opportunity
15644,2011-06-26 14:54:00,165.9138888888889,4,803.54,3,3,3,9,Potential Loyalists,True,At Risk,False,Retention Opportunity
15645,2011-11-21 11:55:00,18.038194444444443,3,1055.17,5,3,3,11,Loyal Customers,False,Active,False,Standard
15646,2011-07-05 09:53:00,157.12291666666667,5,784.8100000000001,3,4,3,10,Loyal Customers,True,At Risk,False,Retention Opportunity
15647,2010-10-20 15:09:00,414.9034722222222,1,169.0,1,1,1,3,Lost / Low Value,True,At Risk,False,Retention Opportunity
15648,2011-05-19 15:53:00,203.87291666666667,2,639.5,2,2,3,7,Potential Loyalists,True,At Risk,False,Retention Opportunity
15649,2011-01-07 13:34:00,335.96944444444443,4,1660.35,2,3,4,9,Potential Loyalists,True,At Risk,False,Retention Opportunity
15650,2010-07-06 10:41:00,521.0895833333333,2,553.88,1,2,2,5,At Risk,True,At Risk,False,Retention Opportunity
15651,2011-11-03 08:41:00,36.172916666666666,5,1259.06,4,4,4,12,Loyal Customers,False,Active,False,Standard
15652,2011-09-09 14:22:00,90.93611111111112,5,1405.94,3,4,4,11,Loyal Customers,True,At Risk,False,Retention Opportunity
15653,2011-09-08 10:49:00,92.08402777777778,2,877.44,3,2,3,8,Potential Loyalists,True,At Risk,False,Retention Opportunity
15654,2011-11-30 13:08:00,8.9875,2,922.53,5,2,3,10,Loyal Customers,False,Active,False,Standard
15655,2011-04-10 15:25:00,242.89236111111111,1,560.6700000000001,2,1,2,5,At Risk,True,At Risk,False,Retention Opportunity
15656,2011-10-25 14:56:00,44.9125,4,748.5,4,3,3,10,Loyal Customers,False,Active,False,Standard
15657,2011-11-17 12:19:00,22.021527777777777,1,30.0,4,1,1,6,At Risk,False,Active,False,Standard
15658,2011-06-02 15:22:00,189.89444444444445,8,2117.27,2,4,4,10,Loyal Customers,True,At Risk,False,Retention Opportunity
15659,2011-10-27 09:23:00,43.14375,3,532.49,4,3,2,9,Potential Loyalists,False,Active,False,Standard
15660,2011-11-14 16:58:00,24.82777777777778,15,2603.69,4,5,4,13,Champions,False,Active,True,Standard
15661,2011-01-26 13:56:00,316.95416666666665,8,1215.95,2,4,3,9,Potential Loyalists,True,At Risk,False,Retention Opportunity
15662,2010-02-16 16:47:00,660.8354166666667,2,283.73,1,2,1,4,Lost / Low Value,True,At Risk,False,Retention Opportunity
15663,2011-08-25 15:50:00,105.875,1,138.14,3,1,1,5,At Risk,True,At Risk,False,Retention Opportunity
15664,2011-10-20 10:57:00,50.078472222222224,4,1254.03,4,3,4,11,Loyal Customers,False,Active,False,Standard
15665,2011-06-24 14:57:00,167.91180555555556,5,3987.07,3,4,5,12,Loyal Customers,True,At Risk,True,High Priority
15666,2010-08-24 16:14:00,471.85833333333335,2,632.94,1,2,3,6,At Risk,True,At Risk,False,Retention Opportunity
15667,2011-10-31 10:56:00,39.079166666666666,1,301.32000000000005,4,1,2,7,Potential Loyalists,False,Active,False,Standard
15668,2011-05-06 10:39:00,217.09097222222223,1,76.32000000000001,2,1,1,4,Lost / Low Value,True,At Risk,False,Retention Opportunity
15669,2011-10-30 16:03:00,39.86597222222223,4,684.34,4,3,3,10,Loyal Customers,False,Active,False,Standard
15670,2011-02-16 10:50:00,296.0833333333333,2,325.2,2,2,2,6,At Risk,True,At Risk,False,Retention Opportunity
15671,2011-11-21 12:43:00,18.00486111111111,7,2657.13,5,4,4,13,Champions,False,Active,True,Standard
15672,2009-12-14 16:52:00,724.8319444444444,1,45.3,1,1,1,3,Lost / Low Value,True,At Risk,False,Retention Opportunity
15673,2011-09-12 16:12:00,87.85972222222222,9,6204.32,3,5,5,13,Champions,True,At Risk,True,High Priority
15674,2011-09-27 15:17:00,72.89791666666666,13,6948.2300000000005,3,5,5,13,Champions,True,At Risk,True,High Priority
15675,2011-09-19 13:48:00,80.95972222222223,4,542.04,3,3,2,8,Potential Loyalists,True,At Risk,False,Retention Opportunity
15676,2011-11-21 12:40:00,18.006944444444443,3,3435.76,5,3,5,13,Champions,False,Active,True,Standard
15677,2011-10-21 15:36:00,48.88472222222222,3,1305.63,4,3,4,11,Loyal Customers,False,Active,False,Standard
15678,2011-10-18 09:25:00,52.14236111111112,3,1825.94,4,3,4,11,Loyal Customers,False,Active,False,Standard
15679,2011-11-15 16:19:00,23.854861111111116,4,781.28,4,3,3,10,Loyal Customers,False,Active,False,Standard
15680,2011-11-30 13:46:00,8.96111111111111,10,4028.69,5,5,5,15,Champions,False,Active,True,Standard
15681,2011-11-14 16:30:00,24.84722222222222,14,2989.7000000000003,4,5,5,14,Champions,False,Active,True,Standard
15682,2010-04-19 15:30:00,598.8888888888889,2,318.24,1,2,2,5,At Risk,True,At Risk,False,Retention Opportunity
15683,2011-08-14 12:56:00,116.99583333333334,2,524.54,3,2,2,7,Potential Loyalists,True,At Risk,False,Retention Opportunity
15684,2010-06-10 18:51:00,546.7493055555556,3,173.95,1,3,1,5,At Risk,True,At Risk,False,Retention Opportunity
15685,2010-09-15 13:43:00,449.96319444444447,1,55.98,1,1,1,3,Lost / Low Value,True,At Risk,False,Retention Opportunity
15686,2010-10-15 13:50:00,419.9583333333333,1,90.0,1,1,1,3,Lost / Low Value,True,At Risk,False,Retention Opportunity
15687,2011-12-01 08:33:00,8.178472222222222,9,2993.1,5,5,5,15,Champions,False,Active,True,Standard
15688,2010-10-17 12:06:00,418.0305555555556,1,190.57,1,1,1,3,Lost / Low Value,True,At Risk,False,Retention Opportunity
15689,2011-08-12 09:37:00,119.13402777777776,3,521.03,3,3,2,8,Potential Loyalists,True,At Risk,False,Retention Opportunity
15690,2011-12-05 15:59:00,3.86875,2,239.76,5,2,1,8,Potential Loyalists,False,Active,False,Standard
15691,2011-04-01 15:13:00,251.90069444444444,4,571.3,2,3,2,7,Potential Loyalists,True,At Risk,False,Retention Opportunity
15692,2011-11-11 14:12:00,27.94305555555556,1,191.04,4,1,1,6,At Risk,False,Active,False,Standard
15693,2010-02-18 14:37:00,658.9256944444444,1,37.5,1,1,1,3,Lost / Low Value,True,At Risk,False,Retention Opportunity
15694,2011-12-09 09:44:00,0.1291666666666666,24,9978.48,5,5,5,15,Champions,False,Active,True,Standard
15695,2011-03-18 08:32:00,266.1791666666667,4,1131.04,2,3,3,8,Potential Loyalists,True,At Risk,False,Retention Opportunity
15696,2011-11-06 14:02:00,32.95,13,3881.22,4,5,5,14,Champions,False,Active,True,Standard
15697,2010-01-19 09:10:00,689.1527777777778,1,246.75,1,1,1,3,Lost / Low Value,True,At Risk,False,Retention Opportunity
15698,2010-03-25 17:38:00,623.8,1,46.2,1,1,1,3,Lost / Low Value,True,At Risk,False,Retention Opportunity
15699,2011-11-22 08:26:00,17.183333333333334,1,309.65,5,1,2,8,Potential Loyalists,False,Active,False,Standard
15700,2011-06-20 16:53:00,171.83125,2,696.68,3,2,3,8,Potential Loyalists,True,At Risk,False,Retention Opportunity
15701,2011-12-07 14:39:00,1.9243055555555555,4,1529.0,5,3,4,12,Loyal Customers,False,Active,False,Standard
15702,2010-08-20 14:50:00,475.9166666666667,2,140.39,1,2,1,4,Lost / Low Value,True,At Risk,False,Retention Opportunity
15703,2011-03-20 10:51:00,264.0826388888889,1,211.5,2,1,1,4,Lost / Low Value,True,At Risk,False,Retention Opportunity
15704,2011-07-22 13:35:00,139.96875,6,3734.66,3,4,5,12,Loyal Customers,True,At Risk,True,High Priority
15705,2011-05-22 15:37:00,200.8840277777778,1,143.1,2,1,1,4,Lost / Low Value,True,At Risk,False,Retention Opportunity
15706,2011-10-07 10:09:00,63.11180555555556,4,1060.56,3,3,3,9,Potential Loyalists,True,At Risk,False,Retention Opportunity
15707,2011-11-04 14:35:00,34.927083333333336,4,916.98,4,3,3,10,Loyal Customers,False,Active,False,Standard
15708,2011-10-30 10:54:00,40.08055555555556,9,3887.15,4,5,5,14,Champions,False,Active,True,Standard
15709,2011-03-01 10:38:00,283.09166666666664,2,327.85,2,2,2,6,At Risk,True,At Risk,False,Retention Opportunity
15710,2010-10-18 17:05:00,416.8229166666667,1,898.87,1,1,3,5,At Risk,True,At Risk,False,Retention Opportunity
15711,2010-06-01 12:14:00,556.025,2,420.25,1,2,2,5,At Risk,True,At Risk,False,Retention Opportunity
15712,2011-11-30 14:09:00,8.94513888888889,12,3472.41,5,5,5,15,Champions,False,Active,True,Standard
15713,2011-07-19 13:34:00,142.96944444444443,4,839.64,3,3,3,9,Potential Loyalists,True,At Risk,False,Retention Opportunity
15714,2011-11-28 11:26:00,11.058333333333334,5,783.96,5,4,3,12,Loyal Customers,False,Active,False,Standard
15715,2010-06-02 09:56:00,555.1208333333333,5,658.02,1,4,3,8,Potential Loyalists,True,At Risk,False,Retention Opportunity
15716,2011-07-17 11:59:00,145.03541666666666,11,2485.26,3,5,4,12,Loyal Customers,True,At Risk,True,High Priority
15717,2011-04-19 13:21:00,233.97847222222225,5,607.0,2,4,2,8,Potential Loyalists,True,At Risk,False,Retention Opportunity
15718,2010-06-17 16:20:00,539.8541666666666,1,293.79,1,1,2,4,Lost / Low Value,True,At Risk,False,Retention Opportunity
15719,2011-11-07 12:29:00,32.014583333333334,31,10195.97,4,5,5,14,Champions,False,Active,True,Standard
15720,2011-11-15 14:48:00,23.918055555555554,2,739.22,4,2,3,9,Potential Loyalists,False,Active,False,Standard
15721,2011-11-28 12:14:00,11.025,1,471.4,5,1,2,8,Potential Loyalists,False,Active,False,Standard
15722,2011-11-04 11:43:00,35.046527777777776,11,5234.0,4,5,5,14,Champions,False,Active,True,Standard
15723,2010-12-10 11:12:00,364.06805555555553,4,930.7,2,3,3,8,Potential Loyalists,True,At Risk,False,Retention Opportunity
15724,2011-05-22 14:40:00,200.92361111111111,3,310.85,2,3,2,7,Potential Loyalists,True,At Risk,False,Retention Opportunity
15725,2011-11-24 14:51:00,14.915972222222225,1,415.25,5,1,2,8,Potential Loyalists,False,Active,False,Standard
15726,2010-11-14 16:12:00,389.8597222222222,1,321.91,2,1,2,5,At Risk,True,At Risk,False,Retention Opportunity
15727,2011-11-23 12:36:00,16.009722222222223,15,9371.71,5,5,5,15,Champions,False,Active,True,Standard
15728,2010-11-25 10:39:00,379.0909722222222,2,544.6,2,2,2,6,At Risk,True,At Risk,False,Retention Opportunity
15729,2011-05-11 12:36:00,212.00972222222225,3,192.55,2,3,1,6,At Risk,True,At Risk,False,Retention Opportunity
15730,2011-10-05 12:31:00,65.01319444444445,5,1726.58,3,4,4,11,Loyal Customers,True,At Risk,False,Retention Opportunity
15731,2010-06-04 10:10:00,553.1111111111111,1,125.3,1,1,1,3,Lost / Low Value,True,At Risk,False,Retention Opportunity
15732,2011-05-11 14:24:00,211.93472222222223,10,1543.97,2,5,4,11,Loyal Customers,True,At Risk,False,Retention Opportunity
15733,2011-03-02 09:05:00,282.15625,1,162.3,2,1,1,4,Lost / Low Value,True,At Risk,False,Retention Opportunity
15734,2011-08-17 10:50:00,114.08333333333331,4,2263.3,3,3,4,10,Loyal Customers,True,At Risk,True,High Priority
15735,2010-10-14 13:38:00,420.9666666666666,1,327.68,1,1,2,4,Lost / Low Value,True,At Risk,False,Retention Opportunity
15736,2010-09-30 14:20:00,434.9375,2,1767.12,1,2,4,7,Potential Loyalists,True,At Risk,False,Retention Opportunity
15737,2011-11-25 11:21:00,14.061805555555557,8,1188.12,5,4,3,12,Loyal Customers,False,Active,False,Standard
15738,2011-11-21 08:26:00,18.183333333333334,41,13043.32,5,5,5,15,Champions,False,Active,True,Standard
15739,2011-10-04 13:42:00,65.96388888888889,1,449.12,3,1,2,6,At Risk,True,At Risk,False,Retention Opportunity
15740,2011-10-21 14:29:00,48.93125,1,154.88,4,1,1,6,At Risk,False,Active,False,Standard
15741,2010-09-07 16:21:00,457.8534722222222,2,208.62,1,2,1,4,Lost / Low Value,True,At Risk,False,Retention Opportunity
15742,2010-03-30 15:25:00,618.8923611111111,1,156.87,1,1,1,3,Lost / Low Value,True,At Risk,False,Retention Opportunity
15743,2011-11-23 17:19:00,15.813194444444443,4,775.96,5,3,3,11,Loyal Customers,False,Active,False,Standard
15744,2011-09-23 09:52:00,77.12361111111112,1,34.8,3,1,1,5,At Risk,True,At Risk,False,Retention Opportunity
15745,2011-11-20 13:45:00,18.96180555555556,4,1094.59,4,3,3,10,Loyal Customers,False,Active,False,Standard
15746,2011-07-28 15:21:00,133.89513888888888,1,196.88,3,1,1,5,At Risk,True,At Risk,False,Retention Opportunity
15747,2011-11-27 12:26:00,12.016666666666667,9,2499.81,5,5,4,14,Champions,False,Active,True,Standard
15748,2011-10-30 12:51:00,39.99930555555556,3,609.81,4,3,3,10,Loyal Customers,False,Active,False,Standard
15749,2011-04-18 13:20:00,234.97916666666663,3,44534.3,2,3,5,10,Loyal Customers,True,At Risk,True,High Priority
15750,2011-12-07 12:34:00,2.011111111111111,18,6452.991,5,5,5,15,Champions,False,Active,True,Standard
15751,2010-09-05 12:44:00,460.00416666666666,11,1380.44,1,5,4,10,Loyal Customers,True,At Risk,False,Retention Opportunity
15752,2011-10-31 11:37:00,39.050694444444446,9,3924.91,4,5,5,14,Champions,False,Active,True,Standard
15753,2011-02-08 12:41:00,304.00625,1,79.2,2,1,1,4,Lost / Low Value,True,At Risk,False,Retention Opportunity
15754,2011-10-19 14:40:00,50.92361111111112,9,3037.61,4,5,5,14,Champions,False,Active,True,Standard
15755,2011-11-29 14:57:00,9.911805555555556,17,5993.12,5,5,5,15,Champions,False,Active,True,Standard
15756,2011-10-09 13:30:00,60.97222222222222,4,528.01,3,3,2,8,Potential Loyalists,True,At Risk,False,Retention Opportunity
15757,2011-10-05 12:14:00,65.025,6,2940.36,3,4,5,12,Loyal Customers,True,At Risk,True,High Priority
15758,2011-11-15 10:48:00,24.084722222222226,1,205.25,4,1,1,6,At Risk,False,Active,False,Standard
15759,2011-05-05 15:13:00,217.90069444444444,7,830.9300000000001,2,4,3,9,Potential Loyalists,True,At Risk,False,Retention Opportunity
15760,2010-03-19 11:45:00,630.0451388888889,2,13916.34,1,2,5,8,Potential Loyalists,True,At Risk,True,High Priority
15761,2010-09-23 09:33:00,442.1368055555556,1,143.05,1,1,1,3,Lost / Low Value,True,At Risk,False,Retention Opportunity
15762,2011-10-05 16:15:00,64.85763888888889,2,583.75,3,2,2,7,Potential Loyalists,True,At Risk,False,Retention Opportunity
15763,2011-11-08 09:44:00,31.129166666666663,2,1086.92,4,2,3,9,Potential Loyalists,False,Active,False,Standard
15764,2011-09-12 17:58:00,87.78611111111111,8,4503.08,3,4,5,12,Loyal Customers,True,At Risk,True,High Priority
15765,2010-02-11 10:25:00,666.1006944444445,1,370.63,1,1,2,4,Lost / Low Value,True,At Risk,False,Retention Opportunity
15766,2011-10-06 17:03:00,63.824305555555554,3,831.0600000000001,3,3,3,9,Potential Loyalists,True,At Risk,False,Retention Opportunity
15768,2011-08-16 10:48:00,115.08472222222224,34,15308.89,3,5,5,13,Champions,True,At Risk,True,High Priority
15769,2011-12-02 13:52:00,6.956944444444445,46,88612.52,5,5,5,15,Champions,False,Active,True,Standard
15770,2010-04-06 11:47:00,612.04375,1,321.45,1,1,2,4,Lost / Low Value,True,At Risk,False,Retention Opportunity
15771,2010-04-14 13:56:00,603.9541666666667,3,1006.54,1,3,3,7,Potential Loyalists,True,At Risk,False,Retention Opportunity
15772,2010-10-17 13:33:00,417.97013888888887,1,280.88,1,1,1,3,Lost / Low Value,True,At Risk,False,Retention Opportunity
15773,2011-12-04 12:48:00,5.001388888888889,2,774.52,5,2,3,10,Loyal Customers,False,Active,False,Standard
15774,2011-10-02 12:04:00,68.03194444444445,6,1288.34,3,4,4,11,Loyal Customers,True,At Risk,False,Retention Opportunity
15775,2011-04-08 12:56:00,244.9958333333333,2,150.5,2,2,1,5,At Risk,True,At Risk,False,Retention Opportunity
15776,2011-07-29 13:46:00,132.9611111111111,1,241.62,3,1,1,5,At Risk,True,At Risk,False,Retention Opportunity
15777,2011-04-12 16:43:00,240.83819444444444,7,1762.61,2,4,4,10,Loyal Customers,True,At Risk,False,Retention Opportunity
15778,2010-10-04 15:10:00,430.90277777777777,1,307.95000000000005,1,1,2,4,Lost / Low Value,True,At Risk,False,Retention Opportunity
15779,2010-09-02 16:40:00,462.84027777777777,2,124.08,1,2,1,4,Lost / Low Value,True,At Risk,False,Retention Opportunity
15780,2011-06-09 12:01:00,183.03402777777777,3,475.28,3,3,2,8,Potential Loyalists,True,At Risk,False,Retention Opportunity
15781,2011-11-14 14:57:00,24.91180555555556,3,345.46000000000004,4,3,2,9,Potential Loyalists,False,Active,False,Standard
15782,2011-11-30 10:49:00,9.084027777777775,4,4014.1,5,3,5,13,Champions,False,Active,True,Standard
15783,2011-11-29 09:50:00,10.125,1,246.3,5,1,1,7,Potential Loyalists,False,Active,False,Standard
15784,2010-08-29 10:38:00,467.0916666666666,2,848.33,1,2,3,6,At Risk,True,At Risk,False,Retention Opportunity
15785,2011-11-07 11:33:00,32.053472222222226,16,5969.93,4,5,5,14,Champions,False,Active,True,Standard
15786,2011-10-24 14:13:00,45.94236111111111,5,8501.62,4,4,5,13,Champions,False,Active,True,Standard
15787,2011-11-13 14:55:00,25.913194444444443,3,933.26,4,3,3,10,Loyal Customers,False,Active,False,Standard
15788,2010-07-19 12:48:00,508.00138888888887,1,221.83,1,1,1,3,Lost / Low Value,True,At Risk,False,Retention Opportunity
15789,2010-12-16 14:35:00,357.9270833333333,6,1962.01,2,4,4,10,Loyal Customers,True,At Risk,False,Retention Opportunity
15790,2011-11-29 14:53:00,9.914583333333333,1,218.75,5,1,1,7,Potential Loyalists,False,Active,False,Standard
15791,2011-10-27 10:14:00,43.10833333333333,5,3608.34,4,4,5,13,Champions,False,Active,True,Standard
15792,2010-11-05 08:21:00,399.1868055555556,2,933.84,2,2,3,7,Potential Loyalists,True,At Risk,False,Retention Opportunity
15793,2011-11-25 09:31:00,14.138194444444444,8,2399.57,5,4,4,13,Champions,False,Active,True,Standard
15794,2009-12-03 13:04:00,735.9902777777778,2,777.0,1,2,3,6,At Risk,True,At Risk,False,Retention Opportunity
15795,2011-07-13 10:43:00,149.08819444444444,8,1979.87,3,4,4,11,Loyal Customers,True,At Risk,False,Retention Opportunity
15796,2011-12-08 19:55:00,0.7048611111111112,17,5171.63,5,5,5,15,Champions,False,Active,True,Standard
15797,2011-08-18 17:04:00,112.8236111111111,6,2821.08,3,4,4,11,Loyal Customers,True,At Risk,True,High Priority
15798,2010-08-04 09:13:00,492.15069444444447,3,1535.37,1,3,4,8,Potential Loyalists,True,At Risk,False,Retention Opportunity
15799,2011-09-25 12:46:00,75.00277777777778,4,1421.34,3,3,4,10,Loyal Customers,True,At Risk,False,Retention Opportunity
15800,2011-08-24 14:23:00,106.93541666666668,7,1227.07,3,4,4,11,Loyal Customers,True,At Risk,False,Retention Opportunity
15801,2011-10-24 13:52:00,45.956944444444446,3,1063.95,4,3,3,10,Loyal Customers,False,Active,False,Standard
15802,2011-07-20 11:38:00,142.05,1,451.42,3,1,2,6,At Risk,True,At Risk,False,Retention Opportunity
15803,2011-10-19 14:56:00,50.9125,4,1929.66,4,3,4,11,Loyal Customers,False,Active,False,Standard
15804,2011-12-09 12:31:00,0.0131944444444444,13,4206.39,5,5,5,15,Champions,False,Active,True,Standard
15805,2011-11-16 16:32:00,22.84583333333333,30,10148.93,4,5,5,14,Champions,False,Active,True,Standard
15806,2011-10-24 14:35:00,45.927083333333336,3,784.58,4,3,3,10,Loyal Customers,False,Active,False,Standard
15807,2011-10-20 14:10:00,49.94444444444444,5,1817.52,4,4,4,12,Loyal Customers,False,Active,False,Standard
15808,2011-02-06 14:33:00,305.92847222222224,21,17180.25,2,5,5,12,Loyal Customers,True,At Risk,True,High Priority
15809,2011-11-03 16:40:00,35.84027777777778,7,1274.44,4,4,4,12,Loyal Customers,False,Active,False,Standard
15810,2011-09-22 09:38:00,78.13333333333334,8,2999.04,3,4,5,12,Loyal Customers,True,At Risk,True,High Priority
15811,2011-11-17 15:31:00,21.888194444444444,7,3486.15,4,4,5,13,Champions,False,Active,True,Standard
15812,2011-08-24 14:19:00,106.93819444444443,12,5201.47,3,5,5,13,Champions,True,At Risk,True,High Priority
15813,2011-05-16 08:13:00,207.1923611111111,2,1303.91,2,2,4,8,Potential Loyalists,True,At Risk,False,Retention Opportunity
15814,2011-11-23 08:17:00,16.189583333333335,6,2634.44,5,4,4,13,Champions,False,Active,True,Standard
15815,2011-10-07 12:42:00,63.00555555555555,5,2100.6,3,4,4,11,Loyal Customers,True,At Risk,False,Retention Opportunity
15816,2010-06-15 13:36:00,541.9680555555556,2,144.15,1,2,1,4,Lost / Low Value,True,At Risk,False,Retention Opportunity
15817,2010-10-15 11:07:00,420.07152777777776,3,2766.4,1,3,4,8,Potential Loyalists,True,At Risk,True,High Priority
15818,2010-04-30 12:58:00,587.9944444444444,1,340.5,1,1,2,4,Lost / Low Value,True,At Risk,False,Retention Opportunity
15819,2011-10-21 14:50:00,48.91666666666666,10,3934.79,4,5,5,14,Champions,False,Active,True,Standard
15820,2011-01-24 12:00:00,319.03472222222223,1,206.98,2,1,1,4,Lost / Low Value,True,At Risk,False,Retention Opportunity
15821,2011-10-26 15:48:00,43.87638888888889,2,570.96,4,2,2,8,Potential Loyalists,False,Active,False,Standard
15822,2011-12-06 14:50:00,2.9166666666666665,6,1840.06,5,4,4,13,Champions,False,Active,False,Standard
15823,2010-12-02 15:08:00,371.9041666666666,3,3882.17,2,3,5,10,Loyal Customers,True,At Risk,True,High Priority
15824,2010-09-12 13:20:00,452.9791666666667,2,890.94,1,2,3,6,At Risk,True,At Risk,False,Retention Opportunity
15825,2011-06-20 13:27:00,171.97430555555556,1,532.94,3,1,2,6,At Risk,True,At Risk,False,Retention Opportunity
15826,2011-10-14 16:05:00,55.864583333333336,4,2598.28,4,3,4,11,Loyal Customers,False,Active,True,Standard
15827,2011-09-27 15:35:00,72.88541666666667,28,3603.14,3,5,5,13,Champions,True,At Risk,True,High Priority
15828,2010-11-29 16:41:00,374.8395833333333,1,1108.82,2,1,3,6,At Risk,True,At Risk,False,Retention Opportunity
15829,2011-09-01 16:45:00,98.83680555555556,2,636.14,3,2,3,8,Potential Loyalists,True,At Risk,False,Retention Opportunity
15830,2011-11-02 10:40:00,37.09027777777778,1,576.0,4,1,2,7,Potential Loyalists,False,Active,False,Standard
15831,2011-10-12 13:14:00,57.98333333333333,3,794.64,4,3,3,10,Loyal Customers,False,Active,False,Standard
15832,2011-03-30 15:29:00,253.8895833333333,1,836.79,2,1,3,6,At Risk,True,At Risk,False,Retention Opportunity
15833,2009-12-02 11:59:00,737.0354166666667,1,80.4,1,1,1,3,Lost / Low Value,True,At Risk,False,Retention Opportunity
15834,2011-09-30 14:41:00,69.92291666666667,7,3764.39,3,4,5,12,Loyal Customers,True,At Risk,True,High Priority
15835,2011-10-26 15:47:00,43.87708333333333,4,954.09,4,3,3,10,Loyal Customers,False,Active,False,Standard
15836,2011-10-20 17:13:00,49.81736111111111,1,137.37,4,1,1,6,At Risk,False,Active,False,Standard
15837,2011-10-06 09:01:00,64.15902777777778,2,777.01,3,2,3,8,Potential Loyalists,True,At Risk,False,Retention Opportunity
15838,2011-11-28 14:00:00,10.95138888888889,34,73205.5,5,5,5,15,Champions,False,Active,True,Standard
15839,2011-11-06 13:54:00,32.95555555555556,3,1048.49,4,3,3,10,Loyal Customers,False,Active,False,Standard
15840,2011-10-12 09:08:00,58.15416666666667,2,355.56,3,2,2,7,Potential Loyalists,False,Active,False,Standard
15841,2011-09-28 12:15:00,72.02430555555556,9,2742.41,3,5,4,12,Loyal Customers,True,At Risk,True,High Priority
15842,2010-11-11 14:08:00,392.9458333333333,2,548.8000000000001,2,2,2,6,At Risk,True,At Risk,False,Retention Opportunity
15843,2011-02-09 10:19:00,303.1048611111111,1,118.95,2,1,1,4,Lost / Low Value,True,At Risk,False,Retention Opportunity
15844,2011-10-24 15:19:00,45.89652777777778,1,130.73999999999998,4,1,1,6,At Risk,False,Active,False,Standard
15845,2011-11-22 09:42:00,17.130555555555556,11,4426.28,5,5,5,15,Champions,False,Active,True,Standard
15846,2010-11-19 14:40:00,384.9236111111111,1,107.01,2,1,1,4,Lost / Low Value,True,At Risk,False,Retention Opportunity
15847,2011-11-01 14:41:00,37.922916666666666,5,822.57,4,4,3,11,Loyal Customers,False,Active,False,Standard
15848,2010-03-28 10:54:00,621.0805555555555,1,137.99,1,1,1,3,Lost / Low Value,True,At Risk,False,Retention Opportunity
15850,2011-11-20 14:14:00,18.941666666666663,6,1006.75,5,4,3,12,Loyal Customers,False,Active,False,Standard
15851,2010-07-01 12:34:00,526.0111111111111,1,109.73,1,1,1,3,Lost / Low Value,True,At Risk,False,Retention Opportunity
15852,2011-06-06 11:22:00,186.0611111111111,3,257.26,3,3,1,7,Potential Loyalists,True,At Risk,False,Retention Opportunity
15853,2011-10-19 10:38:00,51.09166666666667,1,110.8,4,1,1,6,At Risk,False,Active,False,Standard
15854,2011-12-05 13:39:00,3.9659722222222222,21,5578.28,5,5,5,15,Champions,False,Active,True,Standard
15855,2011-07-26 10:20:00,136.10416666666666,6,1052.72,3,4,3,10,Loyal Customers,True,At Risk,False,Retention Opportunity
15856,2011-12-05 17:09:00,3.8201388888888888,52,32275.95,5,5,5,15,Champions,False,Active,True,Standard
15857,2011-11-21 12:18:00,18.022222222222226,2,570.48,5,2,2,9,Potential Loyalists,False,Active,False,Standard
15858,2011-11-24 12:48:00,15.001388888888888,13,3552.41,5,5,5,15,Champions,False,Active,True,Standard
15859,2010-10-03 12:52:00,431.99861111111113,1,438.46,1,1,2,4,Lost / Low Value,True,At Risk,False,Retention Opportunity
15860,2011-10-30 11:25:00,40.05902777777778,17,2361.3,4,5,4,13,Champions,False,Active,True,Standard
15861,2011-11-27 15:59:00,11.86875,12,4369.2,5,5,5,15,Champions,False,Active,True,Standard
15862,2011-12-01 13:28:00,7.973611111111111,13,2512.29,5,5,4,14,Champions,False,Active,True,Standard
15863,2011-11-14 12:49:00,25.000694444444445,5,355.1,4,4,2,10,Loyal Customers,False,Active,False,Standard
15864,2011-11-17 13:32:00,21.97083333333333,7,2180.76,4,4,4,12,Loyal Customers,False,Active,False,Standard
15865,2011-10-30 12:43:00,40.00486111111111,5,2241.42,4,4,4,12,Loyal Customers,False,Active,False,Standard
15866,2011-08-30 14:09:00,100.94513888888888,1,211.89,3,1,1,5,At Risk,True,At Risk,False,Retention Opportunity
15867,2011-12-04 13:32:00,4.970833333333333,31,8923.3,5,5,5,15,Champions,False,Active,True,Standard
15868,2010-05-05 14:11:00,582.94375,1,94.53,1,1,1,3,Lost / Low Value,True,At Risk,False,Retention Opportunity
15869,2011-03-07 17:23:00,276.81041666666664,3,321.11,2,3,2,7,Potential Loyalists,True,At Risk,False,Retention Opportunity
15870,2011-11-07 10:58:00,32.077777777777776,4,857.46,4,3,3,10,Loyal Customers,False,Active,False,Standard
15871,2010-09-28 14:16:00,436.9402777777778,1,33.099999999999994,1,1,1,3,Lost / Low Value,True,At Risk,False,Retention Opportunity
15872,2011-11-25 11:55:00,14.038194444444445,4,729.25,5,3,3,11,Loyal Customers,False,Active,False,Standard
15873,2010-07-28 12:41:00,499.00625,4,313.92,1,3,2,6,At Risk,True,At Risk,False,Retention Opportunity
15874,2011-10-07 12:31:00,63.01319444444445,21,11284.76,3,5,5,13,Champions,True,At Risk,True,High Priority
15875,2010-03-03 16:51:00,645.8326388888889,1,108.52,1,1,1,3,Lost / Low Value,True,At Risk,False,Retention Opportunity
15876,2010-10-26 18:58:00,408.74444444444447,2,1449.14,2,2,4,8,Potential Loyalists,True,At Risk,False,Retention Opportunity
15877,2011-12-08 11:53:00,1.0395833333333333,2,490.33,5,2,2,9,Potential Loyalists,False,Active,False,Standard
15878,2010-05-27 12:17:00,561.0229166666667,2,330.77,1,2,2,5,At Risk,True,At Risk,False,Retention Opportunity
15879,2010-10-31 16:21:00,403.8534722222222,4,1137.8,2,3,3,8,Potential Loyalists,True,At Risk,False,Retention Opportunity
15880,2010-12-05 13:00:00,368.99305555555554,1,329.03,2,1,2,5,At Risk,True,At Risk,False,Retention Opportunity
15881,2011-01-31 16:59:00,311.8270833333333,5,501.39,2,4,2,8,Potential Loyalists,True,At Risk,False,Retention Opportunity
15882,2011-05-25 11:35:00,198.05208333333331,8,1124.66,2,4,3,9,Potential Loyalists,True,At Risk,False,Retention Opportunity
15883,2011-12-07 17:05:00,1.8229166666666667,2,396.48,5,2,2,9,Potential Loyalists,False,Active,False,Standard
15884,2010-10-03 15:55:00,431.87152777777777,2,244.6,1,2,1,4,Lost / Low Value,True,At Risk,False,Retention Opportunity
15885,2011-09-08 10:43:00,92.08819444444444,15,1951.82,3,5,4,12,Loyal Customers,True,At Risk,False,Retention Opportunity
15886,2011-10-10 14:25:00,59.93402777777778,4,1052.87,3,3,3,9,Potential Loyalists,False,Active,False,Standard
15887,2010-10-29 08:36:00,406.1763888888889,3,1027.15,2,3,3,8,Potential Loyalists,True,At Risk,False,Retention Opportunity
15888,2011-09-20 12:30:00,80.01388888888889,3,429.16,3,3,2,8,Potential Loyalists,True,At Risk,False,Retention Opportunity
15889,2011-07-06 11:10:00,156.06944444444446,8,1427.6,3,4,4,11,Loyal Customers,True,At Risk,False,Retention Opportunity
15890,2010-11-10 12:46:00,394.0027777777778,5,535.65,2,4,2,8,Potential Loyalists,True,At Risk,False,Retention Opportunity
15891,2011-04-27 12:35:00,226.01041666666663,1,511.68,2,1,2,5,At Risk,True,At Risk,False,Retention Opportunity
15892,2010-02-08 16:23:00,668.8520833333333,1,128.2,1,1,1,3,Lost / Low Value,True,At Risk,False,Retention Opportunity
15893,2010-08-15 11:12:00,481.06805555555553,1,305.28000000000003,1,1,2,4,Lost / Low Value,True,At Risk,False,Retention Opportunity
15894,2011-03-31 13:50:00,252.95833333333331,2,258.25,2,2,1,5,At Risk,True,At Risk,False,Retention Opportunity
15895,2011-07-13 10:27:00,149.09930555555556,1,179.17,3,1,1,5,At Risk,True,At Risk,False,Retention Opportunity
15897,2011-05-29 13:50:00,193.95833333333331,2,208.59,2,2,1,5,At Risk,True,At Risk,False,Retention Opportunity
15898,2011-12-08 15:23:00,0.89375,25,4996.45,5,5,5,15,Champions,False,Active,True,Standard
15899,2010-12-06 10:36:00,368.0930555555556,1,56.25,2,1,1,4,Lost / Low Value,True,At Risk,False,Retention Opportunity
15900,2011-11-16 12:19:00,23.021527777777777,4,886.57,4,3,3,10,Loyal Customers,False,Active,False,Standard
15901,2011-11-23 12:43:00,16.00486111111111,7,687.72,5,4,3,12,Loyal Customers,False,Active,False,Standard
15902,2010-11-24 16:57:00,379.8284722222222,1,145.01,2,1,1,4,Lost / Low Value,True,At Risk,False,Retention Opportunity
15903,2011-11-30 08:08:00,9.195833333333333,12,8939.84,5,5,5,15,Champions,False,Active,True,Standard
15904,2011-12-01 14:50:00,7.916666666666667,1,164.68,5,1,1,7,Potential Loyalists,False,Active,False,Standard
15905,2010-06-14 16:00:00,542.8680555555555,1,114.69,1,1,1,3,Lost / Low Value,True,At Risk,False,Retention Opportunity
15906,2011-11-20 12:24:00,19.01805555555556,10,2530.19,4,5,4,13,Champions,False,Active,True,Standard
15907,2011-12-06 12:21:00,3.020138888888889,3,882.72,5,3,3,11,Loyal Customers,False,Active,False,Standard
15908,2010-08-06 11:56:00,490.0375,2,758.62,1,2,3,6,At Risk,True,At Risk,False,Retention Opportunity
15909,2011-06-19 10:38:00,173.09166666666667,1,191.94,3,1,1,5,At Risk,True,At Risk,False,Retention Opportunity
15910,2011-12-09 10:51:00,0.0826388888888888,15,2661.17,5,5,4,14,Champions,False,Active,True,Standard
15911,2010-03-26 12:06:00,623.0305555555556,8,1700.24,1,4,4,9,Potential Loyalists,True,At Risk,False,Retention Opportunity
15912,2011-06-14 14:29:00,177.93125,9,1074.7,3,5,3,11,Loyal Customers,True,At Risk,False,Retention Opportunity
15913,2010-06-23 16:31:00,533.8465277777777,1,6.300000000000001,1,1,1,3,Lost / Low Value,True,At Risk,False,Retention Opportunity
15914,2010-11-26 16:10:00,377.8611111111111,2,205.99,2,2,1,5,At Risk,True,At Risk,False,Retention Opportunity
15915,2010-11-03 11:13:00,401.0673611111111,1,364.45,2,1,2,5,At Risk,True,At Risk,False,Retention Opportunity
15916,2011-11-23 13:46:00,15.96111111111111,13,3145.24,5,5,5,15,Champions,False,Active,True,Standard
15917,2011-04-06 10:40:00,247.09027777777777,5,530.17,2,4,2,8,Potential Loyalists,True,At Risk,False,Retention Opportunity
15918,2011-06-02 11:42:00,190.04722222222225,3,582.88,2,3,2,7,Potential Loyalists,True,At Risk,False,Retention Opportunity
15919,2011-11-20 11:28:00,19.056944444444444,2,525.69,4,2,2,8,Potential Loyalists,False,Active,False,Standard
15920,2011-07-08 15:31:00,153.88819444444445,9,569.14,3,5,2,10,Loyal Customers,True,At Risk,False,Retention Opportunity
15921,2011-06-20 11:03:00,172.07430555555555,4,775.26,3,3,3,9,Potential Loyalists,True,At Risk,False,Retention Opportunity
15922,2010-12-01 13:51:00,372.9576388888889,1,369.5,2,1,2,5,At Risk,True,At Risk,False,Retention Opportunity
15923,2010-12-02 12:16:00,372.0236111111111,1,127.08,2,1,1,4,Lost / Low Value,True,At Risk,False,Retention Opportunity
15924,2009-12-08 15:00:00,730.9097222222222,1,102.82,1,1,1,3,Lost / Low Value,True,At Risk,False,Retention Opportunity
15925,2011-05-29 15:35:00,193.88541666666663,1,207.15,2,1,1,4,Lost / Low Value,True,At Risk,False,Retention Opportunity
15926,2010-06-15 15:23:00,541.89375,1,134.44,1,1,1,3,Lost / Low Value,True,At Risk,False,Retention Opportunity
15927,2010-03-02 13:25:00,646.9756944444445,1,106.54,1,1,1,3,Lost / Low Value,True,At Risk,False,Retention Opportunity
15928,2010-02-21 15:16:00,655.8986111111111,1,293.53,1,1,2,4,Lost / Low Value,True,At Risk,False,Retention Opportunity
15929,2010-03-05 14:56:00,643.9125,1,594.0,1,1,2,4,Lost / Low Value,True,At Risk,False,Retention Opportunity
15930,2011-10-03 14:52:00,66.91527777777777,1,426.63,3,1,2,6,At Risk,True,At Risk,False,Retention Opportunity
15931,2010-10-07 16:46:00,427.8361111111111,1,239.9,1,1,1,3,Lost / Low Value,True,At Risk,False,Retention Opportunity
15932,2011-12-05 17:13:00,3.817361111111111,8,2495.87,5,4,4,13,Champions,False,Active,True,Standard
15933,2011-11-18 13:14:00,20.98333333333333,3,1107.46,4,3,3,10,Loyal Customers,False,Active,False,Standard
15934,2010-10-18 10:13:00,417.1090277777778,2,2190.66,1,2,4,7,Potential Loyalists,True,At Risk,False,Retention Opportunity
15935,2011-04-14 13:27:00,238.9743055555556,2,416.86,2,2,2,6,At Risk,True,At Risk,False,Retention Opportunity
15936,2010-11-25 16:39:00,378.8409722222222,2,282.79,2,2,1,5,At Risk,True,At Risk,False,Retention Opportunity
15937,2011-10-06 15:48:00,63.87638888888889,1,145.35000000000002,3,1,1,5,At Risk,True,At Risk,False,Retention Opportunity
15938,2011-08-19 12:56:00,111.99583333333334,9,734.8100000000001,3,5,3,11,Loyal Customers,True,At Risk,False,Retention Opportunity
15939,2011-09-11 11:30:00,89.05555555555556,16,9060.39,3,5,5,13,Champions,True,At Risk,True,High Priority
15940,2011-02-01 16:18:00,310.85555555555555,1,35.8,2,1,1,4,Lost / Low Value,True,At Risk,False,Retention Opportunity
15941,2010-03-12 14:45:00,636.9201388888889,1,405.0,1,1,2,4,Lost / Low Value,True,At Risk,False,Retention Opportunity
15942,2011-07-29 09:01:00,133.15902777777777,1,337.44,3,1,2,6,At Risk,True,At Risk,False,Retention Opportunity
15943,2010-02-28 12:49:00,649.0006944444444,2,271.29,1,2,1,4,Lost / Low Value,True,At Risk,False,Retention Opportunity
15944,2011-03-08 10:33:00,276.09513888888887,4,2164.24,2,3,4,9,Potential Loyalists,True,At Risk,False,Retention Opportunity
15945,2010-12-09 13:14:00,364.98333333333335,4,646.27,2,4,3,9,Potential Loyalists,True,At Risk,False,Retention Opportunity
15946,2010-07-25 12:18:00,502.02222222222224,3,2304.18,1,3,4,8,Potential Loyalists,True,At Risk,True,High Priority
15947,2011-09-18 10:46:00,82.08611111111111,1,1708.24,3,1,4,8,Potential Loyalists,True,At Risk,False,Retention Opportunity
15948,2011-12-01 15:32:00,7.8875,3,1509.09,5,3,4,12,Loyal Customers,False,Active,False,Standard
15949,2011-11-23 09:09:00,16.153472222222224,2,364.72,5,2,2,9,Potential Loyalists,False,Active,False,Standard
15950,2011-11-08 11:09:00,31.070138888888888,10,7120.91,4,5,5,14,Champions,False,Active,True,Standard
15951,2011-12-01 08:34:00,8.177777777777777,3,1013.17,5,3,3,11,Loyal Customers,False,Active,False,Standard
15952,2011-11-06 11:18:00,33.06388888888889,4,781.91,4,4,3,11,Loyal Customers,False,Active,False,Standard
15953,2011-11-24 15:32:00,14.8875,18,3440.34,5,5,5,15,Champions,False,Active,True,Standard
15954,2010-04-29 13:35:00,588.96875,1,190.75,1,1,1,3,Lost / Low Value,True,At Risk,False,Retention Opportunity
15955,2011-11-15 14:15:00,23.94097222222222,22,8085.98,4,5,5,14,Champions,False,Active,True,Standard
15956,2010-06-06 13:06:00,550.9888888888889,2,617.6,1,2,3,6,At Risk,True,At Risk,False,Retention Opportunity
15957,2011-11-08 12:14:00,31.025,3,921.25,4,3,3,10,Loyal Customers,False,Active,False,Standard
15958,2011-09-26 13:41:00,73.96458333333334,4,462.12,3,4,2,9,Potential Loyalists,True,At Risk,False,Retention Opportunity
15959,2010-01-26 16:38:00,681.8416666666667,3,542.89,1,3,2,6,At Risk,True,At Risk,False,Retention Opportunity
15960,2010-11-30 15:57:00,373.8701388888889,4,410.95,2,4,2,8,Potential Loyalists,True,At Risk,False,Retention Opportunity
15961,2010-11-25 15:59:00,378.86875,1,451.29,2,1,2,5,At Risk,True,At Risk,False,Retention Opportunity
15962,2010-09-16 13:48:00,448.95972222222224,1,289.48,1,1,2,4,Lost / Low Value,True,At Risk,False,Retention Opportunity
15963,2011-11-20 11:33:00,19.053472222222226,2,470.76,4,2,2,8,Potential Loyalists,False,Active,False,Standard
15964,2010-02-14 15:30:00,662.8888888888889,1,269.21000000000004,1,1,1,3,Lost / Low Value,True,At Risk,False,Retention Opportunity
15965,2011-11-22 16:44:00,16.8375,13,2771.94,5,5,4,14,Champions,False,Active,True,Standard
15966,2010-09-15 10:44:00,450.0875,1,426.53,1,1,2,4,Lost / Low Value,True,At Risk,False,Retention Opportunity
15967,2011-11-16 15:41:00,22.88125,12,2966.0,4,5,5,14,Champions,False,Active,True,Standard
15968,2010-11-16 13:04:00,387.9902777777778,1,404.55,2,1,2,5,At Risk,True,At Risk,False,Retention Opportunity
15969,2011-12-07 11:06:00,2.0722222222222224,5,1127.05,5,4,3,12,Loyal Customers,False,Active,False,Standard
15970,2011-02-09 12:08:00,303.02916666666664,2,1017.32,2,2,3,7,Potential Loyalists,True,At Risk,False,Retention Opportunity
15971,2011-11-22 12:50:00,17.0,18,5902.83,5,5,5,15,Champions,False,Active,True,Standard
15972,2010-09-09 13:20:00,455.9791666666667,5,1769.33,1,4,4,9,Potential Loyalists,True,At Risk,False,Retention Opportunity
15973,2010-12-08 11:42:00,366.0472222222222,3,680.62,2,3,3,8,Potential Loyalists,True,At Risk,False,Retention Opportunity
15974,2011-10-31 13:13:00,38.984027777777776,7,3442.15,4,4,5,13,Champions,False,Active,True,Standard
15975,2011-09-16 13:33:00,83.97013888888888,1,371.01,3,1,2,6,At Risk,True,At Risk,False,Retention Opportunity
15976,2011-06-27 13:00:00,164.99305555555554,6,1694.41,3,4,4,11,Loyal Customers,True,At Risk,False,Retention Opportunity
15977,2011-11-22 13:29:00,16.972916666666666,2,1054.73,5,2,3,10,Loyal Customers,False,Active,False,Standard
15978,2011-09-23 15:21:00,76.8951388888889,3,3279.42,3,3,5,11,Loyal Customers,True,At Risk,True,High Priority
15979,2010-04-16 11:35:00,602.0520833333334,1,329.22,1,1,2,4,Lost / Low Value,True,At Risk,False,Retention Opportunity
15980,2011-09-12 09:41:00,88.13125,7,6543.68,3,4,5,12,Loyal Customers,True,At Risk,True,High Priority
15981,2011-11-15 08:00:00,24.20138888888889,21,9362.77,4,5,5,14,Champions,False,Active,True,Standard
15982,2010-04-13 15:47:00,604.8770833333333,1,324.51,1,1,2,4,Lost / Low Value,True,At Risk,False,Retention Opportunity
15983,2011-11-17 17:34:00,21.802777777777777,8,3110.37,4,4,5,13,Champions,False,Active,True,Standard
15984,2011-12-07 12:16:00,2.0236111111111112,30,8393.02,5,5,5,15,Champions,False,Active,True,Standard
15985,2011-08-08 16:31:00,122.84652777777778,7,2715.28,3,4,4,11,Loyal Customers,True,At Risk,True,High Priority
15986,2011-11-09 15:17:00,29.897916666666667,2,354.42,4,2,2,8,Potential Loyalists,False,Active,False,Standard
15987,2011-11-27 15:38:00,11.883333333333333,8,1535.99,5,4,4,13,Champions,False,Active,False,Standard
15988,2011-11-20 13:23:00,18.977083333333333,3,738.89,4,3,3,10,Loyal Customers,False,Active,False,Standard
15989,2010-11-29 12:03:00,375.03263888888887,2,368.31,2,2,2,6,At Risk,True,At Risk,False,Retention Opportunity
15990,2011-10-26 15:58:00,43.86944444444445,7,1997.75,4,4,4,12,Loyal Customers,False,Active,False,Standard
15991,2010-06-23 15:50:00,533.875,1,150.55,1,1,1,3,Lost / Low Value,True,At Risk,False,Retention Opportunity
15992,2011-12-06 11:00:00,3.076388888888889,3,896.6,5,3,3,11,Loyal Customers,False,Active,False,Standard
15993,2011-12-01 10:45:00,8.086805555555555,7,2777.67,5,4,4,13,Champions,False,Active,True,Standard
15994,2011-10-16 12:28:00,54.015277777777776,3,1175.68,4,3,3,10,Loyal Customers,False,Active,False,Standard
15995,2010-10-21 13:57:00,413.9534722222222,1,694.54,1,1,3,5,At Risk,True,At Risk,False,Retention Opportunity
15996,2011-09-12 15:14:00,87.9,7,1386.4,3,4,4,11,Loyal Customers,True,At Risk,False,Retention Opportunity
15998,2011-11-03 12:45:00,36.00347222222222,16,8274.14,4,5,5,14,Champions,False,Active,True,Standard
15999,2009-12-04 12:31:00,735.0131944444445,1,20.4,1,1,1,3,Lost / Low Value,True,At Risk,False,Retention Opportunity
16000,2011-12-07 12:17:00,2.0229166666666667,3,12393.7,5,3,5,13,Champions,False,Active,True,Standard
16001,2010-11-23 17:10:00,380.81944444444446,1,583.39,2,1,2,5,At Risk,True,At Risk,False,Retention Opportunity
16002,2010-03-24 13:08:00,624.9875,1,169.21,1,1,1,3,Lost / Low Value,True,At Risk,False,Retention Opportunity
16003,2011-11-10 09:57:00,29.12013888888889,10,5613.83,4,5,5,14,Champions,False,Active,True,Standard
16004,2010-08-22 11:48:00,474.0430555555556,5,2146.39,1,4,4,9,Potential Loyalists,True,At Risk,False,Retention Opportunity
16005,2011-11-27 13:47:00,11.960416666666667,10,2365.49,5,5,4,14,Champions,False,Active,True,Standard
16006,2011-05-12 13:12:00,210.98472222222225,2,332.82,2,2,2,6,At Risk,True,At Risk,False,Retention Opportunity
16007,2011-10-23 11:05:00,47.07291666666666,7,3053.06,4,4,5,13,Champions,False,Active,True,Standard
16008,2011-11-16 10:32:00,23.09583333333333,15,5339.13,4,5,5,14,Champions,False,Active,True,Standard
16009,2011-11-17 16:51:00,21.832638888888887,4,972.11,4,4,3,11,Loyal Customers,False,Active,False,Standard
16010,2011-04-08 10:14:00,245.1083333333333,11,1694.86,2,5,4,11,Loyal Customers,True,At Risk,False,Retention Opportunity
16011,2011-12-01 16:31:00,7.846527777777778,29,5601.01,5,5,5,15,Champions,False,Active,True,Standard
16012,2011-11-04 13:25:00,34.97569444444444,5,2978.59,4,4,5,13,Champions,False,Active,True,Standard
16013,2011-12-06 10:36:00,3.0930555555555554,84,56078.44,5,5,5,15,Champions,False,Active,True,Standard
16014,2011-11-02 12:04:00,37.03194444444444,5,1100.28,4,4,3,11,Loyal Customers,False,Active,False,Standard
16015,2011-12-06 10:58:00,3.077777777777778,3,704.55,5,3,3,11,Loyal Customers,False,Active,False,Standard
16016,2011-12-06 14:35:00,2.927083333333333,11,2083.4,5,5,4,14,Champions,False,Active,False,Standard
16017,2011-10-23 12:56:00,46.99583333333333,5,1545.58,4,4,4,12,Loyal Customers,False,Active,False,Standard
16018,2011-10-31 14:13:00,38.94236111111111,4,698.13,4,4,3,11,Loyal Customers,False,Active,False,Standard
16019,2011-10-24 11:51:00,46.04097222222222,27,17329.16,4,5,5,14,Champions,False,Active,True,Standard
16020,2011-11-23 11:18:00,16.06388888888889,3,851.01,5,3,3,11,Loyal Customers,False,Active,False,Standard
16021,2010-11-09 14:48:00,394.9180555555556,2,487.03,2,2,2,6,At Risk,True,At Risk,False,Retention Opportunity
16022,2011-03-24 13:16:00,259.9819444444444,1,602.63,2,1,2,5,At Risk,True,At Risk,False,Retention Opportunity
16023,2011-10-24 16:34:00,45.84444444444444,3,719.81,4,3,3,10,Loyal Customers,False,Active,False,Standard
16024,2011-11-27 13:26:00,11.975,3,483.99,5,3,2,10,Loyal Customers,False,Active,False,Standard
16025,2011-11-10 11:45:00,29.04513888888889,1,439.66,4,1,2,7,Potential Loyalists,False,Active,False,Standard
16026,2011-10-27 13:53:00,42.95625,1,236.09,4,1,1,6,At Risk,False,Active,False,Standard
16027,2011-09-09 10:47:00,91.08541666666666,15,2048.36,3,5,4,12,Loyal Customers,True,At Risk,False,Retention Opportunity
16028,2010-04-23 11:45:00,595.0451388888889,1,82.2,1,1,1,3,Lost / Low Value,True,At Risk,False,Retention Opportunity
16029,2011-11-01 10:27:00,38.09930555555555,107,117763.62,4,5,5,14,Champions,False,Active,True,Standard
16030,2011-02-03 11:28:00,309.05694444444447,1,331.24,2,1,2,5,At Risk,True,At Risk,False,Retention Opportunity
16031,2011-09-08 13:07:00,91.98819444444445,2,547.9,3,2,2,7,Potential Loyalists,True,At Risk,False,Retention Opportunity
16032,2010-09-09 18:00:00,455.78472222222223,6,1965.72,1,4,4,9,Potential Loyalists,True,At Risk,False,Retention Opportunity
16033,2011-12-04 12:44:00,5.004166666666666,27,10608.81,5,5,5,15,Champions,False,Active,True,Standard
16034,2011-05-27 16:17:00,195.85625,6,911.32,2,4,3,9,Potential Loyalists,True,At Risk,False,Retention Opportunity
16035,2010-05-28 15:09:00,559.9034722222223,1,217.73,1,1,1,3,Lost / Low Value,True,At Risk,False,Retention Opportunity
16036,2011-09-13 14:53:00,86.91458333333334,4,2556.84,3,4,4,11,Loyal Customers,True,At Risk,True,High Priority
16037,2011-03-15 09:13:00,269.15069444444447,5,1509.34,2,4,4,10,Loyal Customers,True,At Risk,False,Retention Opportunity
16038,2011-12-02 12:40:00,7.006944444444445,3,471.78,5,3,2,10,Loyal Customers,False,Active,False,Standard
16039,2010-10-12 10:44:00,423.0875,2,456.4,1,2,2,5,At Risk,True,At Risk,False,Retention Opportunity
16040,2011-10-05 13:47:00,64.96041666666666,7,2416.9,3,4,4,11,Loyal Customers,True,At Risk,True,High Priority
16041,2011-11-09 12:25:00,30.01736111111111,3,3166.4,4,3,5,12,Loyal Customers,False,Active,True,Standard
16042,2011-11-17 17:50:00,21.791666666666668,8,2245.32,4,4,4,12,Loyal Customers,False,Active,False,Standard
16043,2011-11-02 12:50:00,37.0,8,1856.59,4,4,4,12,Loyal Customers,False,Active,False,Standard
16044,2010-09-30 18:12:00,434.7763888888889,1,340.84000000000003,1,1,2,4,Lost / Low Value,True,At Risk,False,Retention Opportunity
16045,2011-08-12 12:41:00,119.00625,8,3434.93,3,4,5,12,Loyal Customers,True,At Risk,True,High Priority
16046,2010-05-26 13:18:00,561.9805555555556,1,235.78,1,1,1,3,Lost / Low Value,True,At Risk,False,Retention Opportunity
16047,2010-01-26 16:34:00,681.8444444444444,1,107.14,1,1,1,3,Lost / Low Value,True,At Risk,False,Retention Opportunity
16048,2010-12-01 15:28:00,372.8902777777778,4,818.7900000000001,2,4,3,9,Potential Loyalists,True,At Risk,False,Retention Opportunity
16049,2011-10-30 13:19:00,39.97986111111111,6,1852.15,4,4,4,12,Loyal Customers,False,Active,False,Standard
16050,2011-06-19 11:44:00,173.04583333333332,3,300.7,3,3,2,8,Potential Loyalists,True,At Risk,False,Retention Opportunity
16051,2010-01-27 09:38:00,681.1333333333333,1,188.44,1,1,1,3,Lost / Low Value,True,At Risk,False,Retention Opportunity
16052,2011-10-16 15:13:00,53.90069444444445,1,362.06,4,1,2,7,Potential Loyalists,False,Active,False,Standard
16053,2011-11-07 11:21:00,32.06180555555556,6,3634.84,4,4,5,13,Champions,False,Active,True,Standard
16054,2011-07-17 13:08:00,144.9875,4,2111.88,3,4,4,11,Loyal Customers,True,At Risk,False,Retention Opportunity
16055,2011-05-03 09:26:00,220.14166666666668,1,134.8,2,1,1,4,Lost / Low Value,True,At Risk,False,Retention Opportunity
16056,2011-10-25 15:19:00,44.89652777777778,1,650.75,4,1,3,8,Potential Loyalists,False,Active,False,Standard
16057,2011-11-23 15:23:00,15.89375,10,3854.85,5,5,5,15,Champions,False,Active,True,Standard
16058,2010-10-29 16:48:00,405.83472222222224,1,62.7,2,1,1,4,Lost / Low Value,True,At Risk,False,Retention Opportunity
16059,2011-10-05 09:56:00,65.12083333333334,12,3053.57,3,5,5,13,Champions,True,At Risk,True,High Priority
16060,2010-11-04 12:10:00,400.02777777777777,3,541.95,2,3,2,7,Potential Loyalists,True,At Risk,False,Retention Opportunity
16061,2010-10-04 15:29:00,430.88958333333335,1,89.65,1,1,1,3,Lost / Low Value,True,At Risk,False,Retention Opportunity
16062,2011-11-30 12:15:00,9.024305555555555,8,2863.45,5,5,4,14,Champions,False,Active,True,Standard
16063,2011-03-24 14:56:00,259.9125,1,335.32,2,1,2,5,At Risk,True,At Risk,False,Retention Opportunity
16064,2009-12-14 16:11:00,724.8604166666667,1,109.31,1,1,1,3,Lost / Low Value,True,At Risk,False,Retention Opportunity
16065,2010-12-09 13:03:00,364.99097222222224,8,1992.13,2,5,4,11,Loyal Customers,True,At Risk,False,Retention Opportunity
16066,2011-11-23 11:54:00,16.038888888888888,5,1521.04,5,4,4,13,Champions,False,Active,False,Standard
16067,2010-05-26 12:33:00,562.0118055555556,3,3269.11,1,3,5,9,Potential Loyalists,True,At Risk,True,High Priority
16068,2010-04-25 11:52:00,593.0402777777778,1,115.73,1,1,1,3,Lost / Low Value,True,At Risk,False,Retention Opportunity
16069,2010-10-18 10:32:00,417.09583333333336,1,457.7,1,1,2,4,Lost / Low Value,True,At Risk,False,Retention Opportunity
16070,2011-11-17 15:50:00,21.875,2,852.15,4,2,3,9,Potential Loyalists,False,Active,False,Standard
16071,2011-10-26 11:14:00,44.06666666666667,4,1076.8,4,4,3,11,Loyal Customers,False,Active,False,Standard
16072,2011-02-24 14:32:00,287.9291666666667,4,4180.09,2,4,5,11,Loyal Customers,True,At Risk,True,High Priority
16073,2011-02-15 15:41:00,296.88125,1,122.4,2,1,1,4,Lost / Low Value,True,At Risk,False,Retention Opportunity
16074,2010-11-14 13:19:00,389.9798611111111,1,252.5,2,1,1,4,Lost / Low Value,True,At Risk,False,Retention Opportunity
16075,2010-07-25 11:31:00,502.0548611111111,2,736.9300000000001,1,2,3,6,At Risk,True,At Risk,False,Retention Opportunity
16076,2011-12-06 14:59:00,2.910416666666667,10,2234.73,5,5,4,14,Champions,False,Active,False,Standard
16077,2010-03-24 10:42:00,625.0888888888888,1,2300.4,1,1,4,6,At Risk,True,At Risk,True,High Priority
16078,2011-03-01 09:47:00,283.12708333333336,2,362.99,2,2,2,6,At Risk,True,At Risk,False,Retention Opportunity
16079,2011-11-23 12:48:00,16.00138888888889,3,1352.0,5,3,4,12,Loyal Customers,False,Active,False,Standard
16080,2011-09-19 10:42:00,81.08888888888889,4,602.5600000000001,3,4,2,9,Potential Loyalists,True,At Risk,False,Retention Opportunity
16081,2011-10-14 13:06:00,55.98888888888889,8,4278.96,4,5,5,14,Champions,False,Active,True,Standard
16082,2010-02-07 15:16:00,669.8986111111111,1,106.75,1,1,1,3,Lost / Low Value,True,At Risk,False,Retention Opportunity
16083,2011-08-31 10:47:00,100.08541666666666,4,2351.42,3,4,4,11,Loyal Customers,True,At Risk,True,High Priority
16084,2011-02-13 16:05:00,298.8645833333333,1,436.18,2,1,2,5,At Risk,True,At Risk,False,Retention Opportunity
16085,2011-11-16 13:24:00,22.976388888888888,12,2341.03,4,5,4,13,Champions,False,Active,True,Standard
16086,2011-10-11 13:09:00,58.98680555555556,10,2687.73,3,5,4,12,Loyal Customers,False,Active,True,Standard
16087,2010-11-15 16:44:00,388.8375,5,1739.92,2,4,4,10,Loyal Customers,True,At Risk,False,Retention Opportunity
16088,2010-05-13 10:16:00,575.1069444444445,2,1437.43,1,2,4,7,Potential Loyalists,True,At Risk,False,Retention Opportunity
16089,2010-11-18 13:51:00,385.9576388888889,2,263.49,2,2,1,5,At Risk,True,At Risk,False,Retention Opportunity
16090,2010-03-25 13:05:00,623.9895833333334,1,180.56,1,1,1,3,Lost / Low Value,True,At Risk,False,Retention Opportunity
16091,2011-07-08 08:45:00,154.17013888888889,2,315.06,3,2,2,7,Potential Loyalists,True,At Risk,False,Retention Opportunity
16092,2011-08-17 10:46:00,114.08611111111112,6,1587.94,3,4,4,11,Loyal Customers,True,At Risk,False,Retention Opportunity
16093,2011-08-25 11:09:00,106.07013888888888,1,17.0,3,1,1,5,At Risk,True,At Risk,False,Retention Opportunity
16094,2011-11-28 12:45:00,11.00347222222222,11,3695.56,5,5,5,15,Champions,False,Active,True,Standard
16095,2010-09-09 16:54:00,455.8305555555556,1,447.05,1,1,2,4,Lost / Low Value,True,At Risk,False,Retention Opportunity
16096,2011-03-20 13:38:00,263.96666666666664,4,1584.97,2,4,4,10,Loyal Customers,True,At Risk,False,Retention Opportunity
16097,2011-04-13 13:47:00,239.96041666666667,1,185.05,2,1,1,4,Lost / Low Value,True,At Risk,False,Retention Opportunity
16098,2011-09-13 09:59:00,87.11875,14,4010.7,3,5,5,13,Champions,True,At Risk,True,High Priority
16099,2011-10-20 13:13:00,49.984027777777776,7,1573.2,4,4,4,12,Loyal Customers,False,Active,False,Standard
16100,2010-09-03 11:39:00,462.0493055555556,1,582.64,1,1,2,4,Lost / Low Value,True,At Risk,False,Retention Opportunity
16101,2011-09-30 10:18:00,70.10555555555555,4,3229.16,3,4,5,12,Loyal Customers,True,At Risk,True,High Priority
16102,2011-10-28 13:19:00,41.97986111111111,3,1842.14,4,3,4,11,Loyal Customers,False,Active,False,Standard
16103,2011-12-02 14:16:00,6.940277777777778,22,6191.71,5,5,5,15,Champions,False,Active,True,Standard
16104,2011-10-09 10:23:00,61.10208333333333,9,2774.46,3,5,4,12,Loyal Customers,True,At Risk,True,High Priority
16105,2011-04-05 10:13:00,248.10902777777775,5,2386.19,2,4,4,10,Loyal Customers,True,At Risk,True,High Priority
16106,2011-10-05 10:37:00,65.09236111111112,1,108.38,3,1,1,5,At Risk,True,At Risk,False,Retention Opportunity
16107,2011-11-22 09:40:00,17.131944444444443,7,3204.1600000000003,5,4,5,14,Champions,False,Active,True,Standard
16108,2011-09-16 11:48:00,84.04305555555555,4,2235.92,3,4,4,11,Loyal Customers,True,At Risk,False,Retention Opportunity
16109,2011-05-05 09:17:00,218.14791666666667,3,939.48,2,3,3,8,Potential Loyalists,True,At Risk,False,Retention Opportunity
16110,2011-10-25 14:35:00,44.927083333333336,4,1781.59,4,4,4,12,Loyal Customers,False,Active,False,Standard
16111,2010-10-07 19:51:00,427.7076388888889,1,549.33,1,1,2,4,Lost / Low Value,True,At Risk,False,Retention Opportunity
16112,2011-07-19 14:28:00,142.93194444444444,4,195.74,3,4,1,8,Potential Loyalists,True,At Risk,False,Retention Opportunity
16113,2011-06-09 16:16:00,182.85694444444445,1,161.38,3,1,1,5,At Risk,True,At Risk,False,Retention Opportunity
16114,2011-06-22 10:13:00,170.10902777777778,1,135.75000000000003,3,1,1,5,At Risk,True,At Risk,False,Retention Opportunity
16115,2011-11-30 11:32:00,9.054166666666667,12,2553.8,5,5,4,14,Champions,False,Active,True,Standard
16116,2011-05-12 12:01:00,211.03402777777777,1,612.78,2,1,3,6,At Risk,True,At Risk,False,Retention Opportunity
16117,2011-06-03 11:42:00,189.04722222222225,3,654.4,2,3,3,8,Potential Loyalists,True,At Risk,False,Retention Opportunity
16118,2010-02-25 09:40:00,652.1319444444445,1,4376.25,1,1,5,7,Potential Loyalists,True,At Risk,True,High Priority
16119,2011-12-01 15:11:00,7.902083333333334,8,1720.81,5,5,4,14,Champions,False,Active,False,Standard
16120,2011-10-11 14:22:00,58.93611111111111,6,2967.51,3,4,5,12,Loyal Customers,False,Active,True,Standard
16121,2011-10-13 12:59:00,56.99375,5,1450.04,4,4,4,12,Loyal Customers,False,Active,False,Standard
16122,2011-09-27 15:34:00,72.8861111111111,6,895.62,3,4,3,10,Loyal Customers,True,At Risk,False,Retention Opportunity
16123,2011-10-19 09:18:00,51.14722222222223,1,307.78000000000003,4,1,2,7,Potential Loyalists,False,Active,False,Standard
16124,2011-01-26 14:45:00,316.9201388888889,4,1772.49,2,4,4,10,Loyal Customers,True,At Risk,False,Retention Opportunity
16125,2010-12-07 15:48:00,366.87638888888887,14,4292.35,2,5,5,12,Loyal Customers,True,At Risk,True,High Priority
16126,2011-11-10 16:03:00,28.865972222222226,15,14644.6,4,5,5,14,Champions,False,Active,True,Standard
16127,2011-10-31 13:58:00,38.952777777777776,2,801.3100000000001,4,2,3,9,Potential Loyalists,False,Active,False,Standard
16128,2011-11-22 11:14:00,17.066666666666666,11,3801.05,5,5,5,15,Champions,False,Active,True,Standard
16129,2010-10-28 14:29:00,406.93125,3,1396.05,2,3,4,9,Potential Loyalists,True,At Risk,False,Retention Opportunity
16130,2010-10-13 15:14:00,421.9,4,987.48,1,4,3,8,Potential Loyalists,True,At Risk,False,Retention Opportunity
16131,2011-10-19 11:53:00,51.03958333333333,12,9957.42,4,5,5,14,Champions,False,Active,True,Standard
16132,2010-06-13 13:49:00,543.9590277777778,2,664.1999999999999,1,2,3,6,At Risk,True,At Risk,False,Retention Opportunity
16133,2011-12-06 11:24:00,3.0597222222222222,56,22992.26,5,5,5,15,Champions,False,Active,True,Standard
16134,2011-11-18 10:05:00,21.11458333333333,5,2145.34,4,4,4,12,Loyal Customers,False,Active,False,Standard
16135,2011-03-22 12:30:00,262.0138888888889,2,819.45,2,2,3,7,Potential Loyalists,True,At Risk,False,Retention Opportunity
16136,2011-10-11 09:10:00,59.15277777777778,4,946.8,3,4,3,10,Loyal Customers,False,Active,False,Standard
16137,2010-01-28 15:04:00,679.9069444444444,1,422.7,1,1,2,4,Lost / Low Value,True,At Risk,False,Retention Opportunity
16138,2010-11-26 12:13:00,378.02569444444447,3,910.35,2,3,3,8,Potential Loyalists,True,At Risk,False,Retention Opportunity
16139,2011-11-21 08:37:00,18.17569444444445,5,1111.15,5,4,3,12,Loyal Customers,False,Active,False,Standard
16140,2011-10-05 12:15:00,65.02430555555556,3,1433.46,3,3,4,10,Loyal Customers,True,At Risk,False,Retention Opportunity
16141,2011-09-12 13:11:00,87.98541666666667,2,955.94,3,2,3,8,Potential Loyalists,True,At Risk,False,Retention Opportunity
16142,2011-04-04 10:16:00,249.10694444444445,1,535.34,2,1,2,5,At Risk,True,At Risk,False,Retention Opportunity
16143,2011-12-06 14:13:00,2.942361111111111,12,4555.08,5,5,5,15,Champions,False,Active,True,Standard
16144,2011-04-07 10:09:00,246.11180555555555,1,175.2,2,1,1,4,Lost / Low Value,True,At Risk,False,Retention Opportunity
16145,2011-12-01 10:33:00,8.095138888888888,19,6805.4400000000005,5,5,5,15,Champions,False,Active,True,Standard
16146,2011-07-05 14:20:00,156.9375,4,946.38,3,4,3,10,Loyal Customers,True,At Risk,False,Retention Opportunity
16147,2011-07-29 09:57:00,133.1201388888889,5,2398.91,3,4,4,11,Loyal Customers,True,At Risk,True,High Priority
16148,2011-02-16 14:01:00,295.9506944444444,2,386.62,2,2,2,6,At Risk,True,At Risk,False,Retention Opportunity
16149,2011-12-05 11:29:00,4.05625,3,422.22,5,3,2,10,Loyal Customers,False,Active,False,Standard
16150,2011-10-28 12:39:00,42.00763888888889,10,4002.17,4,5,5,14,Champions,False,Active,True,Standard
16152,2011-03-16 09:47:00,268.12708333333336,1,1829.04,2,1,4,7,Potential Loyalists,True,At Risk,False,Retention Opportunity
16153,2011-10-21 10:50:00,49.083333333333336,11,5133.49,4,5,5,14,Champions,False,Active,True,Standard
16155,2010-11-23 12:03:00,381.03263888888887,5,796.9,2,4,3,9,Potential Loyalists,True,At Risk,False,Retention Opportunity
16156,2011-12-01 12:42:00,8.005555555555556,20,6188.18,5,5,5,15,Champions,False,Active,True,Standard
16157,2011-11-24 11:41:00,15.047916666666667,3,656.69,5,3,3,11,Loyal Customers,False,Active,False,Standard
16158,2010-07-05 13:55:00,521.9548611111111,9,628.32,1,5,3,9,Potential Loyalists,True,At Risk,False,Retention Opportunity
16159,2011-03-03 12:27:00,281.0159722222222,4,1232.79,2,4,4,10,Loyal Customers,True,At Risk,False,Retention Opportunity
16160,2011-10-05 14:19:00,64.93819444444445,2,1025.44,3,2,3,8,Potential Loyalists,True,At Risk,False,Retention Opportunity
16161,2011-12-08 12:10:00,1.0277777777777777,43,12580.06,5,5,5,15,Champions,False,Active,True,Standard
16162,2011-04-01 15:03:00,251.9076388888889,1,37.4,2,1,1,4,Lost / Low Value,True,At Risk,False,Retention Opportunity
16163,2011-04-21 15:15:00,231.89930555555557,6,2407.98,2,4,4,10,Loyal Customers,True,At Risk,True,High Priority
16164,2011-11-22 15:04:00,16.906944444444445,3,822.48,5,3,3,11,Loyal Customers,False,Active,False,Standard
16165,2010-07-22 14:17:00,504.93958333333336,1,79.9,1,1,1,3,Lost / Low Value,True,At Risk,False,Retention Opportunity
16166,2010-10-07 15:44:00,427.87916666666666,2,435.83,1,2,2,5,At Risk,True,At Risk,False,Retention Opportunity
16167,2010-10-21 15:33:00,413.8868055555556,5,1386.12,1,4,4,9,Potential Loyalists,True,At Risk,False,Retention Opportunity
16168,2011-11-29 12:45:00,10.00347222222222,66,10360.67,5,5,5,15,Champions,False,Active,True,Standard
16169,2011-12-01 15:28:00,7.8902777777777775,4,1822.97,5,4,4,13,Champions,False,Active,False,Standard
16170,2011-10-20 08:21:00,50.18680555555556,20,6869.0,4,5,5,14,Champions,False,Active,True,Standard
16171,2011-10-11 14:51:00,58.91597222222222,1,73.19999999999999,3,1,1,5,At Risk,False,Active,False,Standard
16172,2011-09-05 13:22:00,94.97777777777776,8,1884.55,3,5,4,12,Loyal Customers,True,At Risk,False,Retention Opportunity
16173,2011-11-24 10:53:00,15.08125,6,1418.32,5,4,4,13,Champions,False,Active,False,Standard
16174,2011-08-05 13:26:00,125.975,7,2246.75,3,4,4,11,Loyal Customers,True,At Risk,False,Retention Opportunity
16175,2011-09-06 14:32:00,93.92916666666666,7,1836.44,3,4,4,11,Loyal Customers,True,At Risk,False,Retention Opportunity
16176,2010-10-14 13:54:00,420.9555555555556,4,2052.69,1,4,4,9,Potential Loyalists,True,At Risk,False,Retention Opportunity
16177,2011-10-20 12:57:00,49.99513888888889,8,2247.31,4,5,4,13,Champions,False,Active,False,Standard
16178,2011-07-24 16:05:00,137.86458333333334,2,612.6,3,2,3,8,Potential Loyalists,True,At Risk,False,Retention Opportunity
16179,2011-10-10 09:41:00,60.13125,1,215.83,3,1,1,5,At Risk,True,At Risk,False,Retention Opportunity
16180,2011-08-31 16:28:00,99.84861111111113,13,16249.87,3,5,5,13,Champions,True,At Risk,True,High Priority
16181,2011-09-27 13:38:00,72.96666666666667,1,305.54,3,1,2,6,At Risk,True,At Risk,False,Retention Opportunity
16182,2011-09-28 13:23:00,71.97708333333334,9,9971.65,3,5,5,13,Champions,True,At Risk,True,High Priority
16183,2011-10-03 14:59:00,66.91041666666666,4,1077.81,3,4,3,10,Loyal Customers,True,At Risk,False,Retention Opportunity
16184,2011-10-06 17:43:00,63.796527777777776,6,1158.79,3,4,3,10,Loyal Customers,True,At Risk,False,Retention Opportunity
16185,2011-11-23 09:41:00,16.13125,3,644.72,5,3,3,11,Loyal Customers,False,Active,False,Standard
16186,2011-11-17 12:43:00,22.00486111111111,26,8718.43,4,5,5,14,Champions,False,Active,True,Standard
16187,2011-11-08 09:50:00,31.125,15,6911.4400000000005,4,5,5,14,Champions,False,Active,True,Standard
16188,2011-10-26 12:19:00,44.02152777777778,5,1087.66,4,4,3,11,Loyal Customers,False,Active,False,Standard
16189,2011-11-24 11:47:00,15.04375,2,215.48,5,2,1,8,Potential Loyalists,False,Active,False,Standard
16190,2011-10-30 15:59:00,39.86875,8,2723.55,4,5,4,13,Champions,False,Active,True,Standard
16191,2011-12-07 11:26:00,2.058333333333333,24,15677.820000000002,5,5,5,15,Champions,False,Active,True,Standard
16192,2009-12-04 12:28:00,735.0152777777778,1,351.3,1,1,2,4,Lost / Low Value,True,At Risk,False,Retention Opportunity
16193,2011-04-17 11:45:00,236.04513888888889,2,630.4300000000001,2,2,3,7,Potential Loyalists,True,At Risk,False,Retention Opportunity
16194,2010-11-29 13:28:00,374.9736111111111,1,308.6,2,1,2,5,At Risk,True,At Risk,False,Retention Opportunity
16195,2009-12-16 14:09:00,722.9451388888889,1,323.25,1,1,2,4,Lost / Low Value,True,At Risk,False,Retention Opportunity
16196,2010-08-08 11:40:00,488.0486111111111,1,93.3,1,1,1,3,Lost / Low Value,True,At Risk,False,Retention Opportunity
16197,2010-08-27 12:56:00,468.9958333333333,9,2016.71,1,5,4,10,Loyal Customers,True,At Risk,False,Retention Opportunity
16198,2011-09-25 14:58:00,74.91111111111111,2,1030.0410000000002,3,2,3,8,Potential Loyalists,True,At Risk,False,Retention Opportunity
16199,2010-11-12 12:55:00,391.99652777777777,7,942.75,2,4,3,9,Potential Loyalists,True,At Risk,False,Retention Opportunity
16200,2011-12-05 14:40:00,3.923611111111111,12,5608.1,5,5,5,15,Champions,False,Active,True,Standard
16201,2011-12-06 16:02:00,2.8666666666666667,5,2112.12,5,4,4,13,Champions,False,Active,False,Standard
16202,2010-12-14 10:43:00,360.08819444444447,9,2501.99,2,5,4,11,Loyal Customers,True,At Risk,True,High Priority
16203,2011-10-12 12:31:00,58.01319444444445,6,943.84,4,4,3,11,Loyal Customers,False,Active,False,Standard
16204,2011-11-16 13:40:00,22.96527777777778,3,918.71,4,3,3,10,Loyal Customers,False,Active,False,Standard
16205,2011-11-09 09:32:00,30.1375,7,1820.11,4,4,4,12,Loyal Customers,False,Active,False,Standard
16206,2011-10-16 10:41:00,54.08958333333333,13,2589.87,4,5,4,13,Champions,False,Active,True,Standard
16207,2011-11-14 13:51:00,24.957638888888887,1,394.38,4,1,2,7,Potential Loyalists,False,Active,False,Standard
16208,2011-10-26 11:36:00,44.05138888888889,10,3440.4500000000003,4,5,5,14,Champions,False,Active,True,Standard
16209,2011-09-12 11:58:00,88.03611111111111,9,4146.78,3,5,5,13,Champions,True,At Risk,True,High Priority
16210,2011-12-08 12:36:00,1.0097222222222222,35,33750.97,5,5,5,15,Champions,False,Active,True,Standard
16211,2011-09-12 12:11:00,88.02708333333334,3,1090.59,3,3,3,9,Potential Loyalists,True,At Risk,False,Retention Opportunity
16212,2011-11-20 13:00:00,18.99305555555556,4,1293.71,4,4,4,12,Loyal Customers,False,Active,False,Standard
16213,2011-09-22 10:03:00,78.11597222222223,1,159.0,3,1,1,5,At Risk,True,At Risk,False,Retention Opportunity
16214,2011-06-22 11:30:00,170.05555555555554,4,2038.25,3,4,4,11,Loyal Customers,True,At Risk,False,Retention Opportunity
16215,2011-09-20 10:18:00,80.10555555555555,1,242.35,3,1,1,5,At Risk,True,At Risk,False,Retention Opportunity
16216,2011-03-17 15:34:00,266.8861111111111,1,914.93,2,1,3,6,At Risk,True,At Risk,False,Retention Opportunity
16217,2011-04-18 13:31:00,234.97152777777777,2,304.25,2,2,2,6,At Risk,True,At Risk,False,Retention Opportunity
16218,2011-11-10 09:59:00,29.11875,13,3968.67,4,5,5,14,Champions,False,Active,True,Standard
16219,2010-07-27 11:44:00,500.04583333333335,1,40.8,1,1,1,3,Lost / Low Value,True,At Risk,False,Retention Opportunity
16221,2011-11-03 11:43:00,36.046527777777776,9,2019.92,4,5,4,13,Champions,False,Active,False,Standard
16222,2011-01-25 13:38:00,317.96666666666664,2,1272.05,2,2,4,8,Potential Loyalists,True,At Risk,False,Retention Opportunity
16223,2010-11-30 11:50:00,374.0416666666667,2,1087.05,2,2,3,7,Potential Loyalists,True,At Risk,False,Retention Opportunity
16224,2011-10-13 17:51:00,56.79097222222222,5,1616.54,4,4,4,12,Loyal Customers,False,Active,False,Standard
16225,2011-10-26 08:30:00,44.18055555555556,15,2859.31,4,5,4,13,Champions,False,Active,True,Standard
16226,2011-05-20 14:41:00,202.92291666666668,5,672.17,2,4,3,9,Potential Loyalists,True,At Risk,False,Retention Opportunity
16227,2011-04-28 13:33:00,224.9701388888889,3,1027.22,2,3,3,8,Potential Loyalists,True,At Risk,False,Retention Opportunity
16228,2010-11-19 14:20:00,384.9375,3,885.71,2,3,3,8,Potential Loyalists,True,At Risk,False,Retention Opportunity
16229,2011-09-13 17:16:00,86.81527777777778,6,2867.86,3,4,4,11,Loyal Customers,True,At Risk,True,High Priority
16230,2011-06-03 10:06:00,189.11388888888888,2,542.03,2,2,2,6,At Risk,True,At Risk,False,Retention Opportunity
16231,2010-11-25 15:00:00,378.90972222222223,4,1074.47,2,4,3,9,Potential Loyalists,True,At Risk,False,Retention Opportunity
16232,2011-10-27 12:16:00,43.02361111111111,7,2712.97,4,4,4,12,Loyal Customers,False,Active,True,Standard
16233,2011-09-29 17:27:00,70.80763888888889,9,1818.31,3,5,4,12,Loyal Customers,True,At Risk,False,Retention Opportunity
16234,2010-08-20 14:33:00,475.92847222222224,3,333.18,1,3,2,6,At Risk,True,At Risk,False,Retention Opportunity
16235,2011-10-30 10:56:00,40.079166666666666,9,2053.71,4,5,4,13,Champions,False,Active,False,Standard
16236,2011-09-22 14:10:00,77.94444444444444,1,432.2,3,1,2,6,At Risk,True,At Risk,False,Retention Opportunity
16237,2010-09-28 17:02:00,436.825,1,136.65,1,1,1,3,Lost / Low Value,True,At Risk,False,Retention Opportunity
16238,2010-10-13 12:36:00,422.0097222222222,1,63.66,1,1,1,3,Lost / Low Value,True,At Risk,False,Retention Opportunity
16239,2011-10-14 08:29:00,56.18125,6,1492.2,4,4,4,12,Loyal Customers,False,Active,False,Standard
16240,2011-11-15 14:30:00,23.93055555555556,2,3718.8,4,2,5,11,Loyal Customers,False,Active,True,Standard
16241,2011-11-30 11:08:00,9.070833333333333,16,3992.86,5,5,5,15,Champions,False,Active,True,Standard
16242,2011-12-01 15:12:00,7.901388888888889,14,7404.650000000001,5,5,5,15,Champions,False,Active,True,Standard
16243,2011-11-06 12:32:00,33.0125,2,409.1,4,2,2,8,Potential Loyalists,False,Active,False,Standard
16244,2011-05-12 10:18:00,211.10555555555555,2,1522.75,2,2,4,8,Potential Loyalists,True,At Risk,False,Retention Opportunity
16245,2011-11-16 10:14:00,23.10833333333333,3,1413.66,4,3,4,11,Loyal Customers,False,Active,False,Standard
16246,2010-09-06 12:04:00,459.0319444444444,2,821.35,1,2,3,6,At Risk,True,At Risk,False,Retention Opportunity
16247,2011-06-22 14:23:00,169.93541666666667,1,114.56,3,1,1,5,At Risk,True,At Risk,False,Retention Opportunity
16248,2011-10-09 11:32:00,61.05416666666667,1,152.94,3,1,1,5,At Risk,True,At Risk,False,Retention Opportunity
16249,2011-10-18 10:07:00,52.113194444444446,5,1800.07,4,4,4,12,Loyal Customers,False,Active,False,Standard
16250,2011-03-23 15:07:00,260.9048611111112,3,565.24,2,3,2,7,Potential Loyalists,True,At Risk,False,Retention Opportunity
16251,2010-07-15 14:55:00,511.91319444444446,1,128.31,1,1,1,3,Lost / Low Value,True,At Risk,False,Retention Opportunity
16252,2010-11-22 11:57:00,382.03680555555553,1,295.09000000000003,2,1,2,5,At Risk,True,At Risk,False,Retention Opportunity
16253,2011-10-04 09:09:00,66.15347222222222,7,7272.2,3,4,5,12,Loyal Customers,True,At Risk,True,High Priority
16254,2010-11-26 13:22:00,377.97777777777776,3,967.44,2,3,3,8,Potential Loyalists,True,At Risk,False,Retention Opportunity
16255,2011-11-23 12:40:00,16.006944444444443,15,4530.0,5,5,5,15,Champions,False,Active,True,Standard
16256,2011-03-18 12:18:00,266.02222222222224,3,1629.37,2,3,4,9,Potential Loyalists,True,At Risk,False,Retention Opportunity
16257,2011-06-16 10:11:00,176.11041666666668,1,46.95,3,1,1,5,At Risk,True,At Risk,False,Retention Opportunity
16258,2011-10-25 13:30:00,44.97222222222222,15,11942.52,4,5,5,14,Champions,False,Active,True,Standard
16259,2010-10-25 14:27:00,409.9326388888889,3,340.94,2,3,2,7,Potential Loyalists,True,At Risk,False,Retention Opportunity
16260,2011-10-20 09:40:00,50.13194444444444,1,1035.45,4,1,3,8,Potential Loyalists,False,Active,False,Standard
16261,2011-11-22 17:23:00,16.810416666666665,6,1041.16,5,4,3,12,Loyal Customers,False,Active,False,Standard
16262,2010-11-26 13:22:00,377.97777777777776,1,755.15,2,1,3,6,At Risk,True,At Risk,False,Retention Opportunity
16263,2010-10-12 14:52:00,422.91527777777776,1,348.16,1,1,2,4,Lost / Low Value,True,At Risk,False,Retention Opportunity
16264,2010-09-27 15:00:00,437.90972222222223,2,823.53,1,2,3,6,At Risk,True,At Risk,False,Retention Opportunity
16265,2011-11-30 16:41:00,8.839583333333334,12,6935.17,5,5,5,15,Champions,False,Active,True,Standard
16266,2011-09-27 12:08:00,73.02916666666667,14,1757.95,3,5,4,12,Loyal Customers,True,At Risk,False,Retention Opportunity
16267,2010-04-27 14:10:00,590.9444444444445,1,186.66,1,1,1,3,Lost / Low Value,True,At Risk,False,Retention Opportunity
16268,2011-09-29 18:30:00,70.76388888888889,2,667.65,3,2,3,8,Potential Loyalists,True,At Risk,False,Retention Opportunity
16269,2010-09-28 11:50:00,437.0416666666667,1,717.57,1,1,3,5,At Risk,True,At Risk,False,Retention Opportunity
16270,2010-12-21 14:26:00,352.93333333333334,1,1141.24,2,1,3,6,At Risk,True,At Risk,False,Retention Opportunity
16271,2011-12-07 12:45:00,2.0034722222222223,10,3397.82,5,5,5,15,Champions,False,Active,True,Standard
16272,2011-08-15 10:54:00,116.08055555555556,1,411.7,3,1,2,6,At Risk,True,At Risk,False,Retention Opportunity
16273,2010-03-01 13:24:00,647.9763888888889,2,318.34000000000003,1,2,2,5,At Risk,True,At Risk,False,Retention Opportunity
16274,2010-12-01 15:35:00,372.8854166666667,1,351.75,2,1,2,5,At Risk,True,At Risk,False,Retention Opportunity
16275,2011-05-27 12:41:00,196.00625,3,2151.11,2,3,4,9,Potential Loyalists,True,At Risk,False,Retention Opportunity
16276,2011-06-16 09:34:00,176.13611111111112,3,2629.3900000000003,3,3,4,10,Loyal Customers,True,At Risk,True,High Priority
16277,2009-12-06 11:27:00,733.0576388888888,1,188.69,1,1,1,3,Lost / Low Value,True,At Risk,False,Retention Opportunity
16278,2011-08-31 17:12:00,99.81805555555556,3,1117.84,3,3,3,9,Potential Loyalists,True,At Risk,False,Retention Opportunity
16279,2011-11-18 15:00:00,20.90972222222222,9,5698.28,4,5,5,14,Champions,False,Active,True,Standard
16280,2009-12-14 15:49:00,724.8756944444444,1,238.05,1,1,1,3,Lost / Low Value,True,At Risk,False,Retention Opportunity
16281,2011-09-28 14:57:00,71.91180555555556,3,3424.02,3,3,5,11,Loyal Customers,True,At Risk,True,High Priority
16282,2011-01-04 11:42:00,339.0472222222222,3,1307.5800000000002,2,3,4,9,Potential Loyalists,True,At Risk,False,Retention Opportunity
16283,2011-12-04 12:08:00,5.029166666666667,8,4350.32,5,5,5,15,Champions,False,Active,True,Standard
16284,2011-11-08 16:12:00,30.85972222222222,3,1018.48,4,3,3,10,Loyal Customers,False,Active,False,Standard
16285,2010-03-03 16:03:00,645.8659722222222,1,176.9,1,1,1,3,Lost / Low Value,True,At Risk,False,Retention Opportunity
16286,2010-08-19 14:48:00,476.9180555555556,2,328.95,1,2,2,5,At Risk,True,At Risk,False,Retention Opportunity
16287,2011-06-23 09:08:00,169.15416666666667,5,1006.98,3,4,3,10,Loyal Customers,True,At Risk,False,Retention Opportunity
16288,2010-08-26 14:45:00,469.9201388888889,1,129.85,1,1,1,3,Lost / Low Value,True,At Risk,False,Retention Opportunity
16289,2010-09-03 14:02:00,461.95,1,136.31,1,1,1,3,Lost / Low Value,True,At Risk,False,Retention Opportunity
16290,2010-09-01 11:52:00,464.04027777777776,4,1957.7,1,4,4,9,Potential Loyalists,True,At Risk,False,Retention Opportunity
16291,2010-01-26 16:26:00,681.85,1,117.72,1,1,1,3,Lost / Low Value,True,At Risk,False,Retention Opportunity
16292,2011-08-10 12:24:00,121.01805555555556,5,1253.76,3,4,4,11,Loyal Customers,True,At Risk,False,Retention Opportunity
16293,2011-11-18 09:58:00,21.119444444444444,15,4279.2,4,5,5,14,Champions,False,Active,True,Standard
16294,2010-08-20 12:01:00,476.0340277777778,1,126.05,1,1,1,3,Lost / Low Value,True,At Risk,False,Retention Opportunity
16295,2011-11-30 08:17:00,9.189583333333331,4,1328.55,5,4,4,13,Champions,False,Active,False,Standard
16296,2010-03-23 13:11:00,625.9854166666667,4,1313.67,1,4,4,9,Potential Loyalists,True,At Risk,False,Retention Opportunity
16297,2011-03-16 08:29:00,268.18125,1,301.9,2,1,2,5,At Risk,True,At Risk,False,Retention Opportunity
16298,2011-11-17 11:59:00,22.035416666666663,7,1085.7,4,4,3,11,Loyal Customers,False,Active,False,Standard
16299,2010-08-19 17:46:00,476.7944444444444,1,193.65,1,1,1,3,Lost / Low Value,True,At Risk,False,Retention Opportunity
16300,2010-10-05 13:14:00,429.98333333333335,3,1367.32,1,3,4,8,Potential Loyalists,True,At Risk,False,Retention Opportunity
16301,2009-12-03 10:20:00,736.1041666666666,1,107.33,1,1,1,3,Lost / Low Value,True,At Risk,False,Retention Opportunity
16302,2011-08-05 09:44:00,126.12916666666666,1,233.22,3,1,1,5,At Risk,True,At Risk,False,Retention Opportunity
16303,2011-11-14 10:49:00,25.084027777777777,7,7928.27,4,4,5,13,Champions,False,Active,True,Standard
16304,2010-01-14 08:30:00,694.1805555555555,1,381.66,1,1,2,4,Lost / Low Value,True,At Risk,False,Retention Opportunity
16305,2011-07-24 12:18:00,138.0222222222222,1,361.22,3,1,2,6,At Risk,True,At Risk,False,Retention Opportunity
16306,2011-05-10 12:12:00,213.0263888888889,7,1124.72,2,4,3,9,Potential Loyalists,True,At Risk,False,Retention Opportunity
16307,2010-10-06 14:31:00,428.9298611111111,3,1194.92,1,3,3,7,Potential Loyalists,True,At Risk,False,Retention Opportunity
16308,2011-11-02 11:24:00,37.05972222222222,7,5120.0,4,4,5,13,Champions,False,Active,True,Standard
16309,2011-08-25 15:35:00,105.88541666666669,2,706.57,3,2,3,8,Potential Loyalists,True,At Risk,False,Retention Opportunity
16310,2010-10-21 14:47:00,413.91875,2,460.08,1,2,2,5,At Risk,True,At Risk,False,Retention Opportunity
16311,2011-11-22 08:54:00,17.163888888888888,2,616.26,5,2,3,10,Loyal Customers,False,Active,False,Standard
16312,2010-10-03 14:15:00,431.94097222222223,1,171.15,1,1,1,3,Lost / Low Value,True,At Risk,False,Retention Opportunity
16313,2011-12-06 13:02:00,2.9916666666666667,2,274.15000000000003,5,2,1,8,Potential Loyalists,False,Active,False,Standard
16314,2010-11-15 12:06:00,389.0305555555556,3,1491.4,2,3,4,9,Potential Loyalists,True,At Risk,False,Retention Opportunity
16315,2011-01-13 11:57:00,330.0368055555556,2,402.71,2,2,2,6,At Risk,True,At Risk,False,Retention Opportunity
16316,2011-10-06 13:48:00,63.95972222222223,13,5744.91,3,5,5,13,Champions,True,At Risk,True,High Priority
16317,2011-08-12 12:46:00,119.00277777777778,5,2192.51,3,4,4,11,Loyal Customers,True,At Risk,False,Retention Opportunity
16318,2011-11-04 13:05:00,34.989583333333336,1,328.15000000000003,4,1,2,7,Potential Loyalists,False,Active,False,Standard
16319,2011-05-06 11:27:00,217.0576388888889,1,404.4,2,1,2,5,At Risk,True,At Risk,False,Retention Opportunity
16320,2011-06-20 15:25:00,171.89236111111111,6,5628.99,3,4,5,12,Loyal Customers,True,At Risk,True,High Priority
16321,2011-09-28 14:55:00,71.91319444444444,7,604.5500000000001,3,4,2,9,Potential Loyalists,True,At Risk,False,Retention Opportunity
16322,2011-12-08 15:41:00,0.88125,2,326.75,5,2,2,9,Potential Loyalists,False,Active,False,Standard
16323,2011-05-27 14:48:00,195.91805555555555,2,353.66,2,2,2,6,At Risk,True,At Risk,False,Retention Opportunity
16324,2011-08-03 12:58:00,127.99444444444444,3,408.59,3,3,2,8,Potential Loyalists,True,At Risk,False,Retention Opportunity
16325,2011-10-24 08:48:00,46.168055555555554,12,3597.5,4,5,5,14,Champions,False,Active,True,Standard
16326,2011-12-04 10:11:00,5.110416666666667,24,4721.25,5,5,5,15,Champions,False,Active,True,Standard
16327,2011-11-25 13:23:00,13.977083333333333,16,10159.64,5,5,5,15,Champions,False,Active,True,Standard
16328,2010-05-25 14:02:00,562.95,1,310.83,1,1,2,4,Lost / Low Value,True,At Risk,False,Retention Opportunity
16329,2010-10-08 12:44:00,427.00416666666666,4,1664.92,1,4,4,9,Potential Loyalists,True,At Risk,False,Retention Opportunity
16330,2011-11-22 12:24:00,17.018055555555556,7,625.38,5,4,3,12,Loyal Customers,False,Active,False,Standard
16331,2010-10-03 13:47:00,431.9604166666667,6,2037.7,1,4,4,9,Potential Loyalists,True,At Risk,False,Retention Opportunity
16332,2011-11-11 14:22:00,27.93611111111111,11,2000.01,4,5,4,13,Champions,False,Active,False,Standard
16333,2011-12-02 12:19:00,7.021527777777778,22,26626.8,5,5,5,15,Champions,False,Active,True,Standard
16334,2010-08-04 16:38:00,491.8416666666666,1,263.73,1,1,1,3,Lost / Low Value,True,At Risk,False,Retention Opportunity
16335,2010-06-06 11:35:00,551.0520833333334,7,2753.52,1,4,4,9,Potential Loyalists,True,At Risk,True,High Priority
16336,2010-10-15 12:32:00,420.0125,4,3517.69,1,4,5,10,Loyal Customers,True,At Risk,True,High Priority
16337,2011-11-03 10:03:00,36.11597222222223,1,151.05,4,1,1,6,At Risk,False,Active,False,Standard
16338,2011-07-05 13:56:00,156.95416666666668,1,214.8,3,1,1,5,At Risk,True,At Risk,False,Retention Opportunity
16339,2011-02-28 13:41:00,283.96458333333334,1,94.05,2,1,1,4,Lost / Low Value,True,At Risk,False,Retention Opportunity
16340,2011-08-24 14:53:00,106.91458333333334,3,1496.24,3,3,4,10,Loyal Customers,True,At Risk,False,Retention Opportunity
16341,2011-11-15 09:12:00,24.15138888888889,7,3850.79,4,4,5,13,Champions,False,Active,True,Standard
16342,2011-09-25 14:36:00,74.9263888888889,4,322.41,3,4,2,9,Potential Loyalists,True,At Risk,False,Retention Opportunity
16343,2011-11-23 17:45:00,15.79513888888889,3,614.12,5,3,3,11,Loyal Customers,False,Active,False,Standard
16344,2011-07-04 15:50:00,157.875,4,842.42,3,4,3,10,Loyal Customers,True,At Risk,False,Retention Opportunity
16345,2011-10-26 16:03:00,43.86597222222223,2,1178.79,4,2,3,9,Potential Loyalists,False,Active,False,Standard
16346,2010-11-19 15:55:00,384.87152777777777,1,224.51,2,1,1,4,Lost / Low Value,True,At Risk,False,Retention Opportunity
16347,2011-11-28 13:14:00,10.983333333333333,11,3442.96,5,5,5,15,Champions,False,Active,True,Standard
16348,2011-11-07 15:44:00,31.879166666666663,8,1744.42,4,5,4,13,Champions,False,Active,False,Standard
16349,2011-02-22 12:40:00,290.00694444444446,1,53.5,2,1,1,4,Lost / Low Value,True,At Risk,False,Retention Opportunity
16350,2011-11-18 15:53:00,20.872916666666665,9,2253.89,4,5,4,13,Champions,False,Active,True,Standard
16351,2011-01-11 10:26:00,332.1,13,3330.03,2,5,5,12,Loyal Customers,True,At Risk,True,High Priority
16352,2011-11-22 10:32:00,17.095833333333335,2,494.44,5,2,2,9,Potential Loyalists,False,Active,False,Standard
16353,2011-12-06 12:23:00,3.01875,38,9795.46,5,5,5,15,Champions,False,Active,True,Standard
16354,2011-10-07 14:28:00,62.93194444444445,5,1119.46,3,4,3,10,Loyal Customers,True,At Risk,False,Retention Opportunity
16355,2010-11-29 14:21:00,374.9368055555556,1,416.35,2,1,2,5,At Risk,True,At Risk,False,Retention Opportunity
16356,2011-05-26 11:51:00,197.04097222222225,6,415.87,2,4,2,8,Potential Loyalists,True,At Risk,False,Retention Opportunity
16357,2011-11-06 16:04:00,32.86527777777778,4,868.37,4,4,3,11,Loyal Customers,False,Active,False,Standard
16358,2011-12-08 15:09:00,0.9034722222222222,5,2919.65,5,4,5,14,Champions,False,Active,True,Standard
16359,2011-12-02 17:04:00,6.823611111111111,16,2697.75,5,5,4,14,Champions,False,Active,True,Standard
16360,2011-12-05 12:16:00,4.023611111111111,6,3450.41,5,4,5,14,Champions,False,Active,True,Standard
16361,2011-11-30 12:32:00,9.0125,4,891.21,5,4,3,12,Loyal Customers,False,Active,False,Standard
16362,2011-11-07 13:01:00,31.992361111111112,6,922.16,4,4,3,11,Loyal Customers,False,Active,False,Standard
16363,2011-10-17 14:14:00,52.94166666666667,1,109.36,4,1,1,6,At Risk,False,Active,False,Standard
16364,2011-11-28 11:27:00,11.057638888888889,2,705.79,5,2,3,10,Loyal Customers,False,Active,False,Standard
16365,2011-11-22 11:24:00,17.059722222222224,15,3167.34,5,5,5,15,Champions,False,Active,True,Standard
16366,2011-11-21 08:19:00,18.188194444444445,4,1548.13,5,4,4,13,Champions,False,Active,False,Standard
16367,2011-11-02 13:13:00,36.984027777777776,3,1350.48,4,3,4,11,Loyal Customers,False,Active,False,Standard
16368,2011-12-07 13:12:00,1.9847222222222225,3,621.44,5,3,3,11,Loyal Customers,False,Active,False,Standard
16369,2011-11-21 16:25:00,17.850694444444443,7,2656.56,5,4,4,13,Champions,False,Active,True,Standard
16370,2011-09-18 15:55:00,81.87152777777777,4,1301.91,3,4,4,11,Loyal Customers,True,At Risk,False,Retention Opportunity
16371,2010-09-17 12:09:00,448.0284722222222,1,157.2,1,1,1,3,Lost / Low Value,True,At Risk,False,Retention Opportunity
16372,2011-11-06 13:08:00,32.9875,5,1290.31,4,4,4,12,Loyal Customers,False,Active,False,Standard
16373,2010-11-22 15:50:00,381.875,2,309.49,2,2,2,6,At Risk,True,At Risk,False,Retention Opportunity
16374,2011-10-04 15:21:00,65.8951388888889,5,1723.4,3,4,4,11,Loyal Customers,True,At Risk,False,Retention Opportunity
16375,2010-08-26 14:25:00,469.93402777777777,2,104.0,1,2,1,4,Lost / Low Value,True,At Risk,False,Retention Opportunity
16376,2011-12-01 11:38:00,8.05,2,974.96,5,2,3,10,Loyal Customers,False,Active,False,Standard
16377,2011-03-17 15:41:00,266.88125,2,1308.48,2,2,4,8,Potential Loyalists,True,At Risk,False,Retention Opportunity
16378,2011-04-06 15:07:00,246.9048611111111,3,362.95,2,3,2,7,Potential Loyalists,True,At Risk,False,Retention Opportunity
16379,2011-12-05 15:38:00,3.883333333333333,4,2157.4,5,4,4,13,Champions,False,Active,False,Standard
16380,2011-10-09 15:40:00,60.88194444444444,1,1743.15,3,1,4,8,Potential Loyalists,True,At Risk,False,Retention Opportunity
16381,2010-11-09 09:56:00,395.1208333333333,2,247.85,2,2,1,5,At Risk,True,At Risk,False,Retention Opportunity
16382,2010-10-27 16:23:00,407.8520833333333,2,353.1,2,2,2,6,At Risk,True,At Risk,False,Retention Opportunity
16383,2011-09-26 12:45:00,74.00347222222223,7,2896.69,3,4,4,11,Loyal Customers,True,At Risk,True,High Priority
16384,2011-09-11 11:19:00,89.06319444444445,4,1358.95,3,4,4,11,Loyal Customers,True,At Risk,False,Retention Opportunity
16385,2011-10-10 13:12:00,59.984722222222224,5,881.35,3,4,3,10,Loyal Customers,False,Active,False,Standard
16386,2011-11-11 12:28:00,28.01527777777778,3,1068.16,4,3,3,10,Loyal Customers,False,Active,False,Standard
16387,2011-01-21 11:34:00,322.0527777777778,5,882.46,2,4,3,9,Potential Loyalists,True,At Risk,False,Retention Opportunity
16388,2010-02-24 10:20:00,653.1041666666666,1,186.05,1,1,1,3,Lost / Low Value,True,At Risk,False,Retention Opportunity
16389,2011-10-17 14:41:00,52.922916666666666,4,1382.0700000000002,4,4,4,12,Loyal Customers,False,Active,False,Standard
16390,2010-06-21 10:11:00,536.1104166666667,3,467.5,1,3,2,6,At Risk,True,At Risk,False,Retention Opportunity
16391,2010-11-04 12:27:00,400.0159722222222,4,1052.26,2,4,3,9,Potential Loyalists,True,At Risk,False,Retention Opportunity
16392,2011-03-15 12:11:00,269.02708333333334,3,756.7,2,3,3,8,Potential Loyalists,True,At Risk,False,Retention Opportunity
16393,2011-12-07 12:51:00,1.9993055555555557,23,5297.77,5,5,5,15,Champions,False,Active,True,Standard
16394,2011-10-14 09:48:00,56.12638888888889,5,1555.34,4,4,4,12,Loyal Customers,False,Active,False,Standard
16395,2011-10-10 12:50:00,60.0,14,3518.41,3,5,5,13,Champions,True,At Risk,True,High Priority
16396,2010-08-20 14:17:00,475.93958333333336,1,137.8,1,1,1,3,Lost / Low Value,True,At Risk,False,Retention Opportunity
16397,2010-03-21 15:36:00,627.8847222222222,1,123.13,1,1,1,3,Lost / Low Value,True,At Risk,False,Retention Opportunity
16398,2011-07-08 15:16:00,153.8986111111111,2,1705.8,3,2,4,9,Potential Loyalists,True,At Risk,False,Retention Opportunity
16399,2011-11-20 16:12:00,18.85972222222222,3,630.22,5,3,3,11,Loyal Customers,False,Active,False,Standard
16400,2011-09-06 12:27:00,94.01597222222222,9,3059.85,3,5,5,13,Champions,True,At Risk,True,High Priority
16401,2011-12-08 18:15:00,0.7743055555555556,23,6849.15,5,5,5,15,Champions,False,Active,True,Standard
16402,2011-03-20 12:25:00,264.0173611111111,2,293.45,2,2,2,6,At Risk,True,At Risk,False,Retention Opportunity
16403,2011-01-31 13:39:00,311.9659722222222,1,177.5,2,1,1,4,Lost / Low Value,True,At Risk,False,Retention Opportunity
16404,2011-09-30 14:55:00,69.91319444444444,1,443.05,3,1,2,6,At Risk,True,At Risk,False,Retention Opportunity
16405,2011-02-10 15:24:00,301.8930555555556,2,167.25,2,2,1,5,At Risk,True,At Risk,False,Retention Opportunity
16406,2011-11-21 11:57:00,18.03680555555556,3,528.36,5,3,2,10,Loyal Customers,False,Active,False,Standard
16407,2011-11-27 11:05:00,12.072916666666666,14,2761.65,5,5,4,14,Champions,False,Active,True,Standard
16408,2010-04-27 14:08:00,590.9458333333333,1,231.93,1,1,1,3,Lost / Low Value,True,At Risk,False,Retention Opportunity
16409,2011-11-03 16:45:00,35.83680555555556,12,5652.74,4,5,5,14,Champions,False,Active,True,Standard
16410,2009-12-05 14:51:00,733.9159722222222,1,130.32,1,1,1,3,Lost / Low Value,True,At Risk,False,Retention Opportunity
16411,2011-11-20 13:23:00,18.977083333333333,4,756.39,4,4,3,11,Loyal Customers,False,Active,False,Standard
16412,2011-10-17 12:35:00,53.01041666666666,5,593.19,4,4,2,10,Loyal Customers,False,Active,False,Standard
16413,2011-10-14 12:08:00,56.02916666666667,2,522.03,4,2,2,8,Potential Loyalists,False,Active,False,Standard
16414,2011-11-18 09:42:00,21.13055555555556,5,551.21,4,4,2,10,Loyal Customers,False,Active,False,Standard
16415,2011-10-26 13:35:00,43.96875,3,696.76,4,3,3,10,Loyal Customers,False,Active,False,Standard
16416,2011-11-13 12:50:00,26.0,9,2957.88,4,5,5,14,Champions,False,Active,True,Standard
16417,2010-08-04 09:08:00,492.1541666666666,1,35.7,1,1,1,3,Lost / Low Value,True,At Risk,False,Retention Opportunity
16418,2011-10-26 12:39:00,44.00763888888889,5,1028.74,4,4,3,11,Loyal Customers,False,Active,False,Standard
16419,2011-08-19 12:33:00,112.01180555555555,8,1463.7,3,5,4,12,Loyal Customers,True,At Risk,False,Retention Opportunity
16420,2010-11-08 15:15:00,395.89930555555554,1,75.0,2,1,1,4,Lost / Low Value,True,At Risk,False,Retention Opportunity
16421,2010-11-28 13:31:00,375.9715277777778,3,526.27,2,3,2,7,Potential Loyalists,True,At Risk,False,Retention Opportunity
16422,2011-11-22 14:00:00,16.95138888888889,109,61920.87,5,5,5,15,Champions,False,Active,True,Standard
16423,2011-11-15 09:21:00,24.145138888888887,1,346.12,4,1,2,7,Potential Loyalists,False,Active,False,Standard
16424,2011-06-01 13:40:00,190.96527777777777,2,443.06,2,2,2,6,At Risk,True,At Risk,False,Retention Opportunity
16425,2011-02-10 14:30:00,301.93055555555554,1,302.7,2,1,2,5,At Risk,True,At Risk,False,Retention Opportunity
16426,2011-12-07 14:01:00,1.9506944444444445,10,1863.76,5,5,4,14,Champions,False,Active,False,Standard
16427,2011-03-21 17:10:00,262.81944444444446,2,241.06,2,2,1,5,At Risk,True,At Risk,False,Retention Opportunity
16428,2010-10-22 12:22:00,413.0194444444445,3,638.49,1,3,3,7,Potential Loyalists,True,At Risk,False,Retention Opportunity
16429,2011-08-25 13:54:00,105.95555555555556,1,284.55,3,1,1,5,At Risk,True,At Risk,False,Retention Opportunity
16430,2011-10-13 14:47:00,56.91875,7,1117.94,4,4,3,11,Loyal Customers,False,Active,False,Standard
16431,2011-05-10 14:09:00,212.9451388888889,3,623.28,2,3,3,8,Potential Loyalists,True,At Risk,False,Retention Opportunity
16432,2011-10-06 13:59:00,63.95208333333333,1,287.40000000000003,3,1,2,6,At Risk,True,At Risk,False,Retention Opportunity
16433,2011-11-11 14:09:00,27.945138888888888,2,384.52,4,2,2,8,Potential Loyalists,False,Active,False,Standard
16434,2011-11-10 14:28:00,28.931944444444444,12,2673.69,4,5,4,13,Champions,False,Active,True,Standard
16435,2010-07-15 18:22:00,511.7694444444445,3,1003.07,1,3,3,7,Potential Loyalists,True,At Risk,False,Retention Opportunity
16436,2010-02-09 13:19:00,667.9798611111111,3,319.14,1,3,2,6,At Risk,True,At Risk,False,Retention Opportunity
16437,2010-11-23 16:59:00,380.82708333333335,2,301.25,2,2,2,6,At Risk,True,At Risk,False,Retention Opportunity
16438,2011-12-04 10:51:00,5.082638888888889,5,798.35,5,4,3,12,Loyal Customers,False,Active,False,Standard
16439,2009-12-17 14:22:00,721.9361111111111,1,310.70000000000005,1,1,2,4,Lost / Low Value,True,At Risk,False,Retention Opportunity
16440,2011-12-02 12:02:00,7.033333333333333,6,3856.97,5,4,5,14,Champions,False,Active,True,Standard
16441,2011-10-03 17:48:00,66.79305555555555,5,1019.13,3,4,3,10,Loyal Customers,True,At Risk,False,Retention Opportunity
16442,2011-12-08 11:43:00,1.0465277777777775,5,891.98,5,4,3,12,Loyal Customers,False,Active,False,Standard
16443,2010-07-07 11:57:00,520.0368055555556,1,162.24,1,1,1,3,Lost / Low Value,True,At Risk,False,Retention Opportunity
16444,2011-10-24 13:50:00,45.958333333333336,17,3625.88,4,5,5,14,Champions,False,Active,True,Standard
16445,2011-11-06 12:32:00,33.0125,4,583.16,4,4,2,10,Loyal Customers,False,Active,False,Standard
16446,2011-12-09 09:15:00,0.1493055555555555,2,168472.5,5,2,5,12,Loyal Customers,False,Active,True,Standard
16447,2011-07-27 12:45:00,135.00347222222223,3,727.1,3,3,3,9,Potential Loyalists,True,At Risk,False,Retention Opportunity
16448,2011-05-25 16:28:00,197.8486111111111,2,361.12,2,2,2,6,At Risk,True,At Risk,False,Retention Opportunity
16449,2011-05-26 10:25:00,197.10069444444449,2,707.69,2,2,3,7,Potential Loyalists,True,At Risk,False,Retention Opportunity
16450,2011-07-13 11:47:00,149.04375,3,1505.73,3,3,4,10,Loyal Customers,True,At Risk,False,Retention Opportunity
16451,2011-09-13 09:17:00,87.14791666666666,3,1013.15,3,3,3,9,Potential Loyalists,True,At Risk,False,Retention Opportunity
16452,2010-03-19 12:39:00,630.0076388888889,2,332.17,1,2,2,5,At Risk,True,At Risk,False,Retention Opportunity
16453,2010-06-27 12:46:00,530.0027777777777,2,251.71,1,2,1,4,Lost / Low Value,True,At Risk,False,Retention Opportunity
16454,2011-10-26 11:40:00,44.04861111111112,4,30.950000000000003,4,4,1,9,Potential Loyalists,False,Active,False,Standard
16455,2011-10-07 12:17:00,63.02291666666667,11,3995.57,3,5,5,13,Champions,True,At Risk,True,High Priority
16456,2011-09-01 13:50:00,98.95833333333331,13,6000.94,3,5,5,13,Champions,True,At Risk,True,High Priority
16457,2011-05-05 13:19:00,217.97986111111112,1,208.36,2,1,1,4,Lost / Low Value,True,At Risk,False,Retention Opportunity
16458,2011-12-07 09:34:00,2.136111111111111,30,5690.89,5,5,5,15,Champions,False,Active,True,Standard
16459,2009-12-10 12:42:00,729.0055555555556,1,71.78999999999999,1,1,1,3,Lost / Low Value,True,At Risk,False,Retention Opportunity
16460,2011-11-11 13:46:00,27.961111111111112,3,811.23,4,3,3,10,Loyal Customers,False,Active,False,Standard
16461,2011-06-15 12:07:00,177.0298611111111,3,1545.83,3,3,4,10,Loyal Customers,True,At Risk,False,Retention Opportunity
16462,2011-09-27 10:24:00,73.10138888888889,3,136.0,3,3,1,7,Potential Loyalists,True,At Risk,False,Retention Opportunity
16463,2011-11-18 14:01:00,20.950694444444444,4,1422.4,4,4,4,12,Loyal Customers,False,Active,False,Standard
16464,2011-11-20 12:11:00,19.027083333333334,3,1298.66,4,3,4,11,Loyal Customers,False,Active,False,Standard
16465,2010-10-15 09:27:00,420.1409722222222,2,746.24,1,2,3,6,At Risk,True,At Risk,False,Retention Opportunity
16466,2011-11-06 11:35:00,33.052083333333336,15,3767.09,4,5,5,14,Champions,False,Active,True,Standard
16467,2010-07-19 11:49:00,508.0423611111111,7,2869.16,1,4,4,9,Potential Loyalists,True,At Risk,True,High Priority
16468,2011-09-26 14:13:00,73.94236111111111,3,787.52,3,3,3,9,Potential Loyalists,True,At Risk,False,Retention Opportunity
16469,2011-11-16 12:25:00,23.01736111111111,5,803.9,4,4,3,11,Loyal Customers,False,Active,False,Standard
16470,2011-10-19 12:11:00,51.02708333333333,11,2416.85,4,5,4,13,Champions,False,Active,True,Standard
16471,2011-03-10 09:41:00,274.13125,4,1189.98,2,4,3,9,Potential Loyalists,True,At Risk,False,Retention Opportunity
16472,2010-10-01 13:56:00,433.95416666666665,2,789.6,1,2,3,6,At Risk,True,At Risk,False,Retention Opportunity
16473,2011-06-28 09:10:00,164.15277777777777,4,470.83,3,4,2,9,Potential Loyalists,True,At Risk,False,Retention Opportunity
16474,2011-12-02 13:02:00,6.991666666666666,7,1810.65,5,4,4,13,Champions,False,Active,False,Standard
16475,2011-09-12 14:37:00,87.92569444444445,4,544.3,3,4,2,9,Potential Loyalists,True,At Risk,False,Retention Opportunity
16476,2010-10-04 10:29:00,431.09791666666666,1,350.35,1,1,2,4,Lost / Low Value,True,At Risk,False,Retention Opportunity
16477,2011-10-07 09:44:00,63.12916666666667,11,4094.37,3,5,5,13,Champions,True,At Risk,True,High Priority
16478,2011-11-14 15:51:00,24.874305555555555,3,331.0,4,3,2,9,Potential Loyalists,False,Active,False,Standard
16479,2011-11-29 13:40:00,9.96527777777778,2,300.83,5,2,2,9,Potential Loyalists,False,Active,False,Standard
16480,2011-09-25 11:40:00,75.04861111111111,1,769.29,3,1,3,7,Potential Loyalists,True,At Risk,False,Retention Opportunity
16481,2010-01-26 13:09:00,681.9868055555555,1,453.38,1,1,2,4,Lost / Low Value,True,At Risk,False,Retention Opportunity
16482,2011-11-24 12:33:00,15.011805555555556,1,220.62,5,1,1,7,Potential Loyalists,False,Active,False,Standard
16483,2011-05-31 13:08:00,191.9875,1,139.35,2,1,1,4,Lost / Low Value,True,At Risk,False,Retention Opportunity
16484,2011-06-19 12:06:00,173.03055555555557,2,404.3,3,2,2,7,Potential Loyalists,True,At Risk,False,Retention Opportunity
16485,2011-09-23 15:50:00,76.875,5,2287.19,3,4,4,11,Loyal Customers,True,At Risk,True,High Priority
16486,2010-06-20 12:16:00,537.0236111111111,1,134.36,1,1,1,3,Lost / Low Value,True,At Risk,False,Retention Opportunity
16487,2010-05-11 13:38:00,576.9666666666667,2,209.4,1,2,1,4,Lost / Low Value,True,At Risk,False,Retention Opportunity
16488,2011-11-06 13:42:00,32.96388888888889,3,498.8,4,3,2,9,Potential Loyalists,False,Active,False,Standard
16489,2010-11-24 14:40:00,379.9236111111111,2,303.7,2,2,2,6,At Risk,True,At Risk,False,Retention Opportunity
16490,2010-09-29 16:30:00,435.84722222222223,1,205.41000000000005,1,1,1,3,Lost / Low Value,True,At Risk,False,Retention Opportunity
16491,2011-10-24 10:18:00,46.105555555555554,2,1533.16,4,2,4,10,Loyal Customers,False,Active,False,Standard
16492,2010-06-17 08:20:00,540.1875,1,385.56,1,1,2,4,Lost / Low Value,True,At Risk,False,Retention Opportunity
16493,2011-09-21 11:10:00,79.06944444444444,7,2132.09,3,4,4,11,Loyal Customers,True,At Risk,False,Retention Opportunity
16494,2011-02-16 12:49:00,296.00069444444443,1,826.53,2,1,3,6,At Risk,True,At Risk,False,Retention Opportunity
16495,2011-12-06 13:20:00,2.9791666666666665,3,648.26,5,3,3,11,Loyal Customers,False,Active,False,Standard
16496,2011-12-01 10:31:00,8.096527777777778,6,2330.77,5,4,4,13,Champions,False,Active,True,Standard
16497,2011-10-21 10:55:00,49.07986111111112,23,6695.28,4,5,5,14,Champions,False,Active,True,Standard
16498,2011-07-01 15:07:00,160.9048611111111,2,100.97,3,2,1,6,At Risk,True,At Risk,False,Retention Opportunity
16499,2010-12-14 13:31:00,359.9715277777778,8,2578.34,2,5,4,11,Loyal Customers,True,At Risk,True,High Priority
16500,2011-12-05 12:04:00,4.031944444444444,9,843.9100000000001,5,5,3,13,Champions,False,Active,False,Standard
16501,2010-11-21 14:10:00,382.94444444444446,1,1191.23,2,1,3,6,At Risk,True,At Risk,False,Retention Opportunity
16502,2010-03-29 13:44:00,619.9625,2,258.55,1,2,1,4,Lost / Low Value,True,At Risk,False,Retention Opportunity
16503,2011-08-25 11:46:00,106.04444444444444,11,3614.34,3,5,5,13,Champions,True,At Risk,True,High Priority
16504,2011-11-14 15:18:00,24.897222222222226,1,465.88,4,1,2,7,Potential Loyalists,False,Active,False,Standard
16505,2011-11-08 12:14:00,31.025,1,777.6,4,1,3,8,Potential Loyalists,False,Active,False,Standard
16506,2011-11-20 12:17:00,19.022916666666667,2,90.3,4,2,1,7,Potential Loyalists,False,Active,False,Standard
16507,2010-05-16 12:56:00,571.9958333333333,1,142.71,1,1,1,3,Lost / Low Value,True,At Risk,False,Retention Opportunity
16508,2010-03-19 13:41:00,629.9645833333333,1,240.95,1,1,1,3,Lost / Low Value,True,At Risk,False,Retention Opportunity
16509,2011-02-16 09:25:00,296.1423611111111,1,363.7000000000001,2,1,2,5,At Risk,True,At Risk,False,Retention Opportunity
16510,2010-12-02 13:39:00,371.9659722222222,6,1777.5,2,4,4,10,Loyal Customers,True,At Risk,False,Retention Opportunity
16511,2011-11-18 10:41:00,21.089583333333334,6,1760.49,4,4,4,12,Loyal Customers,False,Active,False,Standard
16513,2011-12-05 10:18:00,4.105555555555555,4,874.59,5,4,3,12,Loyal Customers,False,Active,False,Standard
16515,2011-10-18 13:10:00,51.98611111111112,10,3179.06,4,5,5,14,Champions,False,Active,True,Standard
16516,2011-11-09 14:59:00,29.910416666666663,1,101.7,4,1,1,6,At Risk,False,Active,False,Standard
16517,2011-03-07 13:50:00,276.9583333333333,1,162.70000000000002,2,1,1,4,Lost / Low Value,True,At Risk,False,Retention Opportunity
16518,2011-10-09 15:04:00,60.90694444444444,4,959.37,3,4,3,10,Loyal Customers,True,At Risk,False,Retention Opportunity
16519,2011-11-14 15:41:00,24.88125,4,439.06,4,4,2,10,Loyal Customers,False,Active,False,Standard
16520,2011-06-06 13:24:00,185.9763888888889,6,2148.38,3,4,4,11,Loyal Customers,True,At Risk,False,Retention Opportunity
16521,2010-10-20 13:09:00,414.9868055555556,3,1140.11,1,3,3,7,Potential Loyalists,True,At Risk,False,Retention Opportunity
16522,2010-09-30 10:54:00,435.0805555555556,2,433.36,1,2,2,5,At Risk,True,At Risk,False,Retention Opportunity
16523,2011-12-08 09:06:00,1.1555555555555554,28,11916.33,5,5,5,15,Champions,False,Active,True,Standard
16524,2010-09-19 13:37:00,445.96736111111113,2,306.19,1,2,2,5,At Risk,True,At Risk,False,Retention Opportunity
16525,2011-12-07 15:07:00,1.9048611111111111,48,24151.3,5,5,5,15,Champions,False,Active,True,Standard
16526,2011-06-21 12:02:00,171.03333333333333,2,717.21,3,2,3,8,Potential Loyalists,True,At Risk,False,Retention Opportunity
16527,2011-09-19 16:21:00,80.85347222222222,2,1232.94,3,2,4,9,Potential Loyalists,True,At Risk,False,Retention Opportunity
16528,2011-12-06 12:45:00,3.0034722222222223,1,244.41,5,1,1,7,Potential Loyalists,False,Active,False,Standard
16529,2011-06-02 17:23:00,189.81041666666667,4,1986.8,2,4,4,10,Loyal Customers,True,At Risk,False,Retention Opportunity
16530,2010-02-09 15:30:00,667.8888888888889,1,48.35,1,1,1,3,Lost / Low Value,True,At Risk,False,Retention Opportunity
16531,2011-11-17 16:29:00,21.847916666666663,11,2298.33,4,5,4,13,Champions,False,Active,True,Standard
16532,2011-11-22 11:08:00,17.070833333333333,5,8756.64,5,4,5,14,Champions,False,Active,True,Standard
16533,2011-11-20 13:08:00,18.9875,3,1082.81,4,3,3,10,Loyal Customers,False,Active,False,Standard
16534,2010-03-07 15:47:00,641.8770833333333,1,635.9,1,1,3,5,At Risk,True,At Risk,False,Retention Opportunity
16535,2011-12-04 15:18:00,4.897222222222222,3,972.04,5,3,3,11,Loyal Customers,False,Active,False,Standard
16536,2011-08-21 15:54:00,109.87222222222222,1,548.12,3,1,2,6,At Risk,True,At Risk,False,Retention Opportunity
16537,2010-03-08 13:41:00,640.9645833333333,1,23.35,1,1,1,3,Lost / Low Value,True,At Risk,False,Retention Opportunity
16538,2010-06-16 16:59:00,540.8270833333333,3,395.07,1,3,2,6,At Risk,True,At Risk,False,Retention Opportunity
16539,2011-12-07 08:41:00,2.1729166666666666,10,3289.66,5,5,5,15,Champions,False,Active,True,Standard
16540,2010-10-21 17:22:00,413.81111111111113,1,205.75,1,1,1,3,Lost / Low Value,True,At Risk,False,Retention Opportunity
16541,2009-12-04 13:22:00,734.9777777777778,1,424.03,1,1,2,4,Lost / Low Value,True,At Risk,False,Retention Opportunity
16542,2011-10-17 10:47:00,53.08541666666667,2,257.32,4,2,1,7,Potential Loyalists,False,Active,False,Standard
16543,2010-04-27 11:38:00,591.05,1,292.21,1,1,2,4,Lost / Low Value,True,At Risk,False,Retention Opportunity
16544,2010-07-08 11:11:00,519.06875,4,376.7000000000001,1,4,2,7,Potential Loyalists,True,At Risk,False,Retention Opportunity
16545,2011-06-28 10:37:00,164.0923611111111,2,689.8199999999999,3,2,3,8,Potential Loyalists,True,At Risk,False,Retention Opportunity
16546,2011-02-22 11:20:00,290.0625,5,5307.07,2,4,5,11,Loyal Customers,True,At Risk,True,High Priority
16547,2010-06-11 13:02:00,545.9916666666667,1,104.26,1,1,1,3,Lost / Low Value,True,At Risk,False,Retention Opportunity
16548,2010-04-19 16:15:00,598.8576388888889,1,30.15,1,1,1,3,Lost / Low Value,True,At Risk,False,Retention Opportunity
16549,2011-11-29 15:06:00,9.905555555555557,34,12781.8,5,5,5,15,Champions,False,Active,True,Standard
16550,2011-08-23 11:12:00,108.06805555555556,18,8813.58,3,5,5,13,Champions,True,At Risk,True,High Priority
16551,2011-09-05 09:38:00,95.13333333333334,7,2237.12,3,4,4,11,Loyal Customers,True,At Risk,False,Retention Opportunity
16552,2011-04-11 10:04:00,242.11527777777775,2,379.73,2,2,2,6,At Risk,True,At Risk,False,Retention Opportunity
16553,2011-06-29 15:42:00,162.88055555555556,33,16584.01,3,5,5,13,Champions,True,At Risk,True,High Priority
16554,2011-10-28 14:51:00,41.91597222222222,8,2841.7200000000003,4,5,4,13,Champions,False,Active,True,Standard
16555,2011-11-04 14:31:00,34.92986111111111,6,1915.68,4,4,4,12,Loyal Customers,False,Active,False,Standard
16556,2011-10-04 11:36:00,66.0513888888889,17,8012.58,3,5,5,13,Champions,True,At Risk,True,High Priority
16557,2011-11-15 14:04:00,23.948611111111116,2,281.85,4,2,1,7,Potential Loyalists,False,Active,False,Standard
16558,2011-12-09 10:20:00,0.1041666666666666,38,13304.11,5,5,5,15,Champions,False,Active,True,Standard
16559,2010-11-07 13:52:00,396.9569444444445,1,175.0,2,1,1,4,Lost / Low Value,True,At Risk,False,Retention Opportunity
16560,2011-11-13 10:35:00,26.09375,8,3048.38,4,5,5,14,Champions,False,Active,True,Standard
16561,2011-12-04 11:50:00,5.041666666666667,2,511.12,5,2,2,9,Potential Loyalists,False,Active,False,Standard
16562,2010-08-20 11:45:00,476.0451388888889,1,223.86,1,1,1,3,Lost / Low Value,True,At Risk,False,Retention Opportunity
16563,2011-10-17 11:51:00,53.04097222222222,6,4412.56,4,4,5,13,Champions,False,Active,True,Standard
16564,2010-05-19 14:41:00,568.9229166666667,1,87.80000000000001,1,1,1,3,Lost / Low Value,True,At Risk,False,Retention Opportunity
16565,2010-12-10 15:21:00,363.8951388888889,4,773.05,2,4,3,9,Potential Loyalists,True,At Risk,False,Retention Opportunity
16566,2011-11-24 16:34:00,14.844444444444443,5,614.66,5,4,3,12,Loyal Customers,False,Active,False,Standard
16567,2011-05-29 13:57:00,193.95347222222225,2,865.6,2,2,3,7,Potential Loyalists,True,At Risk,False,Retention Opportunity
16568,2010-10-08 10:54:00,427.0805555555556,2,1020.9,1,2,3,6,At Risk,True,At Risk,False,Retention Opportunity
16569,2011-12-06 15:32:00,2.8875,5,1455.23,5,4,4,13,Champions,False,Active,False,Standard
16570,2011-11-24 17:02:00,14.825,20,7434.31,5,5,5,15,Champions,False,Active,True,Standard
16571,2011-11-13 11:46:00,26.044444444444444,10,4248.74,4,5,5,14,Champions,False,Active,True,Standard
16572,2011-08-04 16:34:00,126.84444444444443,3,1009.6,3,3,3,9,Potential Loyalists,True,At Risk,False,Retention Opportunity
16573,2011-09-16 09:13:00,84.15069444444444,2,663.61,3,2,3,8,Potential Loyalists,True,At Risk,False,Retention Opportunity
16574,2011-09-29 13:39:00,70.96597222222222,3,1301.78,3,3,4,10,Loyal Customers,True,At Risk,False,Retention Opportunity
16576,2010-10-15 13:37:00,419.96736111111113,2,540.87,1,2,2,5,At Risk,True,At Risk,False,Retention Opportunity
16577,2010-02-11 09:45:00,666.1284722222222,1,380.0,1,1,2,4,Lost / Low Value,True,At Risk,False,Retention Opportunity
16578,2010-03-23 15:11:00,625.9020833333333,1,156.6,1,1,1,3,Lost / Low Value,True,At Risk,False,Retention Opportunity
16579,2010-10-10 11:58:00,425.0361111111111,1,295.05,1,1,2,4,Lost / Low Value,True,At Risk,False,Retention Opportunity
16581,2011-06-10 10:05:00,182.11458333333331,1,105.84,3,1,1,5,At Risk,True,At Risk,False,Retention Opportunity
16582,2011-08-18 17:02:00,112.825,1,313.62,3,1,2,6,At Risk,True,At Risk,False,Retention Opportunity
16583,2010-12-01 12:03:00,373.03263888888887,2,297.95,2,2,2,6,At Risk,True,At Risk,False,Retention Opportunity
16584,2011-09-20 13:45:00,79.96180555555556,5,3156.17,3,4,5,12,Loyal Customers,True,At Risk,True,High Priority
16585,2010-04-25 10:34:00,593.0944444444444,2,341.59000000000003,1,2,2,5,At Risk,True,At Risk,False,Retention Opportunity
16586,2011-04-05 09:32:00,248.1375,3,1462.78,2,3,4,9,Potential Loyalists,True,At Risk,False,Retention Opportunity
16587,2011-04-21 15:51:00,231.8743055555556,1,225.15,2,1,1,4,Lost / Low Value,True,At Risk,False,Retention Opportunity
16588,2010-11-18 17:56:00,385.7875,4,1361.28,2,4,4,10,Loyal Customers,True,At Risk,False,Retention Opportunity
16589,2011-09-29 14:50:00,70.91666666666667,4,612.36,3,4,3,10,Loyal Customers,True,At Risk,False,Retention Opportunity
16590,2010-11-04 09:06:00,400.1555555555556,2,605.9,2,2,2,6,At Risk,True,At Risk,False,Retention Opportunity
16591,2011-10-02 10:43:00,68.08819444444444,1,213.5,3,1,1,5,At Risk,True,At Risk,False,Retention Opportunity
16592,2011-12-05 13:49:00,3.9590277777777776,28,7807.91,5,5,5,15,Champions,False,Active,True,Standard
16593,2011-10-20 12:41:00,50.00625,8,1071.14,4,5,3,12,Loyal Customers,False,Active,False,Standard
16594,2011-09-25 14:08:00,74.94583333333334,1,181.09,3,1,1,5,At Risk,True,At Risk,False,Retention Opportunity
16595,2011-10-09 13:15:00,60.982638888888886,5,1757.75,3,4,4,11,Loyal Customers,True,At Risk,False,Retention Opportunity
16596,2011-11-24 10:02:00,15.116666666666667,4,458.98,5,4,2,11,Loyal Customers,False,Active,False,Standard
16597,2011-12-05 15:44:00,3.879166666666667,1,90.04,5,1,1,7,Potential Loyalists,False,Active,False,Standard
16598,2011-02-27 11:42:00,285.0472222222222,1,145.05,2,1,1,4,Lost / Low Value,True,At Risk,False,Retention Opportunity
16599,2010-11-19 12:45:00,385.00347222222223,1,172.8,2,1,1,4,Lost / Low Value,True,At Risk,False,Retention Opportunity
16600,2011-12-05 16:00:00,3.8680555555555554,13,2153.41,5,5,4,14,Champions,False,Active,False,Standard
16601,2011-10-30 11:09:00,40.07013888888889,3,677.0,4,3,3,10,Loyal Customers,False,Active,False,Standard
16602,2011-11-03 15:54:00,35.87222222222222,2,763.33,4,2,3,9,Potential Loyalists,False,Active,False,Standard
16603,2011-09-26 10:06:00,74.1138888888889,2,482.47,3,2,2,7,Potential Loyalists,True,At Risk,False,Retention Opportunity
16604,2010-05-26 09:10:00,562.1527777777778,2,432.4500000000001,1,2,2,5,At Risk,True,At Risk,False,Retention Opportunity
16605,2009-12-15 19:03:00,723.7409722222222,1,60.48,1,1,1,3,Lost / Low Value,True,At Risk,False,Retention Opportunity
16606,2010-10-31 13:57:00,403.9534722222222,2,357.66,2,2,2,6,At Risk,True,At Risk,False,Retention Opportunity
16607,2011-11-22 10:24:00,17.101388888888888,25,5706.87,5,5,5,15,Champions,False,Active,True,Standard
16608,2010-09-12 11:44:00,453.04583333333335,2,1286.62,1,2,4,7,Potential Loyalists,True,At Risk,False,Retention Opportunity
16609,2011-11-24 13:32:00,14.970833333333331,7,5493.46,5,4,5,14,Champions,False,Active,True,Standard
16610,2011-05-04 13:13:00,218.98402777777775,1,75.66,2,1,1,4,Lost / Low Value,True,At Risk,False,Retention Opportunity
16611,2011-06-06 15:46:00,185.87777777777777,6,1785.13,3,4,4,11,Loyal Customers,True,At Risk,False,Retention Opportunity
16612,2011-11-07 07:38:00,32.21666666666667,9,3245.4300000000003,4,5,5,14,Champions,False,Active,True,Standard
16613,2011-09-30 15:52:00,69.87361111111112,1,618.59,3,1,3,7,Potential Loyalists,True,At Risk,False,Retention Opportunity
16614,2011-06-10 11:36:00,182.05138888888888,3,1179.79,3,3,3,9,Potential Loyalists,True,At Risk,False,Retention Opportunity
16615,2010-03-23 15:13:00,625.9006944444444,1,291.5,1,1,2,4,Lost / Low Value,True,At Risk,False,Retention Opportunity
16616,2011-11-24 16:31:00,14.846527777777778,2,500.42,5,2,2,9,Potential Loyalists,False,Active,False,Standard
16617,2011-04-18 10:35:00,235.09375,1,151.85,2,1,1,4,Lost / Low Value,True,At Risk,False,Retention Opportunity
16618,2011-11-08 13:52:00,30.95694444444445,5,2647.59,4,4,4,12,Loyal Customers,False,Active,True,Standard
16619,2011-03-21 08:18:00,263.18888888888887,4,1938.33,2,4,4,10,Loyal Customers,True,At Risk,False,Retention Opportunity
16620,2011-12-06 12:19:00,3.0215277777777776,6,1758.93,5,4,4,13,Champions,False,Active,False,Standard
16621,2011-10-19 11:38:00,51.05,4,813.48,4,4,3,11,Loyal Customers,False,Active,False,Standard
16622,2010-06-14 10:44:00,543.0875,1,225.4,1,1,1,3,Lost / Low Value,True,At Risk,False,Retention Opportunity
16623,2011-04-08 10:09:00,245.11180555555555,4,1015.24,2,4,3,9,Potential Loyalists,True,At Risk,False,Retention Opportunity
16624,2011-09-20 12:39:00,80.00763888888889,2,810.57,3,2,3,8,Potential Loyalists,True,At Risk,False,Retention Opportunity
16625,2011-03-10 12:50:00,274.0,5,1654.03,2,4,4,10,Loyal Customers,True,At Risk,False,Retention Opportunity
16626,2011-12-09 11:56:00,0.0375,17,4413.1,5,5,5,15,Champions,False,Active,True,Standard
16627,2011-09-21 14:38:00,78.925,1,322.8,3,1,2,6,At Risk,True,At Risk,False,Retention Opportunity
16628,2011-11-10 12:45:00,29.00347222222222,7,2318.1,4,4,4,12,Loyal Customers,False,Active,True,Standard
16629,2011-09-27 10:34:00,73.09444444444445,2,408.63,3,2,2,7,Potential Loyalists,True,At Risk,False,Retention Opportunity
16630,2010-10-28 14:30:00,406.93055555555554,1,106.8,2,1,1,4,Lost / Low Value,True,At Risk,False,Retention Opportunity
16631,2010-08-15 11:20:00,481.0625,7,1892.52,1,4,4,9,Potential Loyalists,True,At Risk,False,Retention Opportunity
16632,2010-08-11 11:39:00,485.0493055555556,2,406.4,1,2,2,5,At Risk,True,At Risk,False,Retention Opportunity
16633,2011-11-22 13:41:00,16.964583333333334,6,2883.1,5,4,4,13,Champions,False,Active,True,Standard
16634,2011-05-01 12:09:00,222.02847222222223,6,1649.81,2,4,4,10,Loyal Customers,True,At Risk,False,Retention Opportunity
16635,2010-10-29 09:41:00,406.13125,1,473.0,2,1,2,5,At Risk,True,At Risk,False,Retention Opportunity
16636,2010-09-27 13:13:00,437.9840277777778,4,3802.04,1,4,5,10,Loyal Customers,True,At Risk,True,High Priority
16637,2011-11-07 13:17:00,31.98125,4,1154.47,4,4,3,11,Loyal Customers,False,Active,False,Standard
16638,2011-11-17 11:09:00,22.070138888888888,15,2380.13,4,5,4,13,Champions,False,Active,True,Standard
16639,2011-11-08 13:20:00,30.979166666666668,4,1747.98,4,4,4,12,Loyal Customers,False,Active,False,Standard
16640,2010-11-07 10:48:00,397.08472222222224,1,179.4,2,1,1,4,Lost / Low Value,True,At Risk,False,Retention Opportunity
16641,2011-08-26 12:49:00,105.00069444444443,2,554.5,3,2,2,7,Potential Loyalists,True,At Risk,False,Retention Opportunity
16642,2011-12-05 11:31:00,4.054861111111111,3,1077.45,5,3,3,11,Loyal Customers,False,Active,False,Standard
16643,2011-04-08 08:24:00,245.18472222222223,2,923.11,2,2,3,7,Potential Loyalists,True,At Risk,False,Retention Opportunity
16644,2011-06-15 12:39:00,177.0076388888889,2,833.78,3,2,3,8,Potential Loyalists,True,At Risk,False,Retention Opportunity
16645,2009-12-04 09:49:00,735.1256944444444,1,160.39,1,1,1,3,Lost / Low Value,True,At Risk,False,Retention Opportunity
16646,2010-09-16 13:28:00,448.9736111111111,1,678.8,1,1,3,5,At Risk,True,At Risk,False,Retention Opportunity
16647,2011-06-23 11:47:00,169.04375,4,541.9,3,4,2,9,Potential Loyalists,True,At Risk,False,Retention Opportunity
16648,2011-10-28 08:58:00,42.16111111111111,3,672.8,4,3,3,10,Loyal Customers,False,Active,False,Standard
16649,2010-07-07 15:41:00,519.88125,1,306.58,1,1,2,4,Lost / Low Value,True,At Risk,False,Retention Opportunity
16650,2011-09-29 09:51:00,71.12430555555555,7,1916.11,3,4,4,11,Loyal Customers,True,At Risk,False,Retention Opportunity
16651,2010-05-02 11:46:00,586.0444444444445,1,136.2,1,1,1,3,Lost / Low Value,True,At Risk,False,Retention Opportunity
16652,2011-10-12 09:38:00,58.13333333333333,16,17550.39,4,5,5,14,Champions,False,Active,True,Standard
16653,2011-11-23 14:51:00,15.915972222222225,2,1212.66,5,2,3,10,Loyal Customers,False,Active,False,Standard
16654,2011-07-21 15:23:00,140.89375,8,1484.07,3,5,4,12,Loyal Customers,True,At Risk,False,Retention Opportunity
16655,2011-11-22 11:25:00,17.05902777777778,13,6423.26,5,5,5,15,Champions,False,Active,True,Standard
16656,2011-11-17 14:43:00,21.92152777777778,30,16833.170000000002,4,5,5,14,Champions,False,Active,True,Standard
16657,2011-11-30 11:48:00,9.043055555555556,4,874.43,5,4,3,12,Loyal Customers,False,Active,False,Standard
16658,2010-12-06 13:47:00,367.9604166666667,6,690.83,2,4,3,9,Potential Loyalists,True,At Risk,False,Retention Opportunity
16659,2011-06-03 15:03:00,188.9076388888889,1,39.12,2,1,1,4,Lost / Low Value,True,At Risk,False,Retention Opportunity
16660,2011-11-23 14:53:00,15.914583333333333,7,1879.55,5,4,4,13,Champions,False,Active,False,Standard
16661,2010-06-17 15:24:00,539.8930555555555,4,932.76,1,4,3,8,Potential Loyalists,True,At Risk,False,Retention Opportunity
16662,2010-11-10 16:56:00,393.82916666666665,1,151.05,2,1,1,4,Lost / Low Value,True,At Risk,False,Retention Opportunity
16663,2009-12-10 13:12:00,728.9847222222222,1,165.0,1,2,1,4,Lost / Low Value,True,At Risk,False,Retention Opportunity
16664,2010-05-19 17:11:00,568.81875,1,109.2,1,2,1,4,Lost / Low Value,True,At Risk,False,Retention Opportunity
16665,2010-12-12 14:03:00,361.9493055555556,1,135.4,2,2,1,5,At Risk,True,At Risk,False,Retention Opportunity
16666,2011-11-20 14:01:00,18.950694444444444,2,217.71,5,2,1,8,Potential Loyalists,False,Active,False,Standard
16667,2011-10-02 15:26:00,67.89166666666667,2,567.1800000000001,3,2,2,7,Potential Loyalists,True,At Risk,False,Retention Opportunity
16668,2011-11-24 17:43:00,14.796527777777778,13,862.42,5,5,3,13,Champions,False,Active,False,Standard
16669,2011-11-16 12:26:00,23.016666666666666,3,1348.88,4,3,4,11,Loyal Customers,False,Active,False,Standard
16670,2011-11-23 09:34:00,16.136111111111113,20,8030.150000000001,5,5,5,15,Champions,False,Active,True,Standard
16671,2011-11-11 13:40:00,27.96527777777778,3,1692.27,4,3,4,11,Loyal Customers,False,Active,False,Standard
16672,2011-12-07 16:29:00,1.8479166666666669,20,8134.94,5,5,5,15,Champions,False,Active,True,Standard
16673,2010-01-29 14:22:00,678.9361111111111,1,171.13,1,2,1,4,Lost / Low Value,True,At Risk,False,Retention Opportunity
16674,2011-10-16 11:31:00,54.05486111111111,2,304.24,4,2,2,8,Potential Loyalists,False,Active,False,Standard
16675,2010-09-24 12:15:00,441.02430555555554,2,608.86,1,2,2,5,At Risk,True,At Risk,False,Retention Opportunity
16676,2011-11-06 12:01:00,33.03402777777778,6,2361.9,4,4,4,12,Loyal Customers,False,Active,True,Standard
16677,2010-10-24 14:53:00,410.9145833333333,2,880.62,1,2,3,6,At Risk,True,At Risk,False,Retention Opportunity
16678,2011-12-07 12:17:00,2.0229166666666667,12,3109.99,5,5,5,15,Champions,False,Active,True,Standard
16679,2010-12-08 13:51:00,365.9576388888889,3,663.31,2,3,3,8,Potential Loyalists,True,At Risk,False,Retention Opportunity
16680,2011-10-27 17:35:00,42.802083333333336,3,821.45,4,3,3,10,Loyal Customers,False,Active,False,Standard
16681,2011-09-28 11:11:00,72.06875,7,1921.84,3,4,4,11,Loyal Customers,True,At Risk,False,Retention Opportunity
16682,2011-12-05 12:13:00,4.0256944444444445,5,1028.0,5,4,3,12,Loyal Customers,False,Active,False,Standard
16683,2010-06-24 10:36:00,533.0930555555556,1,320.25,1,2,2,5,At Risk,True,At Risk,False,Retention Opportunity
16684,2011-12-05 14:06:00,3.9472222222222224,55,147142.77,5,5,5,15,Champions,False,Active,True,Standard
16685,2011-10-09 13:58:00,60.952777777777776,2,324.24,3,2,2,7,Potential Loyalists,True,At Risk,False,Retention Opportunity
16686,2011-10-23 13:49:00,46.95902777777778,16,4881.07,4,5,5,14,Champions,False,Active,True,Standard
16687,2010-11-14 11:46:00,390.0444444444444,1,157.63,2,2,1,5,At Risk,True,At Risk,False,Retention Opportunity
16688,2011-12-08 15:24:00,0.8930555555555556,4,1260.86,5,4,4,13,Champions,False,Active,False,Standard
16689,2011-09-25 11:39:00,75.04930555555555,2,422.6,3,2,2,7,Potential Loyalists,True,At Risk,False,Retention Opportunity
16690,2011-09-28 15:02:00,71.90833333333333,4,353.03000000000003,3,4,2,9,Potential Loyalists,True,At Risk,False,Retention Opportunity
16691,2010-10-17 15:03:00,417.90763888888887,2,178.83,1,2,1,4,Lost / Low Value,True,At Risk,False,Retention Opportunity
16692,2011-03-28 14:46:00,255.91944444444445,4,1914.7,2,4,4,10,Loyal Customers,True,At Risk,False,Retention Opportunity
16693,2011-10-02 11:10:00,68.06944444444444,5,1179.48,3,4,3,10,Loyal Customers,True,At Risk,False,Retention Opportunity
16694,2009-12-16 15:45:00,722.8784722222222,1,98.3,1,2,1,4,Lost / Low Value,True,At Risk,False,Retention Opportunity
16695,2010-05-27 12:36:00,561.0097222222222,2,191.9,1,2,1,4,Lost / Low Value,True,At Risk,False,Retention Opportunity
16696,2011-07-27 14:23:00,134.93541666666667,4,657.9,3,4,3,10,Loyal Customers,True,At Risk,False,Retention Opportunity
16697,2011-04-12 17:12:00,240.8180555555556,1,112.75,2,2,1,5,At Risk,True,At Risk,False,Retention Opportunity
16698,2011-04-27 10:52:00,226.08194444444445,2,1998.0,2,2,4,8,Potential Loyalists,True,At Risk,False,Retention Opportunity
16699,2010-11-24 14:38:00,379.925,7,994.6,2,4,3,9,Potential Loyalists,True,At Risk,False,Retention Opportunity
16700,2011-12-01 11:00:00,8.07638888888889,25,8830.77,5,5,5,15,Champions,False,Active,True,Standard
16701,2011-12-01 11:10:00,8.069444444444445,26,9916.73,5,5,5,15,Champions,False,Active,True,Standard
16702,2010-10-20 14:10:00,414.94444444444446,4,1110.83,1,4,3,8,Potential Loyalists,True,At Risk,False,Retention Opportunity
16704,2010-03-31 14:02:00,617.95,2,664.16,1,2,3,6,At Risk,True,At Risk,False,Retention Opportunity
16705,2011-12-09 12:08:00,0.0291666666666666,42,43515.051,5,5,5,15,Champions,False,Active,True,Standard
16706,2011-11-02 13:50:00,36.958333333333336,3,531.35,4,3,2,9,Potential Loyalists,False,Active,False,Standard
16707,2010-11-04 14:39:00,399.9243055555556,4,533.41,2,4,2,8,Potential Loyalists,True,At Risk,False,Retention Opportunity
16708,2011-10-25 12:20:00,45.020833333333336,1,656.63,4,2,3,9,Potential Loyalists,False,Active,False,Standard
16709,2011-09-16 10:56:00,84.07916666666667,14,9056.01,3,5,5,13,Champions,True,At Risk,True,High Priority
16710,2011-11-20 14:50:00,18.916666666666668,22,5921.35,5,5,5,15,Champions,False,Active,True,Standard
16711,2011-12-06 16:32:00,2.845833333333333,9,2868.48,5,5,4,14,Champions,False,Active,True,Standard
16712,2011-11-30 13:48:00,8.959722222222222,13,4232.87,5,5,5,15,Champions,False,Active,True,Standard
16713,2011-11-21 12:36:00,18.009722222222223,32,14115.56,5,5,5,15,Champions,False,Active,True,Standard
16714,2011-05-05 11:09:00,218.0701388888889,4,1497.33,2,4,4,10,Loyal Customers,True,At Risk,False,Retention Opportunity
16715,2011-09-22 18:15:00,77.77430555555556,2,625.52,3,2,3,8,Potential Loyalists,True,At Risk,False,Retention Opportunity
16716,2011-03-18 10:03:00,266.11597222222224,3,2149.6800000000003,2,3,4,9,Potential Loyalists,True,At Risk,False,Retention Opportunity
16717,2011-11-16 12:16:00,23.023611111111112,14,6663.68,4,5,5,14,Champions,False,Active,True,Standard
16718,2010-12-05 13:03:00,368.99097222222224,5,3006.08,2,4,5,11,Loyal Customers,True,At Risk,True,High Priority
16719,2011-11-25 09:27:00,14.140972222222222,14,3513.62,5,5,5,15,Champions,False,Active,True,Standard
16720,2011-11-13 16:22:00,25.852777777777774,3,758.74,4,3,3,10,Loyal Customers,False,Active,False,Standard
16721,2011-03-22 16:08:00,261.8625,1,292.47,2,2,2,6,At Risk,True,At Risk,False,Retention Opportunity
16722,2011-11-22 13:28:00,16.97361111111111,22,8189.56,5,5,5,15,Champions,False,Active,True,Standard
16723,2011-09-09 13:01:00,90.99236111111112,4,1231.36,3,4,4,11,Loyal Customers,True,At Risk,False,Retention Opportunity
16724,2010-10-31 11:40:00,404.0486111111111,1,147.35,2,2,1,5,At Risk,True,At Risk,False,Retention Opportunity
16725,2011-02-10 16:52:00,301.83194444444445,14,1688.26,2,5,4,11,Loyal Customers,True,At Risk,False,Retention Opportunity
16726,2011-11-13 14:53:00,25.914583333333333,7,2063.88,4,4,4,12,Loyal Customers,False,Active,False,Standard
16727,2010-12-10 13:48:00,363.95972222222224,4,1377.77,2,4,4,10,Loyal Customers,True,At Risk,False,Retention Opportunity
16728,2011-10-24 14:36:00,45.92638888888889,4,1048.28,4,4,3,11,Loyal Customers,False,Active,False,Standard
16729,2011-11-01 14:29:00,37.93125,21,7205.33,4,5,5,14,Champions,False,Active,True,Standard
16730,2011-10-18 14:11:00,51.94375,3,743.11,4,3,3,10,Loyal Customers,False,Active,False,Standard
16731,2010-03-01 15:05:00,647.90625,1,170.3,1,2,1,4,Lost / Low Value,True,At Risk,False,Retention Opportunity
16732,2011-11-08 09:54:00,31.122222222222224,4,4387.64,4,4,5,13,Champions,False,Active,True,Standard
16733,2010-06-28 10:12:00,529.1097222222222,1,259.68,1,2,1,4,Lost / Low Value,True,At Risk,False,Retention Opportunity
16734,2011-10-18 13:44:00,51.9625,3,646.76,4,3,3,10,Loyal Customers,False,Active,False,Standard
16735,2011-09-22 11:49:00,78.0423611111111,14,6217.41,3,5,5,13,Champions,True,At Risk,True,High Priority
16736,2010-07-22 10:09:00,505.1118055555556,5,2956.56,1,4,5,10,Loyal Customers,True,At Risk,True,High Priority
16737,2011-10-17 13:03:00,52.99097222222223,2,835.2,4,2,3,9,Potential Loyalists,False,Active,False,Standard
16738,2011-02-15 09:46:00,297.1277777777778,1,3.75,2,2,1,5,At Risk,True,At Risk,False,Retention Opportunity
16739,2011-06-16 09:17:00,176.14791666666667,2,786.4300000000001,3,2,3,8,Potential Loyalists,True,At Risk,False,Retention Opportunity
16740,2010-11-09 13:34:00,394.9694444444444,1,226.91,2,2,1,5,At Risk,True,At Risk,False,Retention Opportunity
16741,2010-03-24 15:15:00,624.8993055555555,1,173.06,1,2,1,4,Lost / Low Value,True,At Risk,False,Retention Opportunity
16742,2011-10-24 12:02:00,46.03333333333333,14,2799.87,4,5,4,13,Champions,False,Active,True,Standard
16743,2011-11-10 13:13:00,28.98402777777778,14,4212.15,4,5,5,14,Champions,False,Active,True,Standard
16744,2011-11-28 13:06:00,10.988888888888887,7,1291.91,5,4,4,13,Champions,False,Active,False,Standard
16745,2011-09-14 11:58:00,86.03611111111111,17,7180.7,3,5,5,13,Champions,True,At Risk,True,High Priority
16746,2011-12-05 12:33:00,4.011805555555555,42,18046.75,5,5,5,15,Champions,False,Active,True,Standard
16747,2011-11-02 11:37:00,37.050694444444446,2,836.0600000000001,4,2,3,9,Potential Loyalists,False,Active,False,Standard
16748,2011-11-22 10:17:00,17.10625,14,3637.33,5,5,5,15,Champions,False,Active,True,Standard
16749,2010-04-27 13:06:00,590.9888888888889,2,4157.88,1,2,5,8,Potential Loyalists,True,At Risk,True,High Priority
16750,2011-10-26 12:48:00,44.00138888888889,5,623.93,4,4,3,11,Loyal Customers,False,Active,False,Standard
16751,2011-11-09 10:48:00,30.084722222222226,1,1764.72,4,2,4,10,Loyal Customers,False,Active,False,Standard
16752,2010-12-02 12:18:00,372.02222222222224,1,207.5,2,2,1,5,At Risk,True,At Risk,False,Retention Opportunity
16753,2011-10-12 13:14:00,57.98333333333333,1,223.92,4,2,1,7,Potential Loyalists,False,Active,False,Standard
16754,2010-12-02 17:38:00,371.8,29,65500.07,2,5,5,12,Loyal Customers,True,At Risk,True,High Priority
16755,2011-08-17 13:21:00,113.97847222222222,7,2864.68,3,4,4,11,Loyal Customers,True,At Risk,True,High Priority
16756,2011-05-09 09:33:00,214.13680555555555,7,1312.37,2,4,4,10,Loyal Customers,True,At Risk,False,Retention Opportunity
16757,2011-01-25 11:59:00,318.03541666666666,2,270.48,2,2,1,5,At Risk,True,At Risk,False,Retention Opportunity
16758,2011-10-05 14:47:00,64.91875,1,369.34,3,2,2,7,Potential Loyalists,True,At Risk,False,Retention Opportunity
16759,2011-12-02 12:42:00,7.005555555555556,3,789.79,5,3,3,11,Loyal Customers,False,Active,False,Standard
16760,2010-10-05 15:55:00,429.87152777777777,1,228.0,1,2,1,4,Lost / Low Value,True,At Risk,False,Retention Opportunity
16761,2011-09-04 11:15:00,96.06597222222224,1,316.62,3,2,2,7,Potential Loyalists,True,At Risk,False,Retention Opportunity
16762,2011-11-20 11:43:00,19.04652777777778,3,1207.24,4,3,3,10,Loyal Customers,False,Active,False,Standard
16763,2011-05-25 11:52:00,198.0402777777778,2,964.7,2,2,3,7,Potential Loyalists,True,At Risk,False,Retention Opportunity
16764,2011-12-06 11:41:00,3.0479166666666666,13,2790.9500000000003,5,5,4,14,Champions,False,Active,True,Standard
16765,2011-02-18 15:41:00,293.88125,2,454.75,2,2,2,6,At Risk,True,At Risk,False,Retention Opportunity
16766,2011-03-11 15:22:00,272.89444444444445,2,1145.6,2,2,3,7,Potential Loyalists,True,At Risk,False,Retention Opportunity
16767,2011-11-09 09:42:00,30.13055555555556,15,8056.76,4,5,5,14,Champions,False,Active,True,Standard
16768,2011-10-23 10:38:00,47.09166666666667,9,1698.57,4,5,4,13,Champions,False,Active,False,Standard
16769,2011-03-24 13:41:00,259.96458333333334,4,1117.05,2,4,3,9,Potential Loyalists,True,At Risk,False,Retention Opportunity
16770,2011-10-13 12:21:00,57.02013888888889,9,1778.93,4,5,4,13,Champions,False,Active,False,Standard
16771,2011-11-06 13:28:00,32.97361111111111,10,3949.6,4,5,5,14,Champions,False,Active,True,Standard
16772,2010-10-12 13:19:00,422.9798611111111,3,3698.05,1,3,5,9,Potential Loyalists,True,At Risk,True,High Priority
16773,2011-10-13 14:37:00,56.925694444444446,3,421.24,4,3,2,9,Potential Loyalists,False,Active,False,Standard
16774,2011-10-03 12:41:00,67.00625,8,1567.48,3,5,4,12,Loyal Customers,True,At Risk,False,Retention Opportunity
16775,2011-11-29 15:22:00,9.894444444444444,16,2820.84,5,5,4,14,Champions,False,Active,True,Standard
16776,2011-10-10 13:04:00,59.99027777777778,2,592.51,3,2,2,7,Potential Loyalists,False,Active,False,Standard
16777,2011-09-20 13:41:00,79.96458333333334,5,1292.18,3,4,4,11,Loyal Customers,True,At Risk,False,Retention Opportunity
16778,2011-09-26 13:48:00,73.95972222222223,2,245.94,3,2,1,6,At Risk,True,At Risk,False,Retention Opportunity
16779,2011-12-07 14:54:00,1.913888888888889,53,32809.03,5,5,5,15,Champions,False,Active,True,Standard
16780,2011-08-31 16:09:00,99.86180555555556,3,596.4,3,3,2,8,Potential Loyalists,True,At Risk,False,Retention Opportunity
16781,2010-12-02 14:26:00,371.9333333333333,2,623.0,2,2,3,7,Potential Loyalists,True,At Risk,False,Retention Opportunity
16782,2011-11-29 13:20:00,9.979166666666666,38,9636.12,5,5,5,15,Champions,False,Active,True,Standard
16783,2010-09-29 11:53:00,436.0395833333333,1,391.95,1,2,2,5,At Risk,True,At Risk,False,Retention Opportunity
16784,2011-11-20 12:20:00,19.02083333333333,5,892.33,4,4,3,11,Loyal Customers,False,Active,False,Standard
16785,2010-10-26 10:36:00,409.0930555555556,1,533.78,2,2,2,6,At Risk,True,At Risk,False,Retention Opportunity
16786,2010-11-11 08:25:00,393.18402777777777,1,51.84,2,2,1,5,At Risk,True,At Risk,False,Retention Opportunity
16787,2010-11-07 11:01:00,397.0756944444444,4,1017.53,2,4,3,9,Potential Loyalists,True,At Risk,False,Retention Opportunity
16788,2011-08-08 14:53:00,122.91458333333334,5,1928.93,3,4,4,11,Loyal Customers,True,At Risk,False,Retention Opportunity
16789,2011-12-01 15:12:00,7.901388888888889,1,80.80000000000001,5,2,1,8,Potential Loyalists,False,Active,False,Standard
16790,2011-12-06 11:53:00,3.0395833333333333,6,1545.62,5,4,4,13,Champions,False,Active,False,Standard
16791,2011-11-10 19:12:00,28.73472222222222,15,3957.63,4,5,5,14,Champions,False,Active,True,Standard
16792,2011-03-02 14:41:00,281.92291666666665,5,623.46,2,4,3,9,Potential Loyalists,True,At Risk,False,Retention Opportunity
16793,2011-10-13 15:08:00,56.90416666666667,1,243.84,4,2,1,7,Potential Loyalists,False,Active,False,Standard
16794,2011-12-08 17:54:00,0.7888888888888889,15,2052.7,5,5,4,14,Champions,False,Active,False,Standard
16795,2010-12-09 14:08:00,364.9458333333333,3,2062.41,2,3,4,9,Potential Loyalists,True,At Risk,False,Retention Opportunity
16796,2011-09-11 14:01:00,88.95069444444445,1,305.62,3,2,2,7,Potential Loyalists,True,At Risk,False,Retention Opportunity
16797,2010-11-11 19:14:00,392.73333333333335,5,1802.02,2,4,4,10,Loyal Customers,True,At Risk,False,Retention Opportunity
16798,2010-06-03 19:01:00,553.7423611111111,3,841.16,1,3,3,7,Potential Loyalists,True,At Risk,False,Retention Opportunity
16799,2010-10-03 14:28:00,431.93194444444447,2,452.78,1,2,2,5,At Risk,True,At Risk,False,Retention Opportunity
16800,2011-11-28 14:06:00,10.947222222222225,1,1162.65,5,2,3,10,Loyal Customers,False,Active,False,Standard
16801,2011-06-29 15:33:00,162.88680555555555,4,1594.23,3,4,4,11,Loyal Customers,True,At Risk,False,Retention Opportunity
16802,2010-01-29 13:44:00,678.9625,2,582.61,1,2,2,5,At Risk,True,At Risk,False,Retention Opportunity
16803,2011-10-05 14:28:00,64.93194444444444,1,332.3,3,2,2,7,Potential Loyalists,True,At Risk,False,Retention Opportunity
16804,2011-11-16 16:43:00,22.838194444444444,3,536.99,4,3,2,9,Potential Loyalists,False,Active,False,Standard
16805,2011-06-19 11:23:00,173.06041666666667,5,1091.34,3,4,3,10,Loyal Customers,True,At Risk,False,Retention Opportunity
16806,2011-08-28 15:27:00,102.89097222222222,4,762.16,3,4,3,10,Loyal Customers,True,At Risk,False,Retention Opportunity
16807,2011-07-20 12:00:00,142.03472222222223,6,2123.88,3,4,4,11,Loyal Customers,True,At Risk,False,Retention Opportunity
16808,2011-09-01 19:34:00,98.71944444444443,2,288.42,3,2,2,7,Potential Loyalists,True,At Risk,False,Retention Opportunity
16809,2011-11-16 15:45:00,22.87847222222222,9,1727.43,4,5,4,13,Champions,False,Active,False,Standard
16810,2011-05-31 15:32:00,191.8875,2,842.04,2,2,3,7,Potential Loyalists,True,At Risk,False,Retention Opportunity
16811,2011-12-05 11:39:00,4.049305555555556,2,547.07,5,2,2,9,Potential Loyalists,False,Active,False,Standard
16812,2010-12-14 12:35:00,360.0104166666667,4,2392.0,2,4,4,10,Loyal Customers,True,At Risk,True,High Priority
16813,2011-12-01 14:03:00,7.949305555555555,10,1652.18,5,5,4,14,Champions,False,Active,False,Standard
16814,2011-11-25 13:27:00,13.974305555555556,36,11924.85,5,5,5,15,Champions,False,Active,True,Standard
16815,2010-09-12 10:59:00,453.07708333333335,2,406.02,1,2,2,5,At Risk,True,At Risk,False,Retention Opportunity
16816,2011-08-28 14:16:00,102.94027777777778,4,417.06,3,4,2,9,Potential Loyalists,True,At Risk,False,Retention Opportunity
16817,2011-12-07 11:03:00,2.074305555555556,13,2560.7000000000003,5,5,4,14,Champions,False,Active,True,Standard
16818,2011-11-29 10:41:00,10.089583333333334,11,3349.57,5,5,5,15,Champions,False,Active,True,Standard
16819,2010-08-31 17:37:00,464.8006944444445,2,182.59,1,2,1,4,Lost / Low Value,True,At Risk,False,Retention Opportunity
16820,2011-09-05 12:06:00,95.03055555555557,1,497.61,3,2,2,7,Potential Loyalists,True,At Risk,False,Retention Opportunity
16821,2010-11-23 10:04:00,381.1152777777778,1,113.35,2,2,1,5,At Risk,True,At Risk,False,Retention Opportunity
16822,2010-01-22 14:22:00,685.9361111111111,1,181.39,1,2,1,4,Lost / Low Value,True,At Risk,False,Retention Opportunity
16823,2011-04-26 15:00:00,226.90972222222223,7,2243.09,2,4,4,10,Loyal Customers,True,At Risk,False,Retention Opportunity
16824,2011-11-24 12:38:00,15.008333333333333,3,686.24,5,3,3,11,Loyal Customers,False,Active,False,Standard
16825,2011-11-01 11:51:00,38.04097222222222,5,1826.89,4,4,4,12,Loyal Customers,False,Active,False,Standard
16826,2011-10-19 14:05:00,50.94791666666666,1,341.7,4,2,2,8,Potential Loyalists,False,Active,False,Standard
16827,2010-11-11 14:04:00,392.9486111111111,5,392.13,2,4,2,8,Potential Loyalists,True,At Risk,False,Retention Opportunity
16828,2011-09-07 15:10:00,92.90277777777776,2,128.5,3,2,1,6,At Risk,True,At Risk,False,Retention Opportunity
16829,2011-07-06 10:48:00,156.0847222222222,2,513.32,3,2,2,7,Potential Loyalists,True,At Risk,False,Retention Opportunity
16830,2011-11-01 11:35:00,38.052083333333336,4,1207.5,4,4,3,11,Loyal Customers,False,Active,False,Standard
16831,2010-05-24 09:08:00,564.1541666666667,1,91.8,1,2,1,4,Lost / Low Value,True,At Risk,False,Retention Opportunity
16832,2011-06-08 15:36:00,183.88472222222225,5,417.61,3,4,2,9,Potential Loyalists,True,At Risk,False,Retention Opportunity
16833,2011-12-08 14:39:00,0.9243055555555556,6,2409.04,5,4,4,13,Champions,False,Active,True,Standard
16834,2011-04-26 09:37:00,227.1340277777778,2,898.96,2,3,3,8,Potential Loyalists,True,At Risk,False,Retention Opportunity
16835,2011-08-03 13:50:00,127.95833333333331,6,1456.66,3,4,4,11,Loyal Customers,True,At Risk,False,Retention Opportunity
16836,2011-10-31 10:05:00,39.114583333333336,4,782.37,4,4,3,11,Loyal Customers,False,Active,False,Standard
16837,2011-11-08 14:27:00,30.93263888888889,11,3170.98,4,5,5,14,Champions,False,Active,True,Standard
16838,2011-05-26 13:13:00,196.98402777777775,4,1159.61,2,4,3,9,Potential Loyalists,True,At Risk,False,Retention Opportunity
16839,2011-12-01 09:03:00,8.157638888888888,44,21758.25,5,5,5,15,Champions,False,Active,True,Standard
16840,2010-04-15 15:48:00,602.8763888888889,2,139.85,1,3,1,5,At Risk,True,At Risk,False,Retention Opportunity
16841,2011-11-03 11:51:00,36.04097222222222,12,4006.06,4,5,5,14,Champions,False,Active,True,Standard
16842,2011-08-31 10:42:00,100.08888888888887,3,1264.19,3,3,4,10,Loyal Customers,True,At Risk,False,Retention Opportunity
16843,2011-10-28 09:06:00,42.15555555555556,35,19571.43,4,5,5,14,Champions,False,Active,True,Standard
16844,2010-05-26 10:29:00,562.0979166666667,2,614.34,1,3,3,7,Potential Loyalists,True,At Risk,False,Retention Opportunity
16845,2010-03-31 13:09:00,617.9868055555555,1,253.88,1,2,1,4,Lost / Low Value,True,At Risk,False,Retention Opportunity
16846,2011-10-20 13:55:00,49.95486111111112,3,842.41,4,3,3,10,Loyal Customers,False,Active,False,Standard
16847,2011-10-27 13:29:00,42.97291666666667,2,614.89,4,3,3,10,Loyal Customers,False,Active,False,Standard
16848,2011-10-18 08:42:00,52.172222222222224,4,1411.62,4,4,4,12,Loyal Customers,False,Active,False,Standard
16849,2011-06-06 09:16:00,186.1486111111111,1,124.57,3,2,1,6,At Risk,True,At Risk,False,Retention Opportunity
16850,2011-01-10 11:09:00,333.0701388888889,1,332.41,2,2,2,6,At Risk,True,At Risk,False,Retention Opportunity
16851,2011-12-05 13:32:00,3.970833333333333,3,342.45,5,3,2,10,Loyal Customers,False,Active,False,Standard
16852,2011-11-29 13:22:00,9.977777777777778,2,144.91,5,3,1,9,Potential Loyalists,False,Active,False,Standard
16854,2010-10-18 16:31:00,416.8465277777778,2,1408.96,1,3,4,8,Potential Loyalists,True,At Risk,False,Retention Opportunity
16855,2011-11-16 12:03:00,23.03263888888889,2,328.40000000000003,4,3,2,9,Potential Loyalists,False,Active,False,Standard
16856,2011-11-25 08:59:00,14.160416666666666,3,358.49,5,3,2,10,Loyal Customers,False,Active,False,Standard
16857,2010-09-23 10:49:00,442.0840277777778,1,352.8,1,2,2,5,At Risk,True,At Risk,False,Retention Opportunity
16858,2010-12-06 09:52:00,368.12361111111113,10,4292.59,2,5,5,12,Loyal Customers,True,At Risk,True,High Priority
16859,2011-07-18 12:19:00,144.02152777777778,7,1932.41,3,4,4,11,Loyal Customers,True,At Risk,False,Retention Opportunity
16860,2010-09-13 10:05:00,452.1145833333333,3,1610.62,1,3,4,8,Potential Loyalists,True,At Risk,False,Retention Opportunity
16861,2011-10-11 09:05:00,59.15625,5,946.59,3,4,3,10,Loyal Customers,False,Active,False,Standard
16862,2010-06-10 13:05:00,546.9895833333334,4,662.33,1,4,3,8,Potential Loyalists,True,At Risk,False,Retention Opportunity
16863,2011-11-08 15:26:00,30.891666666666666,3,834.27,4,3,3,10,Loyal Customers,False,Active,False,Standard
16864,2010-10-01 16:16:00,433.8569444444444,2,409.25,1,3,2,6,At Risk,True,At Risk,False,Retention Opportunity
16865,2010-11-03 11:34:00,401.0527777777778,1,130.95,2,2,1,5,At Risk,True,At Risk,False,Retention Opportunity
16866,2011-07-22 10:06:00,140.11388888888888,3,207.74,3,3,1,7,Potential Loyalists,True,At Risk,False,Retention Opportunity
16867,2010-01-19 09:11:00,689.1520833333333,1,76.74000000000001,1,2,1,4,Lost / Low Value,True,At Risk,False,Retention Opportunity
16868,2010-11-10 13:17:00,393.98125,3,384.56,2,3,2,7,Potential Loyalists,True,At Risk,False,Retention Opportunity
16869,2011-11-17 12:02:00,22.03333333333333,4,817.12,4,4,3,11,Loyal Customers,False,Active,False,Standard
16870,2010-08-27 13:53:00,468.95625,1,450.16,1,2,2,5,At Risk,True,At Risk,False,Retention Opportunity
16871,2011-11-17 19:27:00,21.72430555555556,6,2812.34,4,4,4,12,Loyal Customers,False,Active,True,Standard
16872,2011-09-23 16:05:00,76.86458333333333,6,1213.13,3,4,3,10,Loyal Customers,True,At Risk,False,Retention Opportunity
16873,2011-12-05 12:05:00,4.03125,12,14617.39,5,5,5,15,Champions,False,Active,True,Standard
16874,2010-11-25 13:08:00,378.9875,1,209.89,2,2,1,5,At Risk,True,At Risk,False,Retention Opportunity
16875,2011-10-03 13:39:00,66.96597222222222,11,4234.53,3,5,5,13,Champions,True,At Risk,True,High Priority
16876,2010-11-01 11:59:00,403.03541666666666,1,136.01,2,2,1,5,At Risk,True,At Risk,False,Retention Opportunity
16877,2011-11-27 13:47:00,11.960416666666667,6,846.62,5,4,3,12,Loyal Customers,False,Active,False,Standard
16878,2011-09-16 17:39:00,83.79930555555555,1,13.3,3,2,1,6,At Risk,True,At Risk,False,Retention Opportunity
16880,2011-11-09 11:33:00,30.053472222222226,8,1813.21,4,5,4,13,Champions,False,Active,False,Standard
16881,2011-10-04 10:33:00,66.09513888888888,1,432.0,3,2,2,7,Potential Loyalists,True,At Risk,False,Retention Opportunity
16882,2011-10-04 10:42:00,66.08888888888889,3,705.12,3,3,3,9,Potential Loyalists,True,At Risk,False,Retention Opportunity
16883,2011-06-05 12:51:00,186.9993055555556,19,2246.06,3,5,4,12,Loyal Customers,True,At Risk,False,Retention Opportunity
16884,2011-11-02 11:52:00,37.040277777777774,4,1070.97,4,4,3,11,Loyal Customers,False,Active,False,Standard
16885,2011-11-24 13:40:00,14.96527777777778,4,684.6,5,4,3,12,Loyal Customers,False,Active,False,Standard
16886,2010-09-09 15:08:00,455.9041666666666,1,134.0,1,2,1,4,Lost / Low Value,True,At Risk,False,Retention Opportunity
16887,2011-11-04 14:07:00,34.946527777777774,3,658.17,4,3,3,10,Loyal Customers,False,Active,False,Standard
16888,2010-11-04 12:39:00,400.0076388888889,3,434.2,2,3,2,7,Potential Loyalists,True,At Risk,False,Retention Opportunity
16889,2011-05-29 11:05:00,194.07291666666663,6,2526.65,2,4,4,10,Loyal Customers,True,At Risk,True,High Priority
16890,2010-08-20 11:23:00,476.0604166666666,3,285.41,1,3,1,5,At Risk,True,At Risk,False,Retention Opportunity
16891,2011-12-08 11:15:00,1.0659722222222223,11,1727.94,5,5,4,14,Champions,False,Active,False,Standard
16892,2011-12-08 13:18:00,0.9805555555555556,7,754.75,5,4,3,12,Loyal Customers,False,Active,False,Standard
16893,2010-12-08 12:06:00,366.0305555555556,2,249.89,2,3,1,6,At Risk,True,At Risk,False,Retention Opportunity
16894,2010-07-25 15:43:00,501.8798611111111,3,1306.96,1,3,4,8,Potential Loyalists,True,At Risk,False,Retention Opportunity
16895,2011-10-06 12:15:00,64.02430555555556,5,1102.9,3,4,3,10,Loyal Customers,True,At Risk,False,Retention Opportunity
16896,2010-06-02 15:40:00,554.8819444444445,1,103.95,1,2,1,4,Lost / Low Value,True,At Risk,False,Retention Opportunity
16897,2011-02-13 15:02:00,298.90833333333336,2,289.78,2,3,2,7,Potential Loyalists,True,At Risk,False,Retention Opportunity
16898,2011-11-13 15:44:00,25.879166666666663,5,885.21,4,4,3,11,Loyal Customers,False,Active,False,Standard
16899,2011-12-02 12:03:00,7.032638888888889,8,1695.77,5,5,4,14,Champions,False,Active,False,Standard
16900,2011-11-23 10:32:00,16.095833333333335,3,887.11,5,3,3,11,Loyal Customers,False,Active,False,Standard
16901,2009-12-10 16:30:00,728.8472222222222,1,204.26,1,2,1,4,Lost / Low Value,True,At Risk,False,Retention Opportunity
16902,2011-08-15 14:17:00,115.93958333333332,1,1706.88,3,2,4,9,Potential Loyalists,True,At Risk,False,Retention Opportunity
16903,2011-11-10 15:32:00,28.8875,3,1041.75,4,3,3,10,Loyal Customers,False,Active,False,Standard
16904,2011-12-05 13:10:00,3.986111111111111,21,4675.36,5,5,5,15,Champions,False,Active,True,Standard
16905,2011-12-04 14:01:00,4.950694444444444,17,4706.77,5,5,5,15,Champions,False,Active,True,Standard
16906,2011-09-19 11:49:00,81.0423611111111,7,1410.92,3,4,4,11,Loyal Customers,True,At Risk,False,Retention Opportunity
16907,2011-11-10 18:04:00,28.781944444444445,9,1470.89,4,5,4,13,Champions,False,Active,False,Standard
16908,2009-12-17 13:35:00,721.96875,1,252.59,1,2,1,4,Lost / Low Value,True,At Risk,False,Retention Opportunity
16909,2011-09-28 16:45:00,71.83680555555556,1,379.14,3,2,2,7,Potential Loyalists,True,At Risk,False,Retention Opportunity
16910,2011-12-05 12:51:00,3.999305555555555,8,1508.96,5,5,4,14,Champions,False,Active,False,Standard
16911,2010-03-14 12:18:00,635.0222222222222,2,255.25,1,3,1,5,At Risk,True,At Risk,False,Retention Opportunity
16912,2011-11-11 12:18:00,28.022222222222226,15,4460.51,4,5,5,14,Champions,False,Active,True,Standard
16913,2011-02-22 12:56:00,289.99583333333334,3,423.91,2,3,2,7,Potential Loyalists,True,At Risk,False,Retention Opportunity
16914,2011-11-03 15:27:00,35.890972222222224,1,183.76,4,2,1,7,Potential Loyalists,False,Active,False,Standard
16915,2011-11-30 16:39:00,8.840972222222222,11,1543.18,5,5,4,14,Champions,False,Active,False,Standard
16916,2011-11-16 12:08:00,23.029166666666665,4,902.02,4,4,3,11,Loyal Customers,False,Active,False,Standard
16917,2011-03-08 11:55:00,276.03819444444446,2,1851.88,2,3,4,9,Potential Loyalists,True,At Risk,False,Retention Opportunity
16918,2011-10-21 12:50:00,49.0,16,3206.54,4,5,5,14,Champions,False,Active,True,Standard
16919,2011-07-06 13:35:00,155.96875,24,4909.66,3,5,5,13,Champions,True,At Risk,True,High Priority
16920,2010-10-24 14:07:00,410.94652777777776,1,355.45,1,2,2,5,At Risk,True,At Risk,False,Retention Opportunity
16921,2011-10-09 16:22:00,60.852777777777774,3,409.21,3,3,2,8,Potential Loyalists,True,At Risk,False,Retention Opportunity
16922,2010-05-16 11:24:00,572.0597222222223,1,611.08,1,2,3,6,At Risk,True,At Risk,False,Retention Opportunity
16923,2011-11-27 13:00:00,11.993055555555555,32,13157.13,5,5,5,15,Champions,False,Active,True,Standard
16924,2011-11-18 12:53:00,20.997916666666665,3,829.89,4,3,3,10,Loyal Customers,False,Active,False,Standard
16925,2010-06-17 15:03:00,539.9076388888889,1,125.65,1,2,1,4,Lost / Low Value,True,At Risk,False,Retention Opportunity
16926,2010-12-03 13:42:00,370.9638888888889,5,1169.61,2,4,3,9,Potential Loyalists,True,At Risk,False,Retention Opportunity
16927,2011-08-16 11:10:00,115.06944444444444,3,543.05,3,3,2,8,Potential Loyalists,True,At Risk,False,Retention Opportunity
16928,2011-09-20 15:10:00,79.90277777777777,29,3897.53,3,5,5,13,Champions,True,At Risk,True,High Priority
16929,2011-12-06 08:37:00,3.1756944444444444,7,1295.39,5,4,4,13,Champions,False,Active,False,Standard
16930,2011-11-13 16:13:00,25.85902777777778,3,378.89,4,3,2,9,Potential Loyalists,False,Active,False,Standard
16931,2011-12-04 13:15:00,4.982638888888889,23,5032.22,5,5,5,15,Champions,False,Active,True,Standard
16932,2011-10-17 14:12:00,52.94305555555555,3,412.55,4,3,2,9,Potential Loyalists,False,Active,False,Standard
16933,2011-12-08 12:54:00,0.9972222222222222,9,3099.3,5,5,5,15,Champions,False,Active,True,Standard
16934,2011-10-16 12:40:00,54.00694444444444,6,2083.14,4,4,4,12,Loyal Customers,False,Active,False,Standard
16935,2010-11-23 09:16:00,381.1486111111111,3,530.86,2,3,2,7,Potential Loyalists,True,At Risk,False,Retention Opportunity
16936,2011-11-14 11:04:00,25.073611111111116,2,548.29,4,3,2,9,Potential Loyalists,False,Active,False,Standard
16937,2010-07-28 17:56:00,498.7875,1,196.25,1,2,1,4,Lost / Low Value,True,At Risk,False,Retention Opportunity
16938,2011-12-01 10:20:00,8.104166666666666,9,6995.360000000001,5,5,5,15,Champions,False,Active,True,Standard
16939,2010-08-08 12:24:00,488.0180555555556,3,433.85,1,3,2,6,At Risk,True,At Risk,False,Retention Opportunity
16940,2011-10-18 13:15:00,51.982638888888886,8,6427.66,4,5,5,14,Champions,False,Active,True,Standard
16941,2010-04-07 11:13:00,611.0673611111112,1,33.0,1,2,1,4,Lost / Low Value,True,At Risk,False,Retention Opportunity
16942,2011-11-27 12:40:00,12.006944444444445,9,1904.99,5,5,4,14,Champions,False,Active,False,Standard
16943,2011-05-12 11:57:00,211.0368055555556,5,1299.49,2,4,4,10,Loyal Customers,True,At Risk,False,Retention Opportunity
16944,2010-04-09 11:03:00,609.0743055555556,1,101.36,1,2,1,4,Lost / Low Value,True,At Risk,False,Retention Opportunity
16945,2011-11-18 11:39:00,21.04930555555556,33,8548.16,4,5,5,14,Champions,False,Active,True,Standard
16946,2010-11-21 14:06:00,382.9472222222222,5,1222.04,2,4,4,10,Loyal Customers,True,At Risk,False,Retention Opportunity
16947,2011-04-18 09:38:00,235.13333333333333,5,955.21,2,4,3,9,Potential Loyalists,True,At Risk,False,Retention Opportunity
16948,2011-07-24 12:46:00,138.00277777777777,7,868.77,3,4,3,10,Loyal Customers,True,At Risk,False,Retention Opportunity
16949,2011-12-06 11:07:00,3.071527777777778,6,1286.27,5,4,4,13,Champions,False,Active,False,Standard
16950,2011-10-14 09:06:00,56.15555555555556,10,3541.77,4,5,5,14,Champions,False,Active,True,Standard
16951,2011-07-28 12:05:00,134.03125,3,1277.75,3,3,4,10,Loyal Customers,True,At Risk,False,Retention Opportunity
16952,2011-08-22 13:03:00,108.99097222222224,5,795.83,3,4,3,10,Loyal Customers,True,At Risk,False,Retention Opportunity
16953,2011-11-09 15:54:00,29.872222222222224,1,20.8,4,2,1,7,Potential Loyalists,False,Active,False,Standard
16954,2011-12-09 09:46:00,0.1277777777777777,20,6081.88,5,5,5,15,Champions,False,Active,True,Standard
16955,2011-06-08 10:36:00,184.0930555555556,6,1120.31,3,4,3,10,Loyal Customers,True,At Risk,False,Retention Opportunity
16956,2011-11-22 08:56:00,17.1625,1,308.74,5,2,2,9,Potential Loyalists,False,Active,False,Standard
16957,2011-04-14 13:56:00,238.95416666666668,2,416.64,2,3,2,7,Potential Loyalists,True,At Risk,False,Retention Opportunity
16958,2010-09-30 14:25:00,434.93402777777777,1,778.49,1,2,3,6,At Risk,True,At Risk,False,Retention Opportunity
16959,2011-09-13 15:03:00,86.90763888888888,1,117.35,3,2,1,6,At Risk,True,At Risk,False,Retention Opportunity
16960,2011-11-01 11:35:00,38.052083333333336,8,1990.88,4,5,4,13,Champions,False,Active,False,Standard
16961,2011-08-15 13:46:00,115.96111111111112,3,794.56,3,3,3,9,Potential Loyalists,True,At Risk,False,Retention Opportunity
16962,2010-10-26 11:36:00,409.0513888888889,1,251.04,2,2,1,5,At Risk,True,At Risk,False,Retention Opportunity
16963,2011-06-05 13:48:00,186.9597222222222,1,110.55,3,2,1,6,At Risk,True,At Risk,False,Retention Opportunity
16964,2009-12-06 12:53:00,732.9979166666667,2,207.85,1,3,1,5,At Risk,True,At Risk,False,Retention Opportunity
16965,2011-04-27 12:08:00,226.02916666666667,1,201.19,2,2,1,5,At Risk,True,At Risk,False,Retention Opportunity
16966,2011-12-01 13:40:00,7.965277777777778,7,2154.97,5,4,4,13,Champions,False,Active,False,Standard
16967,2011-06-03 14:24:00,188.93472222222223,1,319.02,2,2,2,6,At Risk,True,At Risk,False,Retention Opportunity
16968,2011-12-05 15:02:00,3.908333333333333,2,439.43,5,3,2,10,Loyal Customers,False,Active,False,Standard
16969,2011-10-31 13:12:00,38.984722222222224,3,650.41,4,3,3,10,Loyal Customers,False,Active,False,Standard
16970,2010-03-23 13:50:00,625.9583333333334,1,71.4,1,2,1,4,Lost / Low Value,True,At Risk,False,Retention Opportunity
16971,2011-11-01 15:06:00,37.90555555555556,1,357.21,4,2,2,8,Potential Loyalists,False,Active,False,Standard
16972,2010-11-22 10:59:00,382.07708333333335,2,749.0,2,3,3,8,Potential Loyalists,True,At Risk,False,Retention Opportunity
16973,2010-11-18 13:56:00,385.95416666666665,1,127.0,2,2,1,5,At Risk,True,At Risk,False,Retention Opportunity
16974,2010-07-05 10:18:00,522.1055555555556,2,365.5,1,3,2,6,At Risk,True,At Risk,False,Retention Opportunity
16975,2010-10-12 17:53:00,422.7895833333333,3,926.12,1,3,3,7,Potential Loyalists,True,At Risk,False,Retention Opportunity
16976,2011-03-17 16:33:00,266.84513888888887,1,251.52,2,2,1,5,At Risk,True,At Risk,False,Retention Opportunity
16977,2010-11-09 13:17:00,394.98125,4,496.0,2,4,2,8,Potential Loyalists,True,At Risk,False,Retention Opportunity
16978,2011-09-23 12:50:00,77.0,3,768.88,3,3,3,9,Potential Loyalists,True,At Risk,False,Retention Opportunity
16979,2011-12-06 12:21:00,3.020138888888889,9,2859.74,5,5,4,14,Champions,False,Active,True,Standard
16980,2011-03-29 16:36:00,254.8430555555556,3,1422.83,2,3,4,9,Potential Loyalists,True,At Risk,False,Retention Opportunity
16982,2011-10-10 12:28:00,60.015277777777776,1,384.06,3,2,2,7,Potential Loyalists,True,At Risk,False,Retention Opportunity
16983,2011-11-27 12:10:00,12.02777777777778,11,3490.53,5,5,5,15,Champions,False,Active,True,Standard
16984,2011-09-12 13:43:00,87.96319444444444,9,10350.53,3,5,5,13,Champions,True,At Risk,True,High Priority
16985,2011-11-22 13:33:00,16.97013888888889,23,10923.16,5,5,5,15,Champions,False,Active,True,Standard
16986,2011-11-10 11:55:00,29.038194444444443,11,4888.75,4,5,5,14,Champions,False,Active,True,Standard
16987,2011-12-06 17:26:00,2.808333333333333,11,2521.4,5,5,4,14,Champions,False,Active,True,Standard
16988,2011-12-04 16:02:00,4.866666666666666,2,382.67,5,3,2,10,Loyal Customers,False,Active,False,Standard
16989,2011-12-02 16:39:00,6.840972222222222,6,1133.25,5,4,3,12,Loyal Customers,False,Active,False,Standard
16990,2011-05-05 08:30:00,218.18055555555557,2,344.0,2,3,2,7,Potential Loyalists,True,At Risk,False,Retention Opportunity
16991,2010-10-14 14:08:00,420.9458333333333,1,1041.21,1,2,3,6,At Risk,True,At Risk,False,Retention Opportunity
16992,2011-11-29 11:50:00,10.041666666666666,13,5476.5,5,5,5,15,Champions,False,Active,True,Standard
16993,2010-09-02 12:16:00,463.0236111111111,2,1950.95,1,3,4,8,Potential Loyalists,True,At Risk,False,Retention Opportunity
16996,2011-11-09 16:43:00,29.838194444444444,9,2123.61,4,5,4,13,Champions,False,Active,False,Standard
16997,2011-02-24 17:28:00,287.80694444444447,3,702.0,2,3,3,8,Potential Loyalists,True,At Risk,False,Retention Opportunity
16998,2011-07-13 09:44:00,149.12916666666666,5,402.0,3,4,2,9,Potential Loyalists,True,At Risk,False,Retention Opportunity
16999,2011-11-16 13:53:00,22.95625,2,484.82,4,3,2,9,Potential Loyalists,False,Active,False,Standard
17000,2010-11-08 13:35:00,395.96875,2,406.3,2,3,2,7,Potential Loyalists,True,At Risk,False,Retention Opportunity
17001,2011-12-09 09:38:00,0.1333333333333333,19,6640.8,5,5,5,15,Champions,False,Active,True,Standard
17002,2011-09-15 12:40:00,85.00694444444444,7,2571.55,3,4,4,11,Loyal Customers,True,At Risk,True,High Priority
17003,2010-11-02 13:15:00,401.9826388888889,4,828.21,2,4,3,9,Potential Loyalists,True,At Risk,False,Retention Opportunity
17004,2011-10-24 14:25:00,45.93402777777778,4,2324.36,4,4,4,12,Loyal Customers,False,Active,True,Standard
17005,2010-08-26 10:57:00,470.0784722222222,2,622.36,1,3,3,7,Potential Loyalists,True,At Risk,False,Retention Opportunity
17006,2011-12-05 12:09:00,4.028472222222222,8,1635.27,5,5,4,14,Champions,False,Active,False,Standard
17007,2011-10-20 10:47:00,50.08541666666667,7,1120.1,4,4,3,11,Loyal Customers,False,Active,False,Standard
17008,2010-10-06 15:19:00,428.8965277777778,1,81.36,1,2,1,4,Lost / Low Value,True,At Risk,False,Retention Opportunity
17009,2010-06-06 16:01:00,550.8673611111111,1,242.06,1,2,1,4,Lost / Low Value,True,At Risk,False,Retention Opportunity
17010,2011-11-21 14:49:00,17.917361111111113,1,195.36,5,2,1,8,Potential Loyalists,False,Active,False,Standard
17011,2011-11-09 13:30:00,29.97222222222222,3,671.7,4,3,3,10,Loyal Customers,False,Active,False,Standard
17012,2009-12-14 17:34:00,724.8027777777778,1,360.61,1,2,2,5,At Risk,True,At Risk,False,Retention Opportunity
17014,2011-12-01 14:09:00,7.945138888888889,3,583.4300000000001,5,3,2,10,Loyal Customers,False,Active,False,Standard
17015,2011-11-11 10:45:00,28.08680555555556,3,1838.61,4,3,4,11,Loyal Customers,False,Active,False,Standard
17016,2010-05-12 12:32:00,576.0125,1,552.4,1,2,2,5,At Risk,True,At Risk,False,Retention Opportunity
17017,2011-12-07 09:32:00,2.1375,29,12576.99,5,5,5,15,Champions,False,Active,True,Standard
17018,2011-10-30 11:42:00,40.047222222222224,6,2287.7,4,4,4,12,Loyal Customers,False,Active,True,Standard
17019,2011-11-28 13:06:00,10.988888888888887,11,3602.29,5,5,5,15,Champions,False,Active,True,Standard
17020,2010-06-15 13:06:00,541.9888888888889,2,935.62,1,3,3,7,Potential Loyalists,True,At Risk,False,Retention Opportunity
17021,2010-09-23 20:01:00,441.7006944444444,6,1182.22,1,4,3,8,Potential Loyalists,True,At Risk,False,Retention Opportunity
17022,2011-11-08 17:09:00,30.820138888888888,2,260.0,4,3,1,8,Potential Loyalists,False,Active,False,Standard
17023,2010-10-18 15:37:00,416.88402777777776,3,800.1800000000001,1,3,3,7,Potential Loyalists,True,At Risk,False,Retention Opportunity
17024,2011-10-25 13:47:00,44.96041666666667,3,95.85,4,3,1,8,Potential Loyalists,False,Active,False,Standard
17025,2011-10-10 09:06:00,60.15555555555556,5,1349.67,3,4,4,11,Loyal Customers,True,At Risk,False,Retention Opportunity
17026,2011-06-07 14:28:00,184.93194444444444,3,175.83,3,3,1,7,Potential Loyalists,True,At Risk,False,Retention Opportunity
17027,2011-09-22 12:24:00,78.01805555555555,9,1310.63,3,5,4,12,Loyal Customers,True,At Risk,False,Retention Opportunity
17028,2010-05-07 15:33:00,580.8868055555556,3,1593.83,1,3,4,8,Potential Loyalists,True,At Risk,False,Retention Opportunity
17029,2011-08-21 11:06:00,110.07222222222222,7,2137.3,3,4,4,11,Loyal Customers,True,At Risk,False,Retention Opportunity
17030,2011-10-07 08:49:00,63.16736111111111,1,146.87,3,2,1,6,At Risk,True,At Risk,False,Retention Opportunity
17031,2011-11-28 10:23:00,11.102083333333333,6,2773.85,5,4,4,13,Champions,False,Active,True,Standard
17032,2010-06-10 12:16:00,547.0236111111111,8,2984.32,1,5,5,11,Loyal Customers,True,At Risk,True,High Priority
17033,2011-09-14 14:34:00,85.92777777777778,4,1332.79,3,4,4,11,Loyal Customers,True,At Risk,False,Retention Opportunity
17034,2011-11-23 15:14:00,15.9,5,1276.42,5,4,4,13,Champions,False,Active,False,Standard
17035,2011-04-08 11:23:00,245.06041666666667,4,613.59,2,4,3,9,Potential Loyalists,True,At Risk,False,Retention Opportunity
17036,2010-11-21 14:26:00,382.9333333333333,1,176.9,2,2,1,5,At Risk,True,At Risk,False,Retention Opportunity
17037,2011-09-13 12:49:00,87.00069444444445,1,1267.32,3,2,4,9,Potential Loyalists,True,At Risk,False,Retention Opportunity
17038,2011-11-09 13:50:00,29.95833333333333,2,743.17,4,3,3,10,Loyal Customers,False,Active,False,Standard
17039,2010-04-14 12:56:00,603.9958333333333,1,1954.99,1,2,4,7,Potential Loyalists,True,At Risk,False,Retention Opportunity
17040,2011-07-25 10:19:00,137.10486111111112,2,463.25,3,3,2,8,Potential Loyalists,True,At Risk,False,Retention Opportunity
17041,2011-11-13 11:21:00,26.061805555555555,6,1655.2,4,4,4,12,Loyal Customers,False,Active,False,Standard
17042,2011-12-07 12:26:00,2.0166666666666666,5,1036.58,5,4,3,12,Loyal Customers,False,Active,False,Standard
17043,2011-11-07 15:33:00,31.886805555555554,8,2593.65,4,5,4,13,Champions,False,Active,True,Standard
17044,2011-11-14 14:28:00,24.931944444444444,12,11962.3,4,5,5,14,Champions,False,Active,True,Standard
17045,2011-08-18 17:09:00,112.82013888888888,5,827.6800000000001,3,4,3,10,Loyal Customers,True,At Risk,False,Retention Opportunity
17046,2011-07-05 14:24:00,156.93472222222223,5,1906.07,3,4,4,11,Loyal Customers,True,At Risk,False,Retention Opportunity
17047,2011-09-15 13:27:00,84.97430555555556,6,2289.23,3,4,4,11,Loyal Customers,True,At Risk,True,High Priority
17048,2011-08-14 11:49:00,117.0423611111111,7,2071.68,3,4,4,11,Loyal Customers,True,At Risk,False,Retention Opportunity
17049,2011-12-07 10:48:00,2.084722222222222,19,9942.53,5,5,5,15,Champions,False,Active,True,Standard
17050,2011-09-04 13:48:00,95.95972222222224,11,4648.59,3,5,5,13,Champions,True,At Risk,True,High Priority
17051,2011-05-29 14:13:00,193.9423611111111,4,706.49,2,4,3,9,Potential Loyalists,True,At Risk,False,Retention Opportunity
17052,2011-11-11 14:50:00,27.916666666666668,1,399.09,4,2,2,8,Potential Loyalists,False,Active,False,Standard
17053,2011-08-01 10:23:00,130.10208333333333,1,498.48,3,2,2,7,Potential Loyalists,True,At Risk,False,Retention Opportunity
17054,2011-11-11 12:56:00,27.995833333333334,5,1356.33,4,4,4,12,Loyal Customers,False,Active,False,Standard
17055,2010-09-20 12:21:00,445.0201388888889,1,232.85,1,2,1,4,Lost / Low Value,True,At Risk,False,Retention Opportunity
17056,2009-12-01 12:55:00,737.9965277777778,1,128.60000000000002,1,2,1,4,Lost / Low Value,True,At Risk,False,Retention Opportunity
17057,2010-04-22 19:21:00,595.7284722222222,1,294.74,1,2,2,5,At Risk,True,At Risk,False,Retention Opportunity
17058,2011-09-19 10:13:00,81.10902777777778,3,1179.89,3,3,3,9,Potential Loyalists,True,At Risk,False,Retention Opportunity
17059,2011-11-10 12:27:00,29.01597222222222,9,4864.57,4,5,5,14,Champions,False,Active,True,Standard
17060,2011-03-18 13:27:00,265.9743055555556,1,234.24,2,2,1,5,At Risk,True,At Risk,False,Retention Opportunity
17061,2011-09-27 11:24:00,73.05972222222222,11,5232.2300000000005,3,5,5,13,Champions,True,At Risk,True,High Priority
17062,2011-01-30 11:01:00,313.0756944444444,6,889.75,2,4,3,9,Potential Loyalists,True,At Risk,False,Retention Opportunity
17063,2011-11-18 16:19:00,20.854861111111116,13,3638.53,4,5,5,14,Champions,False,Active,True,Standard
17064,2011-10-12 10:18:00,58.105555555555554,3,855.45,4,3,3,10,Loyal Customers,False,Active,False,Standard
17065,2010-03-12 11:41:00,637.0479166666667,2,194.7,1,3,1,5,At Risk,True,At Risk,False,Retention Opportunity
17066,2009-12-13 13:24:00,725.9763888888889,1,228.34,1,2,1,4,Lost / Low Value,True,At Risk,False,Retention Opportunity
17067,2009-12-15 08:39:00,724.1743055555555,3,454.54,1,3,2,6,At Risk,True,At Risk,False,Retention Opportunity
17068,2011-11-27 13:14:00,11.983333333333333,47,8987.68,5,5,5,15,Champions,False,Active,True,Standard
17069,2011-11-11 17:13:00,27.81736111111111,14,5517.2300000000005,4,5,5,14,Champions,False,Active,True,Standard
17070,2011-08-17 17:01:00,113.82569444444444,2,437.42,3,3,2,8,Potential Loyalists,True,At Risk,False,Retention Opportunity
17071,2011-11-11 16:31:00,27.846527777777776,13,3793.71,4,5,5,14,Champions,False,Active,True,Standard
17072,2010-03-24 16:33:00,624.8451388888889,1,273.35,1,2,1,4,Lost / Low Value,True,At Risk,False,Retention Opportunity
17073,2011-11-22 11:47:00,17.04375,4,1446.09,5,4,4,13,Champions,False,Active,False,Standard
17074,2010-05-26 12:04:00,562.0319444444444,1,203.05,1,2,1,4,Lost / Low Value,True,At Risk,False,Retention Opportunity
17075,2011-11-22 11:58:00,17.03611111111111,10,2236.63,5,5,4,14,Champions,False,Active,False,Standard
17076,2011-11-03 17:53:00,35.78958333333333,6,1242.75,4,4,4,12,Loyal Customers,False,Active,False,Standard
17077,2010-05-10 16:36:00,577.8430555555556,1,306.0,1,2,2,5,At Risk,True,At Risk,False,Retention Opportunity
17078,2011-11-03 19:17:00,35.73125,2,378.2,4,3,2,9,Potential Loyalists,False,Active,False,Standard
17079,2011-09-22 15:34:00,77.8861111111111,1,118.8,3,2,1,6,At Risk,True,At Risk,False,Retention Opportunity
17080,2011-11-17 12:59:00,21.99375,7,957.53,4,4,3,11,Loyal Customers,False,Active,False,Standard
17081,2011-11-14 12:56:00,24.995833333333334,6,949.39,4,4,3,11,Loyal Customers,False,Active,False,Standard
17082,2011-11-06 15:17:00,32.89791666666667,6,4732.03,4,4,5,13,Champions,False,Active,True,Standard
17083,2011-08-22 15:43:00,108.87986111111113,9,4049.79,3,5,5,13,Champions,True,At Risk,True,High Priority
17084,2011-11-04 14:54:00,34.91388888888889,3,5001.21,4,3,5,12,Loyal Customers,False,Active,True,Standard
17085,2011-08-08 14:15:00,122.94097222222224,28,7847.67,3,5,5,13,Champions,True,At Risk,True,High Priority
17086,2011-12-02 13:54:00,6.955555555555556,6,2050.08,5,4,4,13,Champions,False,Active,False,Standard
17087,2009-12-02 10:41:00,737.0895833333333,1,221.53,1,2,1,4,Lost / Low Value,True,At Risk,False,Retention Opportunity
17088,2011-11-11 14:23:00,27.935416666666665,4,1991.01,4,4,4,12,Loyal Customers,False,Active,False,Standard
17089,2010-11-18 15:33:00,385.8868055555556,1,128.45,2,2,1,5,At Risk,True,At Risk,False,Retention Opportunity
17090,2011-12-05 13:44:00,3.9625,13,3080.1800000000003,5,5,5,15,Champions,False,Active,True,Standard
17091,2011-12-07 10:43:00,2.0881944444444445,19,7495.75,5,5,5,15,Champions,False,Active,True,Standard
17092,2011-10-20 19:51:00,49.70763888888889,11,5511.41,4,5,5,14,Champions,False,Active,True,Standard
17093,2010-04-26 10:22:00,592.1027777777778,1,235.88,1,2,1,4,Lost / Low Value,True,At Risk,False,Retention Opportunity
17094,2011-01-21 13:09:00,321.9868055555556,2,402.2000000000001,2,3,2,7,Potential Loyalists,True,At Risk,False,Retention Opportunity
17095,2011-11-17 12:21:00,22.020138888888887,7,2572.25,4,4,4,12,Loyal Customers,False,Active,True,Standard
17096,2011-11-24 15:01:00,14.909027777777778,11,3697.93,5,5,5,15,Champions,False,Active,True,Standard
17097,2011-12-07 17:05:00,1.8229166666666667,9,1143.36,5,5,3,13,Champions,False,Active,False,Standard
17098,2010-11-23 12:13:00,381.02569444444447,3,591.07,2,3,2,7,Potential Loyalists,True,At Risk,False,Retention Opportunity
17099,2010-06-24 16:25:00,532.8506944444445,1,582.17,1,2,2,5,At Risk,True,At Risk,False,Retention Opportunity
17100,2011-11-21 16:36:00,17.843055555555555,2,971.74,5,3,3,11,Loyal Customers,False,Active,False,Standard
17101,2011-11-29 13:57:00,9.953472222222222,7,2507.05,5,4,4,13,Champions,False,Active,True,Standard
17102,2011-03-23 10:08:00,261.1125,1,25.5,2,2,1,5,At Risk,True,At Risk,False,Retention Opportunity
17103,2009-12-17 14:08:00,721.9458333333333,1,424.3,1,2,2,5,At Risk,True,At Risk,False,Retention Opportunity
17104,2010-10-12 12:21:00,423.0201388888889,1,474.03,1,2,2,5,At Risk,True,At Risk,False,Retention Opportunity
17105,2011-07-03 15:53:00,158.87291666666667,2,665.78,3,3,3,9,Potential Loyalists,True,At Risk,False,Retention Opportunity
17106,2010-11-15 14:11:00,388.94375,1,481.58,2,2,2,6,At Risk,True,At Risk,False,Retention Opportunity
17107,2011-11-06 14:14:00,32.94166666666667,10,16052.72,4,5,5,14,Champions,False,Active,True,Standard
17108,2010-02-14 12:22:00,663.0194444444444,1,174.95,1,2,1,4,Lost / Low Value,True,At Risk,False,Retention Opportunity
17109,2011-11-10 16:59:00,28.82708333333333,8,1291.71,4,5,4,13,Champions,False,Active,False,Standard
17110,2011-06-27 12:58:00,164.99444444444444,3,499.9,3,3,2,8,Potential Loyalists,True,At Risk,False,Retention Opportunity
17111,2011-10-23 15:59:00,46.86875,2,459.58,4,3,2,9,Potential Loyalists,False,Active,False,Standard
17112,2010-07-25 11:14:00,502.06666666666666,1,197.57,1,2,1,4,Lost / Low Value,True,At Risk,False,Retention Opportunity
17113,2010-05-14 13:59:00,573.9520833333333,6,2305.59,1,4,4,9,Potential Loyalists,True,At Risk,True,High Priority
17114,2011-12-04 12:17:00,5.022916666666666,8,801.12,5,5,3,13,Champions,False,Active,False,Standard
17115,2011-12-01 14:30:00,7.930555555555555,7,2761.49,5,4,4,13,Champions,False,Active,True,Standard
17116,2010-03-01 16:29:00,647.8479166666667,1,389.78,1,2,2,5,At Risk,True,At Risk,False,Retention Opportunity
17117,2011-02-24 13:54:00,287.9555555555556,1,116.2,2,2,1,5,At Risk,True,At Risk,False,Retention Opportunity
17118,2011-01-26 12:19:00,317.0215277777778,1,157.02,2,2,1,5,At Risk,True,At Risk,False,Retention Opportunity
17119,2011-12-06 14:40:00,2.923611111111111,2,606.91,5,3,2,10,Loyal Customers,False,Active,False,Standard
17120,2011-04-20 15:21:00,232.89513888888888,1,307.46,2,2,2,6,At Risk,True,At Risk,False,Retention Opportunity
17121,2010-11-02 11:47:00,402.04375,1,314.74,2,2,2,6,At Risk,True,At Risk,False,Retention Opportunity
17122,2011-08-12 14:33:00,118.92847222222224,4,570.5,3,4,2,9,Potential Loyalists,True,At Risk,False,Retention Opportunity
17123,2011-07-01 10:47:00,161.08541666666667,3,977.17,3,3,3,9,Potential Loyalists,True,At Risk,False,Retention Opportunity
17124,2011-06-07 14:02:00,184.95,1,294.24,3,2,2,7,Potential Loyalists,True,At Risk,False,Retention Opportunity
17125,2011-10-20 14:41:00,49.922916666666666,1,230.5,4,2,1,7,Potential Loyalists,False,Active,False,Standard
17126,2011-07-10 13:52:00,151.95694444444445,9,2016.43,3,5,4,12,Loyal Customers,True,At Risk,False,Retention Opportunity
17127,2010-10-07 09:54:00,428.1222222222222,5,1155.0300000000002,1,4,3,8,Potential Loyalists,True,At Risk,False,Retention Opportunity
17128,2011-01-09 12:02:00,334.03333333333336,1,157.09,2,2,1,5,At Risk,True,At Risk,False,Retention Opportunity
17129,2010-07-07 13:46:00,519.9611111111111,1,31.85,1,2,1,4,Lost / Low Value,True,At Risk,False,Retention Opportunity
17131,2011-12-04 12:52:00,4.998611111111111,5,2463.17,5,4,4,13,Champions,False,Active,True,Standard
17132,2010-09-13 16:31:00,451.8465277777778,2,1220.91,1,3,4,8,Potential Loyalists,True,At Risk,False,Retention Opportunity
17133,2011-11-24 12:27:00,15.015972222222222,12,14622.33,5,5,5,15,Champions,False,Active,True,Standard
17134,2011-08-25 09:53:00,106.12291666666668,3,625.3,3,3,3,9,Potential Loyalists,True,At Risk,False,Retention Opportunity
17135,2011-11-23 16:48:00,15.834722222222222,10,1722.18,5,5,4,14,Champions,False,Active,False,Standard
17136,2010-02-15 13:13:00,661.9840277777778,1,231.68,1,2,1,4,Lost / Low Value,True,At Risk,False,Retention Opportunity
17137,2010-10-19 14:51:00,415.9159722222222,6,1099.81,1,4,3,8,Potential Loyalists,True,At Risk,False,Retention Opportunity
17138,2011-03-09 11:54:00,275.0388888888889,7,4417.27,2,4,5,11,Loyal Customers,True,At Risk,True,High Priority
17139,2011-11-24 10:12:00,15.109722222222222,25,19566.76,5,5,5,15,Champions,False,Active,True,Standard
17140,2011-04-06 13:33:00,246.9701388888889,1,454.12,2,2,2,6,At Risk,True,At Risk,False,Retention Opportunity
17141,2010-10-17 14:54:00,417.9138888888889,4,727.58,1,4,3,8,Potential Loyalists,True,At Risk,False,Retention Opportunity
17142,2011-04-14 18:22:00,238.76944444444445,4,1275.25,2,4,4,10,Loyal Customers,True,At Risk,False,Retention Opportunity
17143,2010-10-18 15:27:00,416.8909722222222,2,880.97,1,3,3,7,Potential Loyalists,True,At Risk,False,Retention Opportunity
17144,2011-12-08 17:57:00,0.7868055555555555,2,984.57,5,3,3,11,Loyal Customers,False,Active,False,Standard
17145,2010-07-15 09:02:00,512.1583333333333,4,3120.91,1,4,5,10,Loyal Customers,True,At Risk,True,High Priority
17146,2011-08-26 12:44:00,105.00416666666666,13,5852.64,3,5,5,13,Champions,True,At Risk,True,High Priority
17147,2011-11-17 12:32:00,22.0125,9,3199.95,4,5,5,14,Champions,False,Active,True,Standard
17148,2011-10-19 09:59:00,51.11875,1,124.88,4,2,1,7,Potential Loyalists,False,Active,False,Standard
17149,2010-09-14 14:56:00,450.9125,1,143.10000000000002,1,2,1,4,Lost / Low Value,True,At Risk,False,Retention Opportunity
17150,2010-11-28 11:27:00,376.0576388888889,6,1357.95,2,4,4,10,Loyal Customers,True,At Risk,False,Retention Opportunity
17151,2009-12-04 14:56:00,734.9125,1,231.90000000000003,1,2,1,4,Lost / Low Value,True,At Risk,False,Retention Opportunity
17152,2011-05-29 12:19:00,194.02152777777775,4,2016.5,2,4,4,10,Loyal Customers,True,At Risk,False,Retention Opportunity
17153,2011-11-15 13:42:00,23.96388888888889,1,213.78,4,2,1,7,Potential Loyalists,False,Active,False,Standard
17154,2011-09-25 13:42:00,74.96388888888889,1,329.34,3,2,2,7,Potential Loyalists,True,At Risk,False,Retention Opportunity
17155,2011-11-22 12:38:00,17.008333333333333,7,892.46,5,4,3,12,Loyal Customers,False,Active,False,Standard
17156,2010-08-05 11:30:00,491.05555555555554,1,591.87,1,2,2,5,At Risk,True,At Risk,False,Retention Opportunity
17157,2011-12-02 09:10:00,7.152777777777778,19,5151.900000000001,5,5,5,15,Champions,False,Active,True,Standard
17158,2011-11-07 15:15:00,31.89930555555556,5,1980.0,4,4,4,12,Loyal Customers,False,Active,False,Standard
17159,2011-11-18 10:52:00,21.08194444444445,5,2099.59,4,4,4,12,Loyal Customers,False,Active,False,Standard
17160,2011-11-08 14:05:00,30.947916666666668,17,10209.16,4,5,5,14,Champions,False,Active,True,Standard
17161,2010-09-21 16:44:00,443.8375,1,856.01,1,2,3,6,At Risk,True,At Risk,False,Retention Opportunity
17162,2011-11-11 11:34:00,28.052777777777777,10,1715.46,4,5,4,13,Champions,False,Active,False,Standard
17163,2011-11-18 08:57:00,21.16180555555556,4,699.78,4,4,3,11,Loyal Customers,False,Active,False,Standard
17164,2011-11-07 09:14:00,32.15,7,2467.35,4,4,4,12,Loyal Customers,False,Active,True,Standard
17165,2011-02-28 16:39:00,283.8409722222222,6,1794.32,2,4,4,10,Loyal Customers,True,At Risk,False,Retention Opportunity
17166,2011-11-01 09:46:00,38.12777777777778,2,206.34,4,3,1,8,Potential Loyalists,False,Active,False,Standard
17167,2010-11-25 10:05:00,379.1145833333333,3,867.11,2,3,3,8,Potential Loyalists,True,At Risk,False,Retention Opportunity
17168,2010-07-29 12:33:00,498.0118055555556,1,400.2,1,2,2,5,At Risk,True,At Risk,False,Retention Opportunity
17169,2011-10-13 10:25:00,57.10069444444444,3,1156.73,4,3,3,10,Loyal Customers,False,Active,False,Standard
17170,2010-11-30 15:55:00,373.87152777777777,2,178.68,2,3,1,6,At Risk,True,At Risk,False,Retention Opportunity
17171,2011-02-23 16:37:00,288.8423611111112,2,384.59,2,3,2,7,Potential Loyalists,True,At Risk,False,Retention Opportunity
17172,2011-09-22 09:36:00,78.13472222222222,3,956.57,3,3,3,9,Potential Loyalists,True,At Risk,False,Retention Opportunity
17173,2011-12-04 14:40:00,4.923611111111111,8,3766.6,5,5,5,15,Champions,False,Active,True,Standard
17174,2011-05-06 11:47:00,217.04375,1,59.9,2,2,1,5,At Risk,True,At Risk,False,Retention Opportunity
17175,2011-10-26 15:31:00,43.88819444444445,4,1443.69,4,4,4,12,Loyal Customers,False,Active,False,Standard
17176,2011-05-22 12:41:00,201.00625,3,902.32,2,3,3,8,Potential Loyalists,True,At Risk,False,Retention Opportunity
17177,2010-07-22 14:53:00,504.9145833333333,1,119.5,1,2,1,4,Lost / Low Value,True,At Risk,False,Retention Opportunity
17178,2009-12-08 16:20:00,730.8541666666666,1,432.96,1,2,2,5,At Risk,True,At Risk,False,Retention Opportunity
17179,2011-06-14 16:48:00,177.8347222222222,6,1507.26,3,4,4,11,Loyal Customers,True,At Risk,False,Retention Opportunity
17180,2011-10-14 15:46:00,55.87777777777778,11,2236.77,4,5,4,13,Champions,False,Active,False,Standard
17181,2011-10-13 14:48:00,56.918055555555554,3,309.85,4,3,2,9,Potential Loyalists,False,Active,False,Standard
17182,2010-10-13 10:09:00,422.1118055555556,2,321.3,1,3,2,6,At Risk,True,At Risk,False,Retention Opportunity
17183,2011-12-02 10:07:00,7.113194444444445,6,3347.31,5,4,5,14,Champions,False,Active,True,Standard
17184,2010-05-19 14:24:00,568.9347222222223,2,198.41000000000005,1,3,1,5,At Risk,True,At Risk,False,Retention Opportunity
17185,2010-04-27 12:15:00,591.0243055555555,3,229.46,1,3,1,5,At Risk,True,At Risk,False,Retention Opportunity
17186,2011-10-24 10:20:00,46.10416666666666,2,144.0,4,3,1,8,Potential Loyalists,False,Active,False,Standard
17187,2011-04-27 12:39:00,226.0076388888889,2,467.71,2,3,2,7,Potential Loyalists,True,At Risk,False,Retention Opportunity
17188,2011-11-28 13:53:00,10.95625,13,4592.93,5,5,5,15,Champions,False,Active,True,Standard
17189,2011-08-25 19:39:00,105.71597222222222,5,953.63,3,4,3,10,Loyal Customers,True,At Risk,False,Retention Opportunity
17190,2011-10-12 11:33:00,58.05347222222223,7,1726.57,4,4,4,12,Loyal Customers,False,Active,False,Standard
17191,2011-11-11 16:58:00,27.82777777777778,15,4310.34,4,5,5,14,Champions,False,Active,True,Standard
17192,2010-06-21 16:07:00,535.8631944444444,1,75.28,1,2,1,4,Lost / Low Value,True,At Risk,False,Retention Opportunity
17193,2011-11-04 12:47:00,35.00208333333333,9,2310.04,4,5,4,13,Champions,False,Active,True,Standard
17194,2011-03-11 12:05:00,273.03125,3,812.5,2,3,3,8,Potential Loyalists,True,At Risk,False,Retention Opportunity
17195,2010-02-22 13:05:00,654.9895833333334,1,562.98,1,2,2,5,At Risk,True,At Risk,False,Retention Opportunity
17196,2010-10-08 11:31:00,427.0548611111111,1,327.75,1,2,2,5,At Risk,True,At Risk,False,Retention Opportunity
17197,2011-11-10 10:32:00,29.09583333333333,1,1013.01,4,2,3,9,Potential Loyalists,False,Active,False,Standard
17198,2011-11-16 10:39:00,23.090972222222224,3,692.22,4,3,3,10,Loyal Customers,False,Active,False,Standard
17199,2010-05-06 13:53:00,581.95625,1,135.04000000000002,1,2,1,4,Lost / Low Value,True,At Risk,False,Retention Opportunity
17200,2010-11-17 13:04:00,386.9902777777778,4,356.71,2,4,2,8,Potential Loyalists,True,At Risk,False,Retention Opportunity
17201,2011-10-17 11:55:00,53.03819444444444,4,1143.1,4,4,3,11,Loyal Customers,False,Active,False,Standard
17202,2010-10-15 11:25:00,420.05902777777777,1,160.65,1,2,1,4,Lost / Low Value,True,At Risk,False,Retention Opportunity
17203,2011-11-04 12:27:00,35.015972222222224,10,5564.09,4,5,5,14,Champions,False,Active,True,Standard
17204,2011-06-17 14:46:00,174.91944444444445,9,5504.6900000000005,3,5,5,13,Champions,True,At Risk,True,High Priority
17205,2011-10-17 12:46:00,53.00277777777778,3,999.35,4,3,3,10,Loyal Customers,False,Active,False,Standard
17206,2011-10-17 13:25:00,52.97569444444444,1,204.24,4,2,1,7,Potential Loyalists,False,Active,False,Standard
17207,2010-02-25 19:08:00,651.7375,1,292.62,1,2,2,5,At Risk,True,At Risk,False,Retention Opportunity
17208,2010-11-09 12:50:00,395.0,1,111.15,2,2,1,5,At Risk,True,At Risk,False,Retention Opportunity
17209,2010-02-28 16:01:00,648.8673611111111,3,595.7,1,3,2,6,At Risk,True,At Risk,False,Retention Opportunity
17210,2010-11-12 12:15:00,392.02430555555554,1,251.72,2,2,1,5,At Risk,True,At Risk,False,Retention Opportunity
17211,2011-11-13 12:03:00,26.03263888888889,13,3773.35,4,5,5,14,Champions,False,Active,True,Standard
17212,2011-03-31 19:42:00,252.7138888888889,3,794.41,2,3,3,8,Potential Loyalists,True,At Risk,False,Retention Opportunity
17213,2011-10-30 14:53:00,39.91458333333333,13,4869.400000000001,4,5,5,14,Champions,False,Active,True,Standard
17214,2011-10-10 13:17:00,59.98125,6,1059.12,3,4,3,10,Loyal Customers,False,Active,False,Standard
17215,2010-09-01 13:39:00,463.9659722222222,1,186.15,1,2,1,4,Lost / Low Value,True,At Risk,False,Retention Opportunity
17216,2010-06-03 13:03:00,553.9909722222222,1,63.6,1,2,1,4,Lost / Low Value,True,At Risk,False,Retention Opportunity
17217,2011-04-19 17:19:00,233.81319444444443,2,210.1,2,3,1,6,At Risk,True,At Risk,False,Retention Opportunity
17218,2011-12-05 13:52:00,3.956944444444445,18,3891.39,5,5,5,15,Champions,False,Active,True,Standard
17219,2011-11-08 11:25:00,31.05902777777778,2,259.13,4,3,1,8,Potential Loyalists,False,Active,False,Standard
17220,2011-11-15 13:47:00,23.960416666666667,21,4457.31,4,5,5,14,Champions,False,Active,True,Standard
17221,2011-12-02 13:35:00,6.96875,5,976.62,5,4,3,12,Loyal Customers,False,Active,False,Standard
17222,2011-10-05 13:58:00,64.95277777777778,6,1579.51,3,4,4,11,Loyal Customers,True,At Risk,False,Retention Opportunity
17223,2011-02-02 15:57:00,309.8701388888889,3,558.04,2,3,2,7,Potential Loyalists,True,At Risk,False,Retention Opportunity
17224,2010-07-26 13:30:00,500.97222222222223,1,100.86,1,2,1,4,Lost / Low Value,True,At Risk,False,Retention Opportunity
17225,2010-05-07 11:38:00,581.05,1,131.15,1,2,1,4,Lost / Low Value,True,At Risk,False,Retention Opportunity
17226,2011-02-04 11:52:00,308.04027777777776,3,895.47,2,3,3,8,Potential Loyalists,True,At Risk,False,Retention Opportunity
17227,2011-11-21 10:51:00,18.082638888888887,12,1878.93,5,5,4,14,Champions,False,Active,False,Standard
17228,2011-11-24 10:24:00,15.10138888888889,13,2820.03,5,5,4,14,Champions,False,Active,True,Standard
17229,2011-09-04 13:56:00,95.95416666666668,2,318.76,3,3,2,8,Potential Loyalists,True,At Risk,False,Retention Opportunity
17230,2011-03-20 16:12:00,263.8597222222222,18,9388.49,2,5,5,12,Loyal Customers,True,At Risk,True,High Priority
17231,2011-11-27 15:18:00,11.897222222222222,25,7064.8,5,5,5,15,Champions,False,Active,True,Standard
17232,2011-12-07 12:21:00,2.020138888888889,2,417.77,5,3,2,10,Loyal Customers,False,Active,False,Standard
17233,2011-11-04 14:06:00,34.94722222222222,3,560.86,4,3,2,9,Potential Loyalists,False,Active,False,Standard
17234,2011-06-10 11:20:00,182.0625,1,149.89,3,2,1,6,At Risk,True,At Risk,False,Retention Opportunity
17235,2011-11-14 15:51:00,24.874305555555555,8,1562.98,4,5,4,13,Champions,False,Active,False,Standard
17236,2011-11-27 12:00:00,12.03472222222222,12,1929.26,5,5,4,14,Champions,False,Active,False,Standard
17237,2011-11-28 15:02:00,10.908333333333331,4,994.13,5,4,3,12,Loyal Customers,False,Active,False,Standard
17238,2011-12-07 11:35:00,2.052083333333333,32,7331.67,5,5,5,15,Champions,False,Active,True,Standard
17239,2011-01-31 09:41:00,312.13125,4,1189.45,2,4,3,9,Potential Loyalists,True,At Risk,False,Retention Opportunity
17240,2010-04-22 15:44:00,595.8791666666667,1,130.60000000000002,1,2,1,4,Lost / Low Value,True,At Risk,False,Retention Opportunity
17241,2010-11-19 13:01:00,384.9923611111111,12,2736.64,2,5,4,11,Loyal Customers,True,At Risk,True,High Priority
17242,2011-08-23 14:55:00,107.91319444444444,5,2889.28,3,4,4,11,Loyal Customers,True,At Risk,True,High Priority
17243,2011-12-08 13:26:00,0.975,69,20203.58,5,5,5,15,Champions,False,Active,True,Standard
17244,2011-10-17 15:19:00,52.89652777777778,5,1826.04,4,4,4,12,Loyal Customers,False,Active,False,Standard
17245,2011-05-19 10:43:00,204.08819444444444,2,371.63,2,3,2,7,Potential Loyalists,True,At Risk,False,Retention Opportunity
17246,2010-06-11 12:36:00,546.0097222222222,2,38.92,1,3,1,5,At Risk,True,At Risk,False,Retention Opportunity
17247,2011-11-24 15:21:00,14.895138888888887,1,280.09000000000003,5,2,1,8,Potential Loyalists,False,Active,False,Standard
17248,2011-08-11 13:34:00,119.96944444444443,2,500.54,3,3,2,8,Potential Loyalists,True,At Risk,False,Retention Opportunity
17249,2010-10-07 11:33:00,428.05347222222224,1,68.03,1,2,1,4,Lost / Low Value,True,At Risk,False,Retention Opportunity
17250,2011-12-06 12:15:00,3.024305555555556,2,381.97,5,3,2,10,Loyal Customers,False,Active,False,Standard
17251,2010-12-12 11:06:00,362.0722222222222,3,798.98,2,3,3,8,Potential Loyalists,True,At Risk,False,Retention Opportunity
17252,2011-08-15 09:45:00,116.12847222222224,2,348.91,3,3,2,8,Potential Loyalists,True,At Risk,False,Retention Opportunity
17253,2011-11-21 12:59:00,17.99375,1,178.26,5,2,1,8,Potential Loyalists,False,Active,False,Standard
17254,2011-12-05 12:46:00,4.002777777777778,3,469.48,5,3,2,10,Loyal Customers,False,Active,False,Standard
17255,2011-10-30 12:18:00,40.02222222222223,4,781.7,4,4,3,11,Loyal Customers,False,Active,False,Standard
17256,2011-08-24 13:30:00,106.97222222222224,5,498.93,3,4,2,9,Potential Loyalists,True,At Risk,False,Retention Opportunity
17257,2010-09-29 12:51:00,435.9993055555556,2,189.78,1,3,1,5,At Risk,True,At Risk,False,Retention Opportunity
17258,2010-11-08 12:37:00,396.00902777777776,2,417.3,2,3,2,7,Potential Loyalists,True,At Risk,False,Retention Opportunity
17259,2011-07-14 15:01:00,147.90902777777777,6,1452.39,3,4,4,11,Loyal Customers,True,At Risk,False,Retention Opportunity
17260,2010-10-24 13:21:00,410.9784722222222,1,120.95,1,2,1,4,Lost / Low Value,True,At Risk,False,Retention Opportunity
17261,2010-07-18 11:49:00,509.0423611111111,1,221.59,1,2,1,4,Lost / Low Value,True,At Risk,False,Retention Opportunity
17262,2011-10-18 12:56:00,51.99583333333333,11,2488.76,4,5,4,13,Champions,False,Active,True,Standard
17263,2011-05-15 14:32:00,207.92916666666667,1,63.440000000000005,2,2,1,5,At Risk,True,At Risk,False,Retention Opportunity
17264,2010-10-11 12:52:00,423.99861111111113,1,268.28,1,2,1,4,Lost / Low Value,True,At Risk,False,Retention Opportunity
17265,2011-07-24 10:49:00,138.08402777777778,2,550.01,3,3,2,8,Potential Loyalists,True,At Risk,False,Retention Opportunity
17266,2011-12-07 14:12:00,1.9430555555555555,5,501.72,5,4,2,11,Loyal Customers,False,Active,False,Standard
17267,2011-08-04 17:22:00,126.81111111111112,2,317.2,3,3,2,8,Potential Loyalists,True,At Risk,False,Retention Opportunity
17268,2011-08-24 10:06:00,107.1138888888889,11,1733.89,3,5,4,12,Loyal Customers,True,At Risk,False,Retention Opportunity
17269,2010-11-19 11:12:00,385.06805555555553,1,491.81,2,2,2,6,At Risk,True,At Risk,False,Retention Opportunity
17270,2010-08-27 14:09:00,468.9451388888889,2,601.45,1,3,2,6,At Risk,True,At Risk,False,Retention Opportunity
17271,2009-12-03 13:49:00,735.9590277777778,1,204.3,1,2,1,4,Lost / Low Value,True,At Risk,False,Retention Opportunity
17272,2011-10-28 16:37:00,41.84236111111111,4,2148.63,4,4,4,12,Loyal Customers,False,Active,False,Standard
17273,2010-10-11 15:57:00,423.8701388888889,1,141.12,1,2,1,4,Lost / Low Value,True,At Risk,False,Retention Opportunity
17274,2011-11-04 13:16:00,34.981944444444444,2,573.22,4,3,2,9,Potential Loyalists,False,Active,False,Standard
17275,2010-11-21 13:26:00,382.975,1,114.1,2,2,1,5,At Risk,True,At Risk,False,Retention Opportunity
17276,2010-11-02 16:20:00,401.8541666666667,1,502.49,2,2,2,6,At Risk,True,At Risk,False,Retention Opportunity
17277,2011-04-26 12:47:00,227.00208333333333,2,1065.35,2,3,3,8,Potential Loyalists,True,At Risk,False,Retention Opportunity
17278,2011-04-12 13:10:00,240.98611111111111,2,271.24,2,3,1,6,At Risk,True,At Risk,False,Retention Opportunity
17279,2011-10-13 11:58:00,57.03611111111111,1,187.83,4,2,1,7,Potential Loyalists,False,Active,False,Standard
17280,2010-09-27 16:46:00,437.8361111111111,1,118.86,1,2,1,4,Lost / Low Value,True,At Risk,False,Retention Opportunity
17281,2010-11-30 18:05:00,373.78125,6,797.85,2,4,3,9,Potential Loyalists,True,At Risk,False,Retention Opportunity
17282,2011-08-01 14:29:00,129.93125,5,2308.54,3,4,4,11,Loyal Customers,True,At Risk,True,High Priority
17283,2010-11-26 11:53:00,378.0395833333333,1,188.46,2,2,1,5,At Risk,True,At Risk,False,Retention Opportunity
17284,2011-10-10 14:38:00,59.925,8,2788.06,3,5,4,12,Loyal Customers,False,Active,True,Standard
17285,2010-03-21 13:38:00,627.9666666666667,2,407.94,1,3,2,6,At Risk,True,At Risk,False,Retention Opportunity
17286,2011-11-18 12:47:00,21.00208333333333,3,389.18,4,3,2,9,Potential Loyalists,False,Active,False,Standard
17287,2011-11-13 13:27:00,25.97430555555556,21,3826.86,4,5,5,14,Champions,False,Active,True,Standard
17288,2011-11-30 16:09:00,8.861805555555556,11,2468.43,5,5,4,14,Champions,False,Active,True,Standard
17289,2011-11-08 12:01:00,31.034027777777776,9,2041.8,4,5,4,13,Champions,False,Active,False,Standard
17290,2011-12-06 12:38:00,3.0083333333333333,8,1487.96,5,5,4,14,Champions,False,Active,False,Standard
17291,2011-02-04 13:04:00,307.9902777777778,1,550.8000000000001,2,2,2,6,At Risk,True,At Risk,False,Retention Opportunity
17292,2010-08-24 17:14:00,471.81666666666666,2,271.75,1,3,1,5,At Risk,True,At Risk,False,Retention Opportunity
17293,2011-12-01 14:37:00,7.925694444444445,17,3750.63,5,5,5,15,Champions,False,Active,True,Standard
17294,2010-02-08 16:12:00,668.8597222222222,2,467.79,1,3,2,6,At Risk,True,At Risk,False,Retention Opportunity
17295,2011-11-11 10:49:00,28.084027777777777,3,547.0,4,3,2,9,Potential Loyalists,False,Active,False,Standard
17296,2009-12-09 14:01:00,729.9506944444445,1,338.13,1,2,2,5,At Risk,True,At Risk,False,Retention Opportunity
17297,2011-11-22 14:43:00,16.92152777777778,1,128.18,5,2,1,8,Potential Loyalists,False,Active,False,Standard
17298,2011-08-30 16:43:00,100.83819444444444,5,954.26,3,4,3,10,Loyal Customers,True,At Risk,False,Retention Opportunity
17299,2011-11-28 12:01:00,11.034027777777778,6,993.23,5,4,3,12,Loyal Customers,False,Active,False,Standard
17300,2010-11-14 10:56:00,390.07916666666665,2,393.64,2,3,2,7,Potential Loyalists,True,At Risk,False,Retention Opportunity
17301,2011-11-18 13:43:00,20.963194444444444,2,294.39,4,3,2,9,Potential Loyalists,False,Active,False,Standard
17302,2011-11-25 09:36:00,14.134722222222225,5,1135.63,5,4,3,12,Loyal Customers,False,Active,False,Standard
17303,2010-12-13 13:32:00,360.97083333333336,1,250.04,2,2,1,5,At Risk,True,At Risk,False,Retention Opportunity
17304,2010-06-23 16:23:00,533.8520833333333,1,111.5,1,2,1,4,Lost / Low Value,True,At Risk,False,Retention Opportunity
17305,2010-03-01 12:47:00,648.0020833333333,1,2135.46,1,2,4,7,Potential Loyalists,True,At Risk,False,Retention Opportunity
17306,2011-11-29 12:14:00,10.025,21,9782.35,5,5,5,15,Champions,False,Active,True,Standard
17307,2010-11-09 13:40:00,394.96527777777777,11,3999.89,2,5,5,12,Loyal Customers,True,At Risk,True,High Priority
17308,2010-11-11 13:19:00,392.9798611111111,2,4511.76,2,3,5,10,Loyal Customers,True,At Risk,True,High Priority
17309,2011-09-05 15:20:00,94.89583333333331,3,320.39,3,3,2,8,Potential Loyalists,True,At Risk,False,Retention Opportunity
17310,2010-11-17 16:00:00,386.86805555555554,2,1025.1,2,3,3,8,Potential Loyalists,True,At Risk,False,Retention Opportunity
17311,2011-09-22 14:11:00,77.94375,6,3566.56,3,4,5,12,Loyal Customers,True,At Risk,True,High Priority
17312,2011-07-24 11:52:00,138.0402777777778,3,644.3,3,3,3,9,Potential Loyalists,True,At Risk,False,Retention Opportunity
17313,2011-11-08 15:45:00,30.87847222222222,1,2328.84,4,2,4,10,Loyal Customers,False,Active,True,Standard
17314,2011-11-15 09:41:00,24.13125,17,4904.43,4,5,5,14,Champions,False,Active,True,Standard
17315,2011-12-08 12:15:00,1.0243055555555556,43,9599.58,5,5,5,15,Champions,False,Active,True,Standard
17316,2010-10-15 14:35:00,419.9270833333333,1,124.45,1,2,1,4,Lost / Low Value,True,At Risk,False,Retention Opportunity
17317,2011-10-24 17:19:00,45.81319444444444,3,2600.34,4,3,4,11,Loyal Customers,False,Active,True,Standard
17318,2009-12-14 13:11:00,724.9854166666667,1,157.32999999999998,1,2,1,4,Lost / Low Value,True,At Risk,False,Retention Opportunity
17319,2010-02-08 15:47:00,668.8770833333333,1,29.1,1,2,1,4,Lost / Low Value,True,At Risk,False,Retention Opportunity
17320,2011-08-31 13:31:00,99.97152777777778,6,2444.85,3,4,4,11,Loyal Customers,True,At Risk,True,High Priority
17321,2011-12-01 13:41:00,7.964583333333334,6,1665.21,5,4,4,13,Champions,False,Active,False,Standard
17322,2010-11-28 14:41:00,375.92291666666665,5,922.59,2,4,3,9,Potential Loyalists,True,At Risk,False,Retention Opportunity
17323,2011-11-24 17:29:00,14.80625,12,1551.04,5,5,4,14,Champions,False,Active,False,Standard
17324,2011-11-22 10:34:00,17.094444444444445,12,2171.07,5,5,4,14,Champions,False,Active,False,Standard
17325,2011-03-04 13:09:00,279.9868055555556,3,609.5699999999999,2,3,3,8,Potential Loyalists,True,At Risk,False,Retention Opportunity
17326,2010-10-27 15:38:00,407.8833333333333,2,312.35,2,3,2,7,Potential Loyalists,True,At Risk,False,Retention Opportunity
17327,2010-10-26 09:54:00,409.1222222222222,2,152.35,2,3,1,6,At Risk,True,At Risk,False,Retention Opportunity
17328,2010-02-04 17:11:00,672.81875,1,104.7,1,2,1,4,Lost / Low Value,True,At Risk,False,Retention Opportunity
17329,2011-11-25 14:24:00,13.934722222222222,5,998.53,5,4,3,12,Loyal Customers,False,Active,False,Standard
17330,2011-11-17 08:56:00,22.1625,4,423.8,4,4,2,10,Loyal Customers,False,Active,False,Standard
17331,2011-08-08 11:55:00,123.03819444444444,1,175.2,3,2,1,6,At Risk,True,At Risk,False,Retention Opportunity
17332,2010-06-29 16:10:00,527.8611111111111,5,838.27,1,4,3,8,Potential Loyalists,True,At Risk,False,Retention Opportunity
17333,2011-09-15 10:11:00,85.11041666666667,1,494.25,3,2,2,7,Potential Loyalists,True,At Risk,False,Retention Opportunity
17334,2011-02-10 14:59:00,301.91041666666666,3,635.1500000000001,2,3,3,8,Potential Loyalists,True,At Risk,False,Retention Opportunity
17335,2010-11-21 10:17:00,383.10625,2,497.04,2,3,2,7,Potential Loyalists,True,At Risk,False,Retention Opportunity
17336,2010-08-24 15:37:00,471.88402777777776,1,81.12,1,2,1,4,Lost / Low Value,True,At Risk,False,Retention Opportunity
17337,2011-07-11 14:55:00,150.91319444444446,4,1981.06,3,4,4,11,Loyal Customers,True,At Risk,False,Retention Opportunity
17338,2011-11-22 14:23:00,16.935416666666665,17,11889.33,5,5,5,15,Champions,False,Active,True,Standard
17339,2011-09-06 13:29:00,93.97291666666666,3,302.36,3,3,2,8,Potential Loyalists,True,At Risk,False,Retention Opportunity
17340,2011-11-10 10:45:00,29.08680555555556,18,19617.95,4,5,5,14,Champions,False,Active,True,Standard
17341,2011-07-06 12:33:00,156.01180555555555,5,1272.21,3,4,4,11,Loyal Customers,True,At Risk,False,Retention Opportunity
17342,2010-11-25 11:07:00,379.07152777777776,4,1227.54,2,4,4,10,Loyal Customers,True,At Risk,False,Retention Opportunity
17343,2010-12-19 15:07:00,354.9048611111112,6,1259.94,2,4,4,10,Loyal Customers,True,At Risk,False,Retention Opportunity
17344,2011-10-24 12:56:00,45.99583333333333,2,457.36,4,3,2,9,Potential Loyalists,False,Active,False,Standard
17345,2011-11-24 15:03:00,14.907638888888888,10,1586.63,5,5,4,14,Champions,False,Active,False,Standard
17346,2011-12-06 12:18:00,3.022222222222222,26,4998.61,5,5,5,15,Champions,False,Active,True,Standard
17347,2011-09-14 13:12:00,85.98472222222222,1,228.96,3,2,1,6,At Risk,True,At Risk,False,Retention Opportunity
17348,2011-11-25 11:25:00,14.05902777777778,9,2442.29,5,5,4,14,Champions,False,Active,True,Standard
17349,2011-06-13 14:29:00,178.93125,5,772.41,3,4,3,10,Loyal Customers,True,At Risk,False,Retention Opportunity
17350,2011-12-01 15:47:00,7.877083333333333,7,1893.701,5,4,4,13,Champions,False,Active,False,Standard
17351,2011-11-03 18:45:00,35.75347222222222,12,1988.23,4,5,4,13,Champions,False,Active,False,Standard
17352,2010-01-12 16:13:00,695.8590277777778,1,36.25,1,2,1,4,Lost / Low Value,True,At Risk,False,Retention Opportunity
17353,2011-08-02 17:19:00,128.81319444444443,4,3242.0,3,4,5,12,Loyal Customers,True,At Risk,True,High Priority
17354,2011-10-20 10:34:00,50.09444444444444,4,3133.96,4,4,5,13,Champions,False,Active,True,Standard
17355,2010-11-18 13:18:00,385.9805555555556,1,273.31,2,2,1,5,At Risk,True,At Risk,False,Retention Opportunity
17356,2011-02-01 11:07:00,311.07152777777776,5,946.47,2,4,3,9,Potential Loyalists,True,At Risk,False,Retention Opportunity
17357,2011-11-15 16:30:00,23.84722222222222,2,384.39,4,3,2,9,Potential Loyalists,False,Active,False,Standard
17358,2011-02-09 16:57:00,302.8284722222222,5,861.01,2,4,3,9,Potential Loyalists,True,At Risk,False,Retention Opportunity
17359,2011-11-28 14:37:00,10.925694444444444,2,284.46,5,3,1,9,Potential Loyalists,False,Active,False,Standard
17360,2011-11-22 13:11:00,16.985416666666666,6,1200.51,5,4,3,12,Loyal Customers,False,Active,False,Standard
17361,2011-10-21 15:43:00,48.87986111111111,5,871.7900000000001,4,4,3,11,Loyal Customers,False,Active,False,Standard
17362,2011-04-14 14:43:00,238.92152777777775,7,1024.04,2,4,3,9,Potential Loyalists,True,At Risk,False,Retention Opportunity
17363,2010-11-09 17:11:00,394.81875,3,920.46,2,3,3,8,Potential Loyalists,True,At Risk,False,Retention Opportunity
17364,2011-12-09 09:00:00,0.1597222222222222,28,11972.92,5,5,5,15,Champions,False,Active,True,Standard
17365,2011-11-27 12:13:00,12.025694444444444,15,8184.49,5,5,5,15,Champions,False,Active,True,Standard
17366,2010-10-03 16:04:00,431.8652777777778,2,1077.24,1,3,3,7,Potential Loyalists,True,At Risk,False,Retention Opportunity
17367,2011-04-15 14:21:00,237.9368055555556,1,167.55,2,2,1,5,At Risk,True,At Risk,False,Retention Opportunity
17368,2011-11-16 15:26:00,22.891666666666666,14,2758.29,4,5,4,13,Champions,False,Active,True,Standard
17369,2010-09-10 09:49:00,455.1256944444444,1,979.2,1,2,3,6,At Risk,True,At Risk,False,Retention Opportunity
17370,2011-09-28 10:14:00,72.10833333333333,4,446.18,3,4,2,9,Potential Loyalists,True,At Risk,False,Retention Opportunity
17371,2011-11-22 13:30:00,16.97222222222222,6,655.37,5,4,3,12,Loyal Customers,False,Active,False,Standard
17372,2011-10-30 11:37:00,40.050694444444446,28,4347.31,4,5,5,14,Champions,False,Active,True,Standard
17373,2011-10-30 15:28:00,39.890277777777776,7,1167.5,4,4,3,11,Loyal Customers,False,Active,False,Standard
17374,2011-05-05 09:05:00,218.15625,3,727.11,2,3,3,8,Potential Loyalists,True,At Risk,False,Retention Opportunity
17375,2011-05-24 15:45:00,198.87847222222223,4,660.55,2,4,3,9,Potential Loyalists,True,At Risk,False,Retention Opportunity
17376,2011-09-30 12:36:00,70.00972222222222,4,453.64,3,4,2,9,Potential Loyalists,True,At Risk,False,Retention Opportunity
17377,2011-11-16 11:17:00,23.06458333333333,78,17644.27,4,5,5,14,Champions,False,Active,True,Standard
17378,2010-11-30 18:46:00,373.7527777777778,1,10.95,2,2,1,5,At Risk,True,At Risk,False,Retention Opportunity
17379,2011-11-28 13:56:00,10.954166666666667,1,389.72,5,2,2,9,Potential Loyalists,False,Active,False,Standard
17380,2010-10-01 16:42:00,433.8388888888889,3,645.0,1,3,3,7,Potential Loyalists,True,At Risk,False,Retention Opportunity
17381,2011-12-01 11:59:00,8.035416666666666,38,36398.65,5,5,5,15,Champions,False,Active,True,Standard
17382,2011-10-05 13:05:00,64.98958333333333,8,902.28,3,5,3,11,Loyal Customers,True,At Risk,False,Retention Opportunity
17383,2011-12-05 17:36:00,3.801388888888889,2,304.09000000000003,5,3,2,10,Loyal Customers,False,Active,False,Standard
17384,2011-11-20 15:48:00,18.87638888888889,3,507.55,5,3,2,10,Loyal Customers,False,Active,False,Standard
17385,2011-11-25 11:02:00,14.075,1,256.11,5,2,1,8,Potential Loyalists,False,Active,False,Standard
17386,2011-12-02 11:28:00,7.0569444444444445,7,2812.77,5,4,4,13,Champions,False,Active,True,Standard
17387,2011-11-20 11:00:00,19.07638888888889,2,746.81,4,3,3,10,Loyal Customers,False,Active,False,Standard
17388,2011-09-23 10:31:00,77.09652777777778,11,2675.37,3,5,4,12,Loyal Customers,True,At Risk,True,High Priority
17389,2011-12-09 09:38:00,0.1333333333333333,61,57215.33,5,5,5,15,Champions,False,Active,True,Standard
17390,2010-10-15 11:29:00,420.05625,1,149.3,1,2,1,4,Lost / Low Value,True,At Risk,False,Retention Opportunity
17391,2011-06-29 09:58:00,163.11944444444444,2,508.8,3,3,2,8,Potential Loyalists,True,At Risk,False,Retention Opportunity
17392,2011-02-06 12:48:00,306.00138888888887,3,585.92,2,3,2,7,Potential Loyalists,True,At Risk,False,Retention Opportunity
17393,2010-10-25 11:10:00,410.06944444444446,2,381.15,1,3,2,6,At Risk,True,At Risk,False,Retention Opportunity
17394,2011-05-04 13:22:00,218.9777777777778,1,203.87,2,2,1,5,At Risk,True,At Risk,False,Retention Opportunity
17395,2010-07-19 15:34:00,507.8861111111111,1,97.5,1,2,1,4,Lost / Low Value,True,At Risk,False,Retention Opportunity
17396,2011-10-31 14:12:00,38.94305555555555,14,8409.6,4,5,5,14,Champions,False,Active,True,Standard
17397,2011-11-17 14:08:00,21.945833333333333,3,1198.28,4,3,3,10,Loyal Customers,False,Active,False,Standard
17398,2011-08-17 09:48:00,114.12638888888888,3,653.38,3,3,3,9,Potential Loyalists,True,At Risk,False,Retention Opportunity
17400,2011-08-05 15:38:00,125.88333333333334,8,4623.28,3,5,5,13,Champions,True,At Risk,True,High Priority
17401,2010-06-16 16:54:00,540.8305555555555,1,114.85,1,2,1,4,Lost / Low Value,True,At Risk,False,Retention Opportunity
17402,2011-12-05 10:15:00,4.107638888888889,23,4635.56,5,5,5,15,Champions,False,Active,True,Standard
17403,2011-11-03 15:18:00,35.897222222222226,2,382.87,4,3,2,9,Potential Loyalists,False,Active,False,Standard
17404,2011-12-05 16:26:00,3.85,23,47781.12,5,5,5,15,Champions,False,Active,True,Standard
17405,2011-12-08 17:12:00,0.8180555555555555,3,1031.41,5,3,3,11,Loyal Customers,False,Active,False,Standard
17406,2011-01-10 15:07:00,332.9048611111112,13,4186.95,2,5,5,12,Loyal Customers,True,At Risk,True,High Priority
17407,2010-10-24 11:57:00,411.03680555555553,1,552.9,1,2,2,5,At Risk,True,At Risk,False,Retention Opportunity
17408,2011-06-29 12:53:00,162.99791666666667,3,316.09000000000003,3,3,2,8,Potential Loyalists,True,At Risk,False,Retention Opportunity
17409,2011-06-08 10:36:00,184.0930555555556,10,7793.51,3,5,5,13,Champions,True,At Risk,True,High Priority
17410,2011-11-23 15:46:00,15.877777777777778,5,1214.72,5,4,3,12,Loyal Customers,False,Active,False,Standard
17411,2011-11-27 14:25:00,11.93402777777778,5,1425.38,5,4,4,13,Champions,False,Active,False,Standard
17412,2011-12-07 11:36:00,2.051388888888889,16,4220.22,5,5,5,15,Champions,False,Active,True,Standard
17413,2010-10-31 12:33:00,404.0118055555556,2,560.14,2,3,2,7,Potential Loyalists,True,At Risk,False,Retention Opportunity
17414,2011-10-27 12:13:00,43.02569444444445,6,2249.52,4,4,4,12,Loyal Customers,False,Active,True,Standard
17415,2011-09-21 12:50:00,79.0,1,507.84,3,2,2,7,Potential Loyalists,True,At Risk,False,Retention Opportunity
17416,2011-11-10 12:47:00,29.00208333333333,22,17298.45,4,5,5,14,Champions,False,Active,True,Standard
17417,2010-06-09 10:00:00,548.1180555555555,1,164.18,1,2,1,4,Lost / Low Value,True,At Risk,False,Retention Opportunity
17418,2011-10-28 13:00:00,41.99305555555556,3,670.0600000000001,4,3,3,10,Loyal Customers,False,Active,False,Standard
17419,2011-11-28 13:47:00,10.960416666666667,18,6126.25,5,5,5,15,Champions,False,Active,True,Standard
17420,2011-10-20 14:52:00,49.915277777777774,6,953.58,4,4,3,11,Loyal Customers,False,Active,False,Standard
17421,2010-11-18 16:57:00,385.8284722222222,3,1059.41,2,3,3,8,Potential Loyalists,True,At Risk,False,Retention Opportunity
17422,2011-11-23 13:27:00,15.974305555555556,11,3594.76,5,5,5,15,Champions,False,Active,True,Standard
17423,2011-10-24 13:36:00,45.96805555555556,3,1118.95,4,3,3,10,Loyal Customers,False,Active,False,Standard
17425,2011-11-20 15:30:00,18.88888888888889,2,759.1700000000001,5,3,3,11,Loyal Customers,False,Active,False,Standard
17426,2011-12-01 18:07:00,7.779861111111111,13,8077.77,5,5,5,15,Champions,False,Active,True,Standard
17427,2011-09-29 11:29:00,71.05625,1,100.8,3,2,1,6,At Risk,True,At Risk,False,Retention Opportunity
17428,2011-12-09 09:45:00,0.1284722222222222,45,31466.76,5,5,5,15,Champions,False,Active,True,Standard
17429,2011-08-03 13:22:00,127.97777777777776,5,1357.46,3,4,4,11,Loyal Customers,True,At Risk,False,Retention Opportunity
17430,2011-11-07 09:24:00,32.14305555555556,4,622.57,4,4,3,11,Loyal Customers,False,Active,False,Standard
17431,2011-01-30 14:36:00,312.9263888888889,1,403.3,2,2,2,6,At Risk,True,At Risk,False,Retention Opportunity
17432,2011-11-21 17:33:00,17.803472222222222,9,1728.99,5,5,4,14,Champions,False,Active,False,Standard
17433,2011-09-12 14:24:00,87.93472222222222,2,569.96,3,3,2,8,Potential Loyalists,True,At Risk,False,Retention Opportunity
17434,2011-12-07 13:16:00,1.9819444444444445,7,2373.82,5,4,4,13,Champions,False,Active,True,Standard
17435,2010-10-24 13:55:00,410.9548611111111,1,331.35,1,2,2,5,At Risk,True,At Risk,False,Retention Opportunity
17436,2011-12-08 12:30:00,1.0138888888888888,5,534.0600000000001,5,4,2,11,Loyal Customers,False,Active,False,Standard
17437,2010-06-28 11:11:00,529.06875,1,369.68,1,2,2,5,At Risk,True,At Risk,False,Retention Opportunity
17438,2011-03-31 10:26:00,253.1,5,1422.77,2,4,4,10,Loyal Customers,True,At Risk,False,Retention Opportunity
17439,2010-02-22 12:48:00,655.0013888888889,1,325.74,1,2,2,5,At Risk,True,At Risk,False,Retention Opportunity
17440,2011-07-06 11:54:00,156.0388888888889,4,323.58,3,4,2,9,Potential Loyalists,True,At Risk,False,Retention Opportunity
17441,2009-12-07 13:32:00,731.9708333333333,1,293.35,1,2,2,5,At Risk,True,At Risk,False,Retention Opportunity
17442,2011-11-03 09:17:00,36.14791666666667,15,4620.3,4,5,5,14,Champions,False,Active,True,Standard
17443,2011-05-04 10:47:00,219.08541666666667,1,534.24,2,2,2,6,At Risk,True,At Risk,False,Retention Opportunity
17444,2011-07-15 12:05:00,147.03125,3,2940.04,3,3,5,11,Loyal Customers,True,At Risk,True,High Priority
17446,2011-06-16 10:42:00,176.0888888888889,2,120.9,3,3,1,7,Potential Loyalists,True,At Risk,False,Retention Opportunity
17447,2011-10-30 14:18:00,39.93888888888889,2,541.53,4,3,2,9,Potential Loyalists,False,Active,False,Standard
17448,2010-07-30 14:07:00,496.94652777777776,46,14523.67,1,5,5,11,Loyal Customers,True,At Risk,True,High Priority
17449,2011-12-07 16:56:00,1.8291666666666664,13,4868.15,5,5,5,15,Champions,False,Active,True,Standard
17450,2011-12-01 13:29:00,7.972916666666666,51,244784.25,5,5,5,15,Champions,False,Active,True,Standard
17451,2011-12-08 15:02:00,0.9083333333333332,7,1721.4,5,4,4,13,Champions,False,Active,False,Standard
17453,2011-11-22 09:42:00,17.130555555555556,2,486.72,5,3,2,10,Loyal Customers,False,Active,False,Standard
17454,2011-05-31 13:58:00,191.95277777777775,10,1547.94,2,5,4,11,Loyal Customers,True,At Risk,False,Retention Opportunity
17455,2011-05-20 12:31:00,203.01319444444445,1,131.7,2,2,1,5,At Risk,True,At Risk,False,Retention Opportunity
17456,2010-12-09 15:23:00,364.89375,2,975.56,2,3,3,8,Potential Loyalists,True,At Risk,False,Retention Opportunity
17457,2011-08-05 12:48:00,126.00138888888888,14,5984.81,3,5,5,13,Champions,True,At Risk,True,High Priority
17458,2011-11-24 13:01:00,14.99236111111111,2,529.58,5,3,2,10,Loyal Customers,False,Active,False,Standard
17459,2011-10-27 13:25:00,42.97569444444444,2,657.3,4,3,3,10,Loyal Customers,False,Active,False,Standard
17460,2011-09-06 15:04:00,93.90694444444443,16,2157.9700000000003,3,5,4,12,Loyal Customers,True,At Risk,False,Retention Opportunity
17461,2011-11-17 10:21:00,22.103472222222223,3,735.82,4,3,3,10,Loyal Customers,False,Active,False,Standard
17462,2011-10-10 13:56:00,59.954166666666666,2,675.69,3,3,3,9,Potential Loyalists,False,Active,False,Standard
17463,2011-11-23 13:40:00,15.96527777777778,7,2535.26,5,4,4,13,Champions,False,Active,True,Standard
17464,2011-07-04 13:19:00,157.97986111111112,3,907.14,3,3,3,9,Potential Loyalists,True,At Risk,False,Retention Opportunity
17465,2010-10-10 11:56:00,425.0375,7,2542.79,1,4,4,9,Potential Loyalists,True,At Risk,True,High Priority
17466,2011-11-29 13:15:00,9.98263888888889,2,763.28,5,3,3,11,Loyal Customers,False,Active,False,Standard
17467,2010-11-09 12:58:00,394.99444444444447,1,102.6,2,2,1,5,At Risk,True,At Risk,False,Retention Opportunity
17468,2011-11-29 15:33:00,9.886805555555556,3,194.8,5,3,1,9,Potential Loyalists,False,Active,False,Standard
17469,2011-11-23 13:15:00,15.98263888888889,17,5051.25,5,5,5,15,Champions,False,Active,True,Standard
17470,2011-10-26 12:42:00,44.00555555555555,11,2626.47,4,5,4,13,Champions,False,Active,True,Standard
17471,2010-08-22 11:53:00,474.0395833333333,1,321.65000000000003,1,2,2,5,At Risk,True,At Risk,False,Retention Opportunity
17472,2011-06-01 14:57:00,190.9118055555556,4,922.35,2,4,3,9,Potential Loyalists,True,At Risk,False,Retention Opportunity
17473,2010-10-27 11:45:00,408.0451388888889,2,607.0,2,3,2,7,Potential Loyalists,True,At Risk,False,Retention Opportunity
17474,2010-04-19 10:43:00,599.0881944444444,1,1047.0,1,2,3,6,At Risk,True,At Risk,False,Retention Opportunity
17475,2011-09-21 14:55:00,78.91319444444444,1,194.37,3,2,1,6,At Risk,True,At Risk,False,Retention Opportunity
17476,2010-11-09 10:21:00,395.1034722222222,2,489.86,2,3,2,7,Potential Loyalists,True,At Risk,False,Retention Opportunity
17477,2010-04-06 10:06:00,612.1138888888889,2,1144.3,1,3,3,7,Potential Loyalists,True,At Risk,False,Retention Opportunity
17478,2010-10-27 15:01:00,407.9090277777778,2,1272.8000000000002,2,3,4,9,Potential Loyalists,True,At Risk,False,Retention Opportunity
17479,2010-03-17 09:26:00,632.1416666666667,1,389.2600000000001,1,2,2,5,At Risk,True,At Risk,False,Retention Opportunity
17480,2011-09-23 11:39:00,77.04930555555555,2,882.23,3,3,3,9,Potential Loyalists,True,At Risk,False,Retention Opportunity
17481,2011-12-06 12:28:00,3.015277777777778,4,1255.59,5,4,4,13,Champions,False,Active,False,Standard
17482,2010-08-09 15:33:00,486.8868055555556,2,775.64,1,3,3,7,Potential Loyalists,True,At Risk,False,Retention Opportunity
17483,2011-10-05 13:10:00,64.98611111111111,4,591.73,3,4,2,9,Potential Loyalists,True,At Risk,False,Retention Opportunity
17484,2010-05-12 15:41:00,575.88125,2,209.57,1,3,1,5,At Risk,True,At Risk,False,Retention Opportunity
17486,2011-03-23 14:00:00,260.9513888888889,1,396.87,2,2,2,6,At Risk,True,At Risk,False,Retention Opportunity
17487,2009-12-11 15:06:00,727.9055555555556,1,160.55,1,2,1,4,Lost / Low Value,True,At Risk,False,Retention Opportunity
17488,2010-03-08 14:07:00,640.9465277777778,1,336.5,1,2,2,5,At Risk,True,At Risk,False,Retention Opportunity
17489,2011-10-12 08:56:00,58.1625,2,376.64,3,3,2,8,Potential Loyalists,False,Active,False,Standard
17490,2011-12-09 09:08:00,0.1541666666666666,9,2750.5,5,5,4,14,Champions,False,Active,True,Standard
17491,2011-12-08 16:18:00,0.8555555555555555,17,5653.67,5,5,5,15,Champions,False,Active,True,Standard
17492,2011-04-05 15:21:00,247.89513888888888,3,1122.42,2,3,3,8,Potential Loyalists,True,At Risk,False,Retention Opportunity
17493,2010-11-19 16:57:00,384.8284722222222,1,100.91,2,2,1,5,At Risk,True,At Risk,False,Retention Opportunity
17494,2010-07-26 10:06:00,501.1138888888889,1,54.7,1,2,1,4,Lost / Low Value,True,At Risk,False,Retention Opportunity
17495,2011-12-02 12:08:00,7.029166666666667,3,806.72,5,3,3,11,Loyal Customers,False,Active,False,Standard
17496,2010-12-16 08:39:00,358.1743055555556,4,1412.89,2,4,4,10,Loyal Customers,True,At Risk,False,Retention Opportunity
17497,2010-11-14 14:17:00,389.93958333333336,2,287.25,2,3,2,7,Potential Loyalists,True,At Risk,False,Retention Opportunity
17498,2011-09-25 12:25:00,75.01736111111111,1,272.22,3,2,1,6,At Risk,True,At Risk,False,Retention Opportunity
17499,2011-02-23 09:14:00,289.15,2,1341.39,2,3,4,9,Potential Loyalists,True,At Risk,False,Retention Opportunity
17500,2011-11-22 14:25:00,16.93402777777778,3,1138.0,5,3,3,11,Loyal Customers,False,Active,False,Standard
17501,2011-05-03 09:47:00,220.12708333333333,2,288.6,2,3,2,7,Potential Loyalists,True,At Risk,False,Retention Opportunity
17502,2011-11-30 13:13:00,8.984027777777778,4,689.1,5,4,3,12,Loyal Customers,False,Active,False,Standard
17503,2011-12-07 09:18:00,2.147222222222222,2,558.96,5,3,2,10,Loyal Customers,False,Active,False,Standard
17504,2011-05-17 12:59:00,205.99375,18,9490.17,2,5,5,12,Loyal Customers,True,At Risk,True,High Priority
17505,2011-07-01 12:50:00,161.0,5,2435.48,3,4,4,11,Loyal Customers,True,At Risk,True,High Priority
17506,2011-09-25 11:39:00,75.04930555555555,1,302.2,3,2,2,7,Potential Loyalists,True,At Risk,False,Retention Opportunity
17507,2011-03-23 11:48:00,261.04305555555555,2,605.58,2,3,2,7,Potential Loyalists,True,At Risk,False,Retention Opportunity
17508,2011-03-04 08:10:00,280.19444444444446,8,4579.23,2,5,5,12,Loyal Customers,True,At Risk,True,High Priority
17509,2011-10-13 10:26:00,57.1,8,6083.64,4,5,5,14,Champions,False,Active,True,Standard
17510,2011-11-15 10:00:00,24.11805555555556,2,514.56,4,3,2,9,Potential Loyalists,False,Active,False,Standard
17511,2011-12-07 10:12:00,2.109722222222222,60,172132.87,5,5,5,15,Champions,False,Active,True,Standard
17512,2011-11-11 12:11:00,28.027083333333334,18,5467.820000000001,4,5,5,14,Champions,False,Active,True,Standard
17513,2011-09-28 16:42:00,71.83888888888889,3,1158.8,3,3,3,9,Potential Loyalists,True,At Risk,False,Retention Opportunity
17514,2011-08-03 15:45:00,127.87847222222224,2,522.0,3,3,2,8,Potential Loyalists,True,At Risk,False,Retention Opportunity
17515,2011-11-08 14:04:00,30.948611111111116,9,1602.51,4,5,4,13,Champions,False,Active,False,Standard
17516,2011-11-24 16:51:00,14.832638888888887,6,947.5,5,4,3,12,Loyal Customers,False,Active,False,Standard
17517,2011-02-04 11:48:00,308.04305555555555,1,153.94,2,2,1,5,At Risk,True,At Risk,False,Retention Opportunity
17518,2010-10-10 12:40:00,425.00694444444446,2,329.42,1,3,2,6,At Risk,True,At Risk,False,Retention Opportunity
17519,2011-11-22 16:43:00,16.838194444444444,15,4774.17,5,5,5,15,Champions,False,Active,True,Standard
17520,2011-10-17 12:04:00,53.03194444444444,1,546.81,4,2,2,8,Potential Loyalists,False,Active,False,Standard
17521,2011-11-10 11:22:00,29.06111111111111,5,1278.06,4,4,4,12,Loyal Customers,False,Active,False,Standard
17522,2011-12-08 12:31:00,1.0131944444444445,5,1070.71,5,4,3,12,Loyal Customers,False,Active,False,Standard
17523,2011-11-28 13:20:00,10.979166666666666,4,652.74,5,4,3,12,Loyal Customers,False,Active,False,Standard
17524,2010-12-13 14:32:00,360.9291666666667,3,539.14,2,3,2,7,Potential Loyalists,True,At Risk,False,Retention Opportunity
17525,2010-12-15 12:05:00,359.03125,3,1161.9,2,3,3,8,Potential Loyalists,True,At Risk,False,Retention Opportunity
17526,2011-12-05 11:05:00,4.072916666666667,12,3939.24,5,5,5,15,Champions,False,Active,True,Standard
17527,2011-10-17 12:32:00,53.0125,4,939.37,4,4,3,11,Loyal Customers,False,Active,False,Standard
17528,2011-12-08 13:27:00,0.9743055555555556,8,3628.5,5,5,5,15,Champions,False,Active,True,Standard
17529,2010-04-08 17:51:00,609.7909722222222,2,1240.25,1,3,4,8,Potential Loyalists,True,At Risk,False,Retention Opportunity
17530,2011-12-08 18:42:00,0.7555555555555555,12,2791.69,5,5,4,14,Champions,False,Active,True,Standard
17531,2011-06-02 19:17:00,189.73125,3,1266.82,2,3,4,9,Potential Loyalists,True,At Risk,False,Retention Opportunity
17532,2010-11-19 08:13:00,385.1923611111111,1,65.34,2,2,1,5,At Risk,True,At Risk,False,Retention Opportunity
17533,2010-10-01 09:14:00,434.15,1,34.8,1,2,1,4,Lost / Low Value,True,At Risk,False,Retention Opportunity
17534,2011-10-17 12:47:00,53.00208333333333,5,1668.83,4,4,4,12,Loyal Customers,False,Active,False,Standard
17535,2011-03-04 15:20:00,279.8958333333333,1,164.4,2,2,1,5,At Risk,True,At Risk,False,Retention Opportunity
17536,2011-06-15 13:23:00,176.97708333333333,3,364.83,3,3,2,8,Potential Loyalists,True,At Risk,False,Retention Opportunity
17537,2011-11-10 10:56:00,29.079166666666666,2,887.6700000000001,4,3,3,10,Loyal Customers,False,Active,False,Standard
17538,2011-11-14 12:12:00,25.02638888888889,1,98.42,4,2,1,7,Potential Loyalists,False,Active,False,Standard
17539,2010-04-01 12:07:00,617.0298611111111,4,1176.84,1,4,3,8,Potential Loyalists,True,At Risk,False,Retention Opportunity
17540,2011-11-15 11:56:00,24.0375,6,1590.6,4,4,4,12,Loyal Customers,False,Active,False,Standard
17541,2010-07-18 11:36:00,509.0513888888889,1,119.86,1,2,1,4,Lost / Low Value,True,At Risk,False,Retention Opportunity
17542,2011-03-15 11:45:00,269.0451388888889,3,340.85,2,3,2,7,Potential Loyalists,True,At Risk,False,Retention Opportunity
17543,2010-06-08 12:41:00,549.00625,1,120.05,1,2,1,4,Lost / Low Value,True,At Risk,False,Retention Opportunity
17544,2010-11-14 15:08:00,389.9041666666666,3,944.82,2,3,3,8,Potential Loyalists,True,At Risk,False,Retention Opportunity
17545,2011-10-27 14:04:00,42.94861111111111,6,1409.86,4,4,4,12,Loyal Customers,False,Active,False,Standard
17547,2010-11-29 09:41:00,375.13125,2,727.85,2,3,3,8,Potential Loyalists,True,At Risk,False,Retention Opportunity
17548,2011-04-20 12:01:00,233.03402777777777,4,731.26,2,4,3,9,Potential Loyalists,True,At Risk,False,Retention Opportunity
17549,2011-11-16 09:59:00,23.11875,2,148.86,4,3,1,8,Potential Loyalists,False,Active,False,Standard
17550,2011-05-26 14:09:00,196.9451388888889,9,2506.64,2,5,4,11,Loyal Customers,True,At Risk,True,High Priority
17551,2010-12-15 14:12:00,358.9430555555556,1,290.34,2,2,2,6,At Risk,True,At Risk,False,Retention Opportunity
17552,2011-10-10 17:00:00,59.826388888888886,12,2786.77,3,5,4,12,Loyal Customers,False,Active,True,Standard
17553,2011-08-02 10:00:00,129.11805555555554,4,3757.6,3,4,5,12,Loyal Customers,True,At Risk,True,High Priority
17554,2011-12-08 14:15:00,0.9409722222222222,5,1952.45,5,4,4,13,Champions,False,Active,False,Standard
17555,2011-11-20 12:22:00,19.01944444444445,5,1045.74,4,4,3,11,Loyal Customers,False,Active,False,Standard
17556,2011-05-18 10:48:00,205.0847222222222,2,300.67,2,3,2,7,Potential Loyalists,True,At Risk,False,Retention Opportunity
17557,2011-11-25 12:57:00,13.995138888888889,4,575.46,5,4,2,11,Loyal Customers,False,Active,False,Standard
17558,2010-11-11 14:36:00,392.9263888888889,1,259.17,2,2,1,5,At Risk,True,At Risk,False,Retention Opportunity
17559,2010-07-15 12:02:00,512.0333333333333,1,167.62,1,2,1,4,Lost / Low Value,True,At Risk,False,Retention Opportunity
17560,2011-09-06 09:18:00,94.14722222222224,8,1895.8,3,5,4,12,Loyal Customers,True,At Risk,False,Retention Opportunity
17561,2011-11-20 12:53:00,18.997916666666665,4,703.02,4,4,3,11,Loyal Customers,False,Active,False,Standard
17562,2011-11-25 14:21:00,13.936805555555557,7,1122.38,5,4,3,12,Loyal Customers,False,Active,False,Standard
17563,2010-05-10 14:54:00,577.9138888888889,2,392.38,1,3,2,6,At Risk,True,At Risk,False,Retention Opportunity
17564,2011-11-15 13:27:00,23.97430555555556,3,454.01,4,3,2,9,Potential Loyalists,False,Active,False,Standard
17565,2010-05-02 11:54:00,586.0388888888889,1,131.83,1,2,1,4,Lost / Low Value,True,At Risk,False,Retention Opportunity
17566,2011-12-01 19:54:00,7.705555555555556,2,869.77,5,3,3,11,Loyal Customers,False,Active,False,Standard
17567,2011-12-02 15:48:00,6.876388888888889,9,4838.08,5,5,5,15,Champions,False,Active,True,Standard
17568,2010-03-16 16:45:00,632.8368055555555,1,374.45,1,2,2,5,At Risk,True,At Risk,False,Retention Opportunity
17569,2011-01-11 14:15:00,331.94097222222223,1,344.14,2,2,2,6,At Risk,True,At Risk,False,Retention Opportunity
17570,2010-11-23 11:56:00,381.0375,1,100.0,2,2,1,5,At Risk,True,At Risk,False,Retention Opportunity
17571,2011-10-20 15:57:00,49.87013888888889,5,1630.91,4,4,4,12,Loyal Customers,False,Active,False,Standard
17572,2011-09-29 17:53:00,70.78958333333334,10,652.21,3,5,3,11,Loyal Customers,True,At Risk,False,Retention Opportunity
17573,2011-11-10 13:01:00,28.992361111111112,3,380.6,4,3,2,9,Potential Loyalists,False,Active,False,Standard
17574,2011-04-11 09:47:00,242.12708333333333,1,185.65,2,2,1,5,At Risk,True,At Risk,False,Retention Opportunity
17575,2010-02-10 13:48:00,666.9597222222222,1,171.7,1,2,1,4,Lost / Low Value,True,At Risk,False,Retention Opportunity
17576,2011-12-01 17:56:00,7.7875,41,8711.95,5,5,5,15,Champions,False,Active,True,Standard
17577,2010-03-04 13:01:00,644.9923611111111,2,348.75,1,3,2,6,At Risk,True,At Risk,False,Retention Opportunity
17578,2011-05-05 18:38:00,217.75833333333333,7,1047.33,2,4,3,9,Potential Loyalists,True,At Risk,False,Retention Opportunity
17579,2011-12-05 12:28:00,4.0152777777777775,4,753.28,5,4,3,12,Loyal Customers,False,Active,False,Standard
17580,2011-04-01 12:41:00,252.00625,5,541.02,2,4,2,8,Potential Loyalists,True,At Risk,False,Retention Opportunity
17581,2011-12-09 12:21:00,0.0201388888888888,43,17951.17,5,5,5,15,Champions,False,Active,True,Standard
17582,2011-04-17 13:18:00,235.98055555555555,5,1446.95,2,4,4,10,Loyal Customers,True,At Risk,False,Retention Opportunity
17583,2010-05-28 14:24:00,559.9347222222223,1,135.95,1,2,1,4,Lost / Low Value,True,At Risk,False,Retention Opportunity
17584,2011-12-02 17:12:00,6.818055555555556,6,5309.42,5,4,5,14,Champions,False,Active,True,Standard
17585,2011-08-22 13:30:00,108.97222222222224,7,2064.71,3,4,4,11,Loyal Customers,True,At Risk,False,Retention Opportunity
17586,2010-03-30 13:12:00,618.9847222222222,1,167.4,1,2,1,4,Lost / Low Value,True,At Risk,False,Retention Opportunity
17587,2010-03-21 14:16:00,627.9402777777777,1,176.71,1,2,1,4,Lost / Low Value,True,At Risk,False,Retention Opportunity
17588,2011-08-31 13:37:00,99.96736111111112,7,2939.55,3,4,5,12,Loyal Customers,True,At Risk,True,High Priority
17589,2011-10-10 16:58:00,59.827777777777776,18,13837.94,3,5,5,13,Champions,False,Active,True,Standard
17590,2011-12-07 12:55:00,1.9965277777777777,3,1468.02,5,3,4,12,Loyal Customers,False,Active,False,Standard
17591,2011-09-27 13:42:00,72.96388888888889,8,2339.32,3,5,4,12,Loyal Customers,True,At Risk,True,High Priority
17592,2009-12-01 10:49:00,738.0840277777778,1,148.3,1,2,1,4,Lost / Low Value,True,At Risk,False,Retention Opportunity
17593,2011-12-06 10:30:00,3.0972222222222223,11,8092.32,5,5,5,15,Champions,False,Active,True,Standard
17594,2011-09-15 16:34:00,84.84444444444445,4,2497.88,3,4,4,11,Loyal Customers,True,At Risk,True,High Priority
17595,2011-11-27 16:08:00,11.8625,2,386.69,5,3,2,10,Loyal Customers,False,Active,False,Standard
17596,2011-11-16 14:11:00,22.94375,13,4491.46,4,5,5,14,Champions,False,Active,True,Standard
17597,2011-05-10 11:54:00,213.0388888888889,5,3484.09,2,4,5,11,Loyal Customers,True,At Risk,True,High Priority
17598,2010-11-23 17:43:00,380.7965277777778,1,409.98,2,2,2,6,At Risk,True,At Risk,False,Retention Opportunity
17599,2010-08-19 12:50:00,477.0,1,52.05,1,2,1,4,Lost / Low Value,True,At Risk,False,Retention Opportunity
17600,2011-11-22 09:43:00,17.12986111111111,1,161.67000000000002,5,2,1,8,Potential Loyalists,False,Active,False,Standard
17601,2011-04-14 18:02:00,238.78333333333333,2,413.08,2,3,2,7,Potential Loyalists,True,At Risk,False,Retention Opportunity
17602,2011-12-07 13:53:00,1.95625,14,7354.43,5,5,5,15,Champions,False,Active,True,Standard
17603,2011-09-22 14:18:00,77.93888888888888,4,1788.38,3,4,4,11,Loyal Customers,True,At Risk,False,Retention Opportunity
17604,2011-05-06 13:43:00,216.96319444444444,6,942.38,2,4,3,9,Potential Loyalists,True,At Risk,False,Retention Opportunity
17605,2010-04-28 14:45:00,589.9201388888889,1,160.75,1,2,1,4,Lost / Low Value,True,At Risk,False,Retention Opportunity
17606,2009-12-02 13:32:00,736.9708333333333,1,87.30000000000001,1,2,1,4,Lost / Low Value,True,At Risk,False,Retention Opportunity
17607,2010-11-28 13:11:00,375.98541666666665,1,333.81,2,2,2,6,At Risk,True,At Risk,False,Retention Opportunity
17608,2011-11-06 13:06:00,32.98888888888889,4,488.06,4,4,2,10,Loyal Customers,False,Active,False,Standard
17609,2011-10-30 12:28:00,40.015277777777776,11,1887.9,4,5,4,13,Champions,False,Active,False,Standard
17610,2010-06-17 16:34:00,539.8444444444444,5,1511.94,1,4,4,9,Potential Loyalists,True,At Risk,False,Retention Opportunity
17611,2011-12-02 13:29:00,6.972916666666666,28,8337.53,5,5,5,15,Champions,False,Active,True,Standard
17612,2011-10-17 14:59:00,52.91041666666667,18,5394.86,4,5,5,14,Champions,False,Active,True,Standard
17613,2011-11-17 10:51:00,22.082638888888887,14,4544.55,4,5,5,14,Champions,False,Active,True,Standard
17614,2011-10-13 16:01:00,56.86736111111111,1,386.32,4,2,2,8,Potential Loyalists,False,Active,False,Standard
17615,2011-08-01 14:06:00,129.94722222222222,6,721.8000000000001,3,4,3,10,Loyal Customers,True,At Risk,False,Retention Opportunity
17616,2011-06-19 10:11:00,173.11041666666668,4,734.4,3,4,3,10,Loyal Customers,True,At Risk,False,Retention Opportunity
17617,2010-05-30 12:48:00,558.0013888888889,1,385.19,1,2,2,5,At Risk,True,At Risk,False,Retention Opportunity
17618,2011-12-04 11:50:00,5.041666666666667,11,4001.64,5,5,5,15,Champions,False,Active,True,Standard
17619,2011-01-31 14:18:00,311.93888888888887,1,214.37,2,2,1,5,At Risk,True,At Risk,False,Retention Opportunity
17620,2011-10-11 12:08:00,59.02916666666667,1,81.44,3,2,1,6,At Risk,False,Active,False,Standard
17621,2011-11-18 17:11:00,20.81875,6,3175.12,4,4,5,13,Champions,False,Active,True,Standard
17622,2010-04-21 12:36:00,597.0097222222222,2,1130.21,1,3,3,7,Potential Loyalists,True,At Risk,False,Retention Opportunity
17623,2011-11-07 11:32:00,32.05416666666667,7,2365.77,4,4,4,12,Loyal Customers,False,Active,True,Standard
17624,2011-11-25 10:52:00,14.081944444444444,4,1568.63,5,4,4,13,Champions,False,Active,False,Standard
17625,2011-11-21 13:36:00,17.968055555555555,8,5978.9,5,5,5,15,Champions,False,Active,True,Standard
17626,2010-04-16 12:15:00,602.0243055555555,1,254.0,1,2,1,4,Lost / Low Value,True,At Risk,False,Retention Opportunity
17627,2010-08-18 11:27:00,478.0576388888889,1,296.36,1,2,2,5,At Risk,True,At Risk,False,Retention Opportunity
17628,2011-09-19 15:21:00,80.8951388888889,1,75.75,3,2,1,6,At Risk,True,At Risk,False,Retention Opportunity
17629,2011-12-04 10:56:00,5.079166666666667,10,2455.52,5,5,4,14,Champions,False,Active,True,Standard
17630,2011-06-23 11:58:00,169.0361111111111,2,503.6,3,3,2,8,Potential Loyalists,True,At Risk,False,Retention Opportunity
17631,2011-12-08 09:47:00,1.1270833333333334,7,998.49,5,4,3,12,Loyal Customers,False,Active,False,Standard
17633,2011-11-08 13:25:00,30.975694444444443,7,2057.39,4,4,4,12,Loyal Customers,False,Active,False,Standard
17634,2011-11-03 13:09:00,35.98680555555556,9,2358.59,4,5,4,13,Champions,False,Active,True,Standard
17635,2010-10-11 15:12:00,423.9013888888889,3,1265.58,1,3,4,8,Potential Loyalists,True,At Risk,False,Retention Opportunity
17636,2011-11-20 14:40:00,18.92361111111111,1,285.56,5,2,1,8,Potential Loyalists,False,Active,False,Standard
17637,2011-11-08 12:51:00,30.999305555555555,2,547.0600000000001,4,3,2,9,Potential Loyalists,False,Active,False,Standard
17638,2010-03-02 14:32:00,646.9291666666667,2,842.4000000000001,1,3,3,7,Potential Loyalists,True,At Risk,False,Retention Opportunity
17639,2011-03-08 15:22:00,275.89444444444445,6,615.17,2,4,3,9,Potential Loyalists,True,At Risk,False,Retention Opportunity
17640,2011-09-14 09:13:00,86.15069444444444,6,3168.94,3,4,5,12,Loyal Customers,True,At Risk,True,High Priority
17642,2011-08-12 09:11:00,119.15208333333334,5,1824.49,3,4,4,11,Loyal Customers,True,At Risk,False,Retention Opportunity
17643,2010-12-01 14:38:00,372.925,2,439.7,2,3,2,7,Potential Loyalists,True,At Risk,False,Retention Opportunity
17644,2011-12-08 13:43:00,0.9631944444444444,20,6028.6,5,5,5,15,Champions,False,Active,True,Standard
17646,2011-05-04 13:17:00,218.98125,12,3898.79,2,5,5,12,Loyal Customers,True,At Risk,True,High Priority
17647,2011-10-05 15:38:00,64.88333333333334,3,331.66,3,3,2,8,Potential Loyalists,True,At Risk,False,Retention Opportunity
17648,2011-10-10 09:41:00,60.13125,5,2216.37,3,4,4,11,Loyal Customers,True,At Risk,False,Retention Opportunity
17649,2011-07-24 15:53:00,137.87291666666667,3,1578.89,3,3,4,10,Loyal Customers,True,At Risk,False,Retention Opportunity
17650,2011-11-18 14:52:00,20.915277777777774,1,166.07999999999998,4,2,1,7,Potential Loyalists,False,Active,False,Standard
17651,2011-11-28 10:29:00,11.097916666666666,16,5703.52,5,5,5,15,Champions,False,Active,True,Standard
17652,2011-11-14 12:55:00,24.99652777777778,12,4867.72,4,5,5,14,Champions,False,Active,True,Standard
17653,2011-11-03 12:46:00,36.00277777777778,4,1207.56,4,4,3,11,Loyal Customers,False,Active,False,Standard
17654,2011-03-07 13:17:00,276.98125,1,117.55,2,2,1,5,At Risk,True,At Risk,False,Retention Opportunity
17655,2011-11-29 11:34:00,10.052777777777775,9,2976.38,5,5,5,15,Champions,False,Active,True,Standard
17656,2011-09-27 13:04:00,72.99027777777778,5,1674.69,3,4,4,11,Loyal Customers,True,At Risk,False,Retention Opportunity
17657,2010-10-05 14:52:00,429.91527777777776,1,126.0,1,2,1,4,Lost / Low Value,True,At Risk,False,Retention Opportunity
17658,2011-11-14 12:07:00,25.02986111111111,2,595.42,4,3,2,9,Potential Loyalists,False,Active,False,Standard
17659,2011-11-22 13:29:00,16.972916666666666,14,3586.99,5,5,5,15,Champions,False,Active,True,Standard
17660,2011-07-21 13:37:00,140.9673611111111,2,342.22,3,3,2,8,Potential Loyalists,True,At Risk,False,Retention Opportunity
17662,2010-02-16 09:38:00,661.1333333333333,2,412.92,1,3,2,6,At Risk,True,At Risk,False,Retention Opportunity
17663,2011-11-14 08:56:00,25.1625,17,5175.83,4,5,5,14,Champions,False,Active,True,Standard
17664,2011-11-21 11:29:00,18.05625,4,1166.23,5,4,3,12,Loyal Customers,False,Active,False,Standard
17665,2010-08-03 13:12:00,492.9847222222222,1,563.1,1,2,2,5,At Risk,True,At Risk,False,Retention Opportunity
17666,2011-12-06 09:06:00,3.1555555555555554,5,2047.8,5,4,4,13,Champions,False,Active,False,Standard
17667,2011-10-04 14:32:00,65.92916666666666,9,3950.7,3,5,5,13,Champions,True,At Risk,True,High Priority
17668,2011-12-08 13:25:00,0.9756944444444444,2,347.75,5,3,2,10,Loyal Customers,False,Active,False,Standard
17669,2011-10-28 08:53:00,42.16458333333333,10,6142.35,4,5,5,14,Champions,False,Active,True,Standard
17670,2011-04-26 09:12:00,227.1513888888889,1,205.7,2,2,1,5,At Risk,True,At Risk,False,Retention Opportunity
17671,2011-11-24 12:21:00,15.020138888888887,5,2009.16,5,4,4,13,Champions,False,Active,False,Standard
17672,2011-10-20 14:18:00,49.93888888888889,7,5778.63,4,4,5,13,Champions,False,Active,True,Standard
17673,2011-12-08 12:50:00,1.0,13,4173.88,5,5,5,15,Champions,False,Active,True,Standard
17674,2011-09-26 13:35:00,73.96875,2,551.04,3,3,2,8,Potential Loyalists,True,At Risk,False,Retention Opportunity
17675,2011-12-08 18:03:00,0.7826388888888889,70,37642.48,5,5,5,15,Champions,False,Active,True,Standard
17676,2011-12-05 15:16:00,3.8986111111111112,10,2448.64,5,5,4,14,Champions,False,Active,True,Standard
17677,2011-12-08 09:56:00,1.1208333333333331,54,35058.46,5,5,5,15,Champions,False,Active,True,Standard
17678,2011-03-21 11:52:00,263.04027777777776,2,599.76,2,3,2,7,Potential Loyalists,True,At Risk,False,Retention Opportunity
17679,2011-10-18 07:43:00,52.21319444444445,7,3577.61,4,4,5,13,Champions,False,Active,True,Standard
17680,2011-11-16 12:42:00,23.00555555555556,3,497.4500000000001,4,3,2,9,Potential Loyalists,False,Active,False,Standard
17681,2010-04-21 17:22:00,596.8111111111111,5,731.2,1,4,3,8,Potential Loyalists,True,At Risk,False,Retention Opportunity
17682,2011-11-29 15:59:00,9.86875,11,4065.28,5,5,5,15,Champions,False,Active,True,Standard
17683,2010-11-19 10:11:00,385.11041666666665,3,819.01,2,3,3,8,Potential Loyalists,True,At Risk,False,Retention Opportunity
17684,2011-10-27 11:10:00,43.06944444444444,1,239.41,4,2,1,7,Potential Loyalists,False,Active,False,Standard
17685,2011-11-23 11:36:00,16.051388888888887,12,5454.95,5,5,5,15,Champions,False,Active,True,Standard
17686,2011-12-02 15:39:00,6.882638888888889,9,8296.81,5,5,5,15,Champions,False,Active,True,Standard
17687,2010-10-15 12:30:00,420.0138888888889,1,432.68,1,2,2,5,At Risk,True,At Risk,False,Retention Opportunity
17688,2010-11-11 10:41:00,393.0895833333333,1,304.2,2,2,2,6,At Risk,True,At Risk,False,Retention Opportunity
17689,2010-11-16 13:22:00,387.97777777777776,2,317.08,2,3,2,7,Potential Loyalists,True,At Risk,False,Retention Opportunity
17690,2011-11-09 15:17:00,29.897916666666667,20,6963.8,4,5,5,14,Champions,False,Active,True,Standard
17691,2010-12-16 17:20:00,357.8125,4,637.55,2,4,3,9,Potential Loyalists,True,At Risk,False,Retention Opportunity
17692,2011-08-04 14:01:00,126.95069444444444,12,2975.8,3,5,5,13,Champions,True,At Risk,True,High Priority
17693,2011-07-25 15:48:00,136.8763888888889,1,200.47,3,2,1,6,At Risk,True,At Risk,False,Retention Opportunity
17694,2011-07-21 12:00:00,141.03472222222223,3,1695.97,3,3,4,10,Loyal Customers,True,At Risk,False,Retention Opportunity
17695,2011-07-31 10:40:00,131.09027777777777,5,1746.04,3,4,4,11,Loyal Customers,True,At Risk,False,Retention Opportunity
17696,2011-11-01 13:43:00,37.96319444444445,27,7679.59,4,5,5,14,Champions,False,Active,True,Standard
17697,2011-04-17 15:40:00,235.88194444444449,1,338.95,2,2,2,6,At Risk,True,At Risk,False,Retention Opportunity
17698,2011-03-24 11:34:00,260.0527777777778,1,154.95,2,2,1,5,At Risk,True,At Risk,False,Retention Opportunity
17699,2010-08-20 09:39:00,476.1326388888889,2,442.0,1,3,2,6,At Risk,True,At Risk,False,Retention Opportunity
17700,2011-11-23 11:51:00,16.040972222222223,14,6679.97,5,5,5,15,Champions,False,Active,True,Standard
17701,2011-04-01 12:25:00,252.01736111111111,1,417.95,2,2,2,6,At Risk,True,At Risk,False,Retention Opportunity
17702,2011-11-09 16:03:00,29.865972222222226,6,3144.04,4,4,5,13,Champions,False,Active,True,Standard
17703,2011-11-04 15:51:00,34.87430555555556,4,1094.84,4,4,3,11,Loyal Customers,False,Active,False,Standard
17704,2011-06-24 09:40:00,168.13194444444446,2,885.19,3,3,3,9,Potential Loyalists,True,At Risk,False,Retention Opportunity
17705,2011-12-06 13:45:00,2.961805555555556,11,2083.9,5,5,4,14,Champions,False,Active,False,Standard
17706,2011-12-05 13:34:00,3.969444444444445,31,20272.15,5,5,5,15,Champions,False,Active,True,Standard
17707,2011-06-07 15:03:00,184.9076388888889,8,609.3,3,5,3,11,Loyal Customers,True,At Risk,False,Retention Opportunity
17708,2011-06-05 10:12:00,187.10972222222225,4,884.1800000000001,3,4,3,10,Loyal Customers,True,At Risk,False,Retention Opportunity
17709,2011-06-23 11:55:00,169.03819444444446,5,671.01,3,4,3,10,Loyal Customers,True,At Risk,False,Retention Opportunity
17710,2010-10-12 07:49:00,423.2090277777778,1,293.5,1,2,2,5,At Risk,True,At Risk,False,Retention Opportunity
17711,2011-11-29 11:40:00,10.04861111111111,2,385.1,5,3,2,10,Loyal Customers,False,Active,False,Standard
17712,2011-10-26 12:28:00,44.015277777777776,1,522.91,4,2,2,8,Potential Loyalists,False,Active,False,Standard
17713,2010-11-22 16:50:00,381.8333333333333,4,1198.09,2,4,3,9,Potential Loyalists,True,At Risk,False,Retention Opportunity
17714,2011-01-23 10:32:00,320.09583333333336,5,1410.18,2,4,4,10,Loyal Customers,True,At Risk,False,Retention Opportunity
17715,2011-05-23 12:32:00,200.0125,2,489.6,2,3,2,7,Potential Loyalists,True,At Risk,False,Retention Opportunity
17716,2011-11-17 12:00:00,22.03472222222222,24,15956.97,4,5,5,14,Champions,False,Active,True,Standard
17717,2010-10-14 12:54:00,420.9972222222222,1,376.92,1,2,2,5,At Risk,True,At Risk,False,Retention Opportunity
17718,2011-04-21 13:39:00,231.96597222222223,2,439.18,2,3,2,7,Potential Loyalists,True,At Risk,False,Retention Opportunity
17719,2011-11-02 10:36:00,37.09305555555556,15,5396.04,4,5,5,14,Champions,False,Active,True,Standard
17720,2011-11-13 15:04:00,25.906944444444445,10,2666.91,4,5,4,13,Champions,False,Active,True,Standard
17721,2010-02-18 15:18:00,658.8972222222222,1,307.21000000000004,1,2,2,5,At Risk,True,At Risk,False,Retention Opportunity
17722,2011-09-04 15:22:00,95.89444444444445,5,3520.2200000000003,3,4,5,12,Loyal Customers,True,At Risk,True,High Priority
17723,2011-08-04 18:37:00,126.75902777777776,7,3378.4000000000005,3,4,5,12,Loyal Customers,True,At Risk,True,High Priority
17724,2011-09-29 15:26:00,70.89166666666667,3,1033.0,3,3,3,9,Potential Loyalists,True,At Risk,False,Retention Opportunity
17725,2011-11-23 16:34:00,15.844444444444443,11,3439.08,5,5,5,15,Champions,False,Active,True,Standard
17726,2010-11-09 13:37:00,394.96736111111113,7,1092.06,2,4,3,9,Potential Loyalists,True,At Risk,False,Retention Opportunity
17727,2011-11-24 17:06:00,14.822222222222225,1,1060.25,5,2,3,10,Loyal Customers,False,Active,False,Standard
17728,2011-12-06 08:52:00,3.165277777777778,5,4238.76,5,4,5,14,Champions,False,Active,True,Standard
17729,2010-04-22 15:03:00,595.9076388888889,1,438.65,1,2,2,5,At Risk,True,At Risk,False,Retention Opportunity
17730,2011-12-06 15:43:00,2.879861111111111,20,7773.8,5,5,5,15,Champions,False,Active,True,Standard
17731,2011-09-21 15:02:00,78.90833333333333,6,1708.99,3,4,4,11,Loyal Customers,True,At Risk,False,Retention Opportunity
17732,2010-12-02 09:29:00,372.13958333333335,8,2166.42,2,5,4,11,Loyal Customers,True,At Risk,False,Retention Opportunity
17733,2011-11-01 08:16:00,38.19027777777778,2,692.19,4,3,3,10,Loyal Customers,False,Active,False,Standard
17734,2011-10-17 12:33:00,53.011805555555554,6,1442.32,4,4,4,12,Loyal Customers,False,Active,False,Standard
17735,2011-12-07 16:47:00,1.8354166666666667,26,16790.33,5,5,5,15,Champions,False,Active,True,Standard
17736,2011-11-30 15:36:00,8.884722222222223,3,377.44,5,3,2,10,Loyal Customers,False,Active,False,Standard
17737,2011-11-30 15:16:00,8.89861111111111,2,168.24,5,3,1,9,Potential Loyalists,False,Active,False,Standard
17738,2011-11-20 15:05:00,18.90625,13,4183.56,5,5,5,15,Champions,False,Active,True,Standard
17739,2011-11-28 09:12:00,11.151388888888889,18,7730.59,5,5,5,15,Champions,False,Active,True,Standard
17740,2010-11-15 16:33:00,388.84513888888887,6,426.9,2,4,2,8,Potential Loyalists,True,At Risk,False,Retention Opportunity
17741,2010-10-29 11:59:00,406.03541666666666,2,101.1,2,3,1,6,At Risk,True,At Risk,False,Retention Opportunity
17742,2011-08-18 15:28:00,112.89027777777778,11,2098.48,3,5,4,12,Loyal Customers,True,At Risk,False,Retention Opportunity
17743,2010-09-17 14:54:00,447.9138888888889,1,229.2,1,2,1,4,Lost / Low Value,True,At Risk,False,Retention Opportunity
17744,2011-12-06 12:11:00,3.027083333333333,7,2649.14,5,4,4,13,Champions,False,Active,True,Standard
17745,2010-08-19 12:30:00,477.0138888888889,2,600.34,1,3,2,6,At Risk,True,At Risk,False,Retention Opportunity
17746,2011-04-13 14:31:00,239.9298611111111,4,904.18,2,4,3,9,Potential Loyalists,True,At Risk,False,Retention Opportunity
17747,2011-08-19 08:13:00,112.19236111111113,1,71.4,3,2,1,6,At Risk,True,At Risk,False,Retention Opportunity
17748,2010-06-30 13:49:00,526.9590277777778,1,358.15,1,2,2,5,At Risk,True,At Risk,False,Retention Opportunity
17749,2011-06-14 15:45:00,177.87847222222223,3,1026.18,3,3,3,9,Potential Loyalists,True,At Risk,False,Retention Opportunity
17750,2011-12-04 14:09:00,4.945138888888889,9,1710.45,5,5,4,14,Champions,False,Active,False,Standard
17751,2010-10-14 13:57:00,420.9534722222222,1,157.86,1,2,1,4,Lost / Low Value,True,At Risk,False,Retention Opportunity
17752,2010-12-15 16:19:00,358.8548611111111,1,80.64,2,2,1,5,At Risk,True,At Risk,False,Retention Opportunity
17753,2010-09-01 15:49:00,463.8756944444444,4,382.06,1,4,2,7,Potential Loyalists,True,At Risk,False,Retention Opportunity
17754,2011-12-09 11:20:00,0.0625,13,4451.22,5,5,5,15,Champions,False,Active,True,Standard
17756,2010-11-29 12:20:00,375.0208333333333,3,728.75,2,3,3,8,Potential Loyalists,True,At Risk,False,Retention Opportunity
17757,2011-12-08 15:31:00,0.8881944444444444,56,9074.05,5,5,5,15,Champions,False,Active,True,Standard
17758,2011-11-20 14:45:00,18.92013888888889,12,4964.03,5,5,5,15,Champions,False,Active,True,Standard
17759,2011-11-22 16:02:00,16.866666666666667,5,1261.88,5,4,4,13,Champions,False,Active,False,Standard
17760,2011-11-18 10:56:00,21.079166666666666,6,746.39,4,4,3,11,Loyal Customers,False,Active,False,Standard
17761,2011-11-07 10:23:00,32.10208333333333,1,712.78,4,2,3,9,Potential Loyalists,False,Active,False,Standard
17762,2010-09-09 17:40:00,455.7986111111111,1,129.75,1,2,1,4,Lost / Low Value,True,At Risk,False,Retention Opportunity
17763,2011-03-21 14:25:00,262.93402777777777,4,86.15,2,4,1,7,Potential Loyalists,True,At Risk,False,Retention Opportunity
17764,2011-10-20 11:03:00,50.074305555555554,5,1513.57,4,4,4,12,Loyal Customers,False,Active,False,Standard
17765,2011-07-04 12:41:00,158.00625,4,524.0,3,4,2,9,Potential Loyalists,True,At Risk,False,Retention Opportunity
17766,2010-11-23 14:29:00,380.93125,2,299.61,2,3,2,7,Potential Loyalists,True,At Risk,False,Retention Opportunity
17767,2011-11-24 14:42:00,14.922222222222222,2,413.05,5,3,2,10,Loyal Customers,False,Active,False,Standard
17768,2011-12-01 13:22:00,7.977777777777778,7,3292.73,5,4,5,14,Champions,False,Active,True,Standard
17769,2011-11-27 11:18:00,12.063888888888888,17,7053.38,5,5,5,15,Champions,False,Active,True,Standard
17770,2011-05-25 12:34:00,198.01111111111112,5,1143.27,2,4,3,9,Potential Loyalists,True,At Risk,False,Retention Opportunity
17771,2011-10-14 11:43:00,56.046527777777776,4,387.41,4,4,2,10,Loyal Customers,False,Active,False,Standard
17772,2011-11-29 11:05:00,10.072916666666666,3,360.75,5,3,2,10,Loyal Customers,False,Active,False,Standard
17773,2010-07-13 14:07:00,513.9465277777778,2,575.37,1,3,2,6,At Risk,True,At Risk,False,Retention Opportunity
17774,2011-09-04 12:49:00,96.00069444444443,9,3273.83,3,5,5,13,Champions,True,At Risk,True,High Priority
17775,2011-03-30 10:50:00,254.08333333333331,1,56.4,2,2,1,5,At Risk,True,At Risk,False,Retention Opportunity
17776,2010-11-18 12:14:00,386.025,2,330.56,2,3,2,7,Potential Loyalists,True,At Risk,False,Retention Opportunity
17777,2011-11-15 12:02:00,24.03333333333333,3,647.56,4,3,3,10,Loyal Customers,False,Active,False,Standard
17778,2010-02-16 12:44:00,661.0041666666667,1,197.7,1,2,1,4,Lost / Low Value,True,At Risk,False,Retention Opportunity
17779,2011-11-18 14:15:00,20.94097222222222,3,650.32,4,3,3,10,Loyal Customers,False,Active,False,Standard
17780,2010-02-10 13:43:00,666.9631944444444,3,346.56,1,3,2,6,At Risk,True,At Risk,False,Retention Opportunity
17781,2011-07-03 16:00:00,158.86805555555554,2,188.02,3,3,1,7,Potential Loyalists,True,At Risk,False,Retention Opportunity
17782,2010-11-22 11:15:00,382.06597222222223,2,679.02,2,3,3,8,Potential Loyalists,True,At Risk,False,Retention Opportunity
17783,2011-09-28 16:07:00,71.86319444444445,3,376.96,3,3,2,8,Potential Loyalists,True,At Risk,False,Retention Opportunity
17784,2010-06-07 16:08:00,549.8625,1,112.86,1,2,1,4,Lost / Low Value,True,At Risk,False,Retention Opportunity
17785,2011-10-17 13:43:00,52.96319444444445,3,403.38,4,3,2,9,Potential Loyalists,False,Active,False,Standard
17786,2011-09-15 12:51:00,84.99930555555555,2,266.85,3,3,1,7,Potential Loyalists,True,At Risk,False,Retention Opportunity
17787,2011-07-10 11:24:00,152.05972222222223,4,1817.54,3,4,4,11,Loyal Customers,True,At Risk,False,Retention Opportunity
17788,2011-09-27 10:09:00,73.11180555555555,2,1117.9,3,3,3,9,Potential Loyalists,True,At Risk,False,Retention Opportunity
17789,2011-03-03 13:14:00,280.9833333333333,2,397.15,2,3,2,7,Potential Loyalists,True,At Risk,False,Retention Opportunity
17790,2011-11-13 11:30:00,26.05555555555556,20,2779.41,4,5,4,13,Champions,False,Active,True,Standard
17791,2011-11-10 12:09:00,29.028472222222224,1,106.1,4,2,1,7,Potential Loyalists,False,Active,False,Standard
17792,2010-08-29 14:30:00,466.93055555555554,2,368.35,1,3,2,6,At Risk,True,At Risk,False,Retention Opportunity
17793,2011-11-14 14:24:00,24.934722222222224,1,300.34,4,2,2,8,Potential Loyalists,False,Active,False,Standard
17794,2010-01-22 10:18:00,686.1055555555556,2,147.3,1,3,1,5,At Risk,True,At Risk,False,Retention Opportunity
17795,2011-06-13 12:36:00,179.00972222222222,2,342.83,3,3,2,8,Potential Loyalists,True,At Risk,False,Retention Opportunity
17796,2011-10-30 15:38:00,39.88333333333333,7,1236.39,4,4,4,12,Loyal Customers,False,Active,False,Standard
17797,2011-11-17 13:21:00,21.978472222222223,8,1971.87,4,5,4,13,Champions,False,Active,False,Standard
17798,2010-05-07 11:42:00,581.0472222222222,1,178.07,1,2,1,4,Lost / Low Value,True,At Risk,False,Retention Opportunity
17799,2011-11-17 15:16:00,21.898611111111112,20,6246.93,4,5,5,14,Champions,False,Active,True,Standard
17800,2011-11-02 12:57:00,36.99513888888889,9,1187.21,4,5,3,12,Loyal Customers,False,Active,False,Standard
17801,2010-09-14 14:32:00,450.9291666666667,3,770.03,1,3,3,7,Potential Loyalists,True,At Risk,False,Retention Opportunity
17802,2011-09-18 14:56:00,81.9125,10,4946.22,3,5,5,13,Champions,True,At Risk,True,High Priority
17803,2010-11-12 13:53:00,391.95625,1,184.66,2,2,1,5,At Risk,True,At Risk,False,Retention Opportunity
17804,2010-11-28 14:01:00,375.9506944444444,3,383.78,2,3,2,7,Potential Loyalists,True,At Risk,False,Retention Opportunity
17805,2011-09-27 11:49:00,73.0423611111111,2,927.03,3,3,3,9,Potential Loyalists,True,At Risk,False,Retention Opportunity
17806,2011-11-28 14:12:00,10.943055555555556,1,546.04,5,2,2,9,Potential Loyalists,False,Active,False,Standard
17807,2010-11-09 16:21:00,394.8534722222222,3,437.87,2,3,2,7,Potential Loyalists,True,At Risk,False,Retention Opportunity
17808,2010-06-09 10:44:00,548.0875,4,262.64,1,4,1,6,At Risk,True,At Risk,False,Retention Opportunity
17809,2011-11-23 12:59:00,15.99375,20,10085.89,5,5,5,15,Champions,False,Active,True,Standard
17810,2010-02-09 10:47:00,668.0854166666667,2,373.16,1,3,2,6,At Risk,True,At Risk,False,Retention Opportunity
17811,2011-12-05 13:46:00,3.9611111111111112,47,9519.8,5,5,5,15,Champions,False,Active,True,Standard
17812,2011-11-27 11:47:00,12.04375,7,911.99,5,4,3,12,Loyal Customers,False,Active,False,Standard
17813,2011-11-25 16:13:00,13.859027777777778,5,1698.07,5,4,4,13,Champions,False,Active,False,Standard
17814,2010-11-29 14:21:00,374.9368055555556,2,1609.37,2,3,4,9,Potential Loyalists,True,At Risk,False,Retention Opportunity
17815,2010-11-11 14:39:00,392.9243055555556,1,591.96,2,2,2,6,At Risk,True,At Risk,False,Retention Opportunity
17816,2011-11-03 11:34:00,36.05277777777778,6,96.11,4,4,1,9,Potential Loyalists,False,Active,False,Standard
17817,2011-12-05 14:39:00,3.924305555555556,6,788.15,5,4,3,12,Loyal Customers,False,Active,False,Standard
17818,2009-12-02 11:34:00,737.0527777777778,1,124.78,1,2,1,4,Lost / Low Value,True,At Risk,False,Retention Opportunity
17819,2011-09-29 10:52:00,71.08194444444445,12,6021.05,3,5,5,13,Champions,True,At Risk,True,High Priority
17820,2010-11-30 17:43:00,373.7965277777778,1,180.61,2,2,1,5,At Risk,True,At Risk,False,Retention Opportunity
17821,2010-10-29 13:20:00,405.9791666666667,1,334.62,2,2,2,6,At Risk,True,At Risk,False,Retention Opportunity
17822,2010-10-15 13:47:00,419.9604166666667,5,2162.93,1,4,4,9,Potential Loyalists,True,At Risk,False,Retention Opportunity
17823,2010-10-14 16:24:00,420.8513888888889,2,449.25,1,3,2,6,At Risk,True,At Risk,False,Retention Opportunity
17824,2011-10-19 14:14:00,50.94166666666667,1,298.4,4,2,2,8,Potential Loyalists,False,Active,False,Standard
17825,2010-04-20 12:01:00,598.0340277777777,4,701.96,1,4,3,8,Potential Loyalists,True,At Risk,False,Retention Opportunity
17826,2010-11-30 13:23:00,373.9770833333333,1,133.34,2,2,1,5,At Risk,True,At Risk,False,Retention Opportunity
17827,2011-12-04 15:00:00,4.909722222222222,6,2376.17,5,4,4,13,Champions,False,Active,True,Standard
17828,2011-11-17 08:41:00,22.172916666666666,4,1820.09,4,4,4,12,Loyal Customers,False,Active,False,Standard
17829,2011-02-14 12:46:00,298.0027777777778,5,4756.74,2,4,5,11,Loyal Customers,True,At Risk,True,High Priority
17830,2011-12-08 12:28:00,1.0152777777777775,3,398.7,5,3,2,10,Loyal Customers,False,Active,False,Standard
17831,2011-11-06 15:09:00,32.90347222222222,1,35.400000000000006,4,2,1,7,Potential Loyalists,False,Active,False,Standard
17832,2011-10-21 11:43:00,49.046527777777776,1,155.37,4,2,1,7,Potential Loyalists,False,Active,False,Standard
17833,2009-12-16 13:40:00,722.9652777777778,1,338.46000000000004,1,2,2,5,At Risk,True,At Risk,False,Retention Opportunity
17834,2010-10-21 12:09:00,414.0284722222222,2,689.6700000000001,1,3,3,7,Potential Loyalists,True,At Risk,False,Retention Opportunity
17835,2011-12-07 11:48:00,2.043055555555556,3,342.24,5,3,2,10,Loyal Customers,False,Active,False,Standard
17836,2011-10-23 16:13:00,46.859027777777776,1,110.21,4,2,1,7,Potential Loyalists,False,Active,False,Standard
17837,2011-10-28 16:13:00,41.859027777777776,8,1541.23,4,5,4,13,Champions,False,Active,False,Standard
17838,2011-11-13 11:20:00,26.0625,13,5604.64,4,5,5,14,Champions,False,Active,True,Standard
17839,2011-10-28 17:27:00,41.80763888888889,1,318.15,4,2,2,8,Potential Loyalists,False,Active,False,Standard
17840,2010-09-22 12:24:00,443.0180555555556,1,175.9,1,2,1,4,Lost / Low Value,True,At Risk,False,Retention Opportunity
17841,2011-12-08 12:07:00,1.0298611111111111,211,68545.25,5,5,5,15,Champions,False,Active,True,Standard
17842,2010-04-16 14:23:00,601.9354166666667,1,430.69,1,2,2,5,At Risk,True,At Risk,False,Retention Opportunity
17843,2011-02-09 15:33:00,302.88680555555555,2,320.4,2,3,2,7,Potential Loyalists,True,At Risk,False,Retention Opportunity
17844,2011-08-25 11:27:00,106.05763888888887,1,51.56,3,2,1,6,At Risk,True,At Risk,False,Retention Opportunity
17845,2010-06-02 15:20:00,554.8958333333334,4,596.09,1,4,2,7,Potential Loyalists,True,At Risk,False,Retention Opportunity
17846,2011-09-15 15:20:00,84.89583333333333,1,2033.1,3,2,4,9,Potential Loyalists,True,At Risk,False,Retention Opportunity
17847,2010-07-12 10:00:00,515.1180555555555,2,129.69,1,3,1,5,At Risk,True,At Risk,False,Retention Opportunity
17848,2011-09-19 16:49:00,80.83402777777778,30,3559.11,3,5,5,13,Champions,True,At Risk,True,High Priority
17849,2011-05-05 13:46:00,217.9611111111111,8,1063.76,2,5,3,10,Loyal Customers,True,At Risk,False,Retention Opportunity
17850,2010-12-02 15:27:00,371.8909722222222,155,51208.87,2,5,5,12,Loyal Customers,True,At Risk,True,High Priority
17851,2010-10-13 15:13:00,421.90069444444447,6,1552.35,1,4,4,9,Potential Loyalists,True,At Risk,False,Retention Opportunity
17852,2011-11-28 12:36:00,11.009722222222225,5,657.8100000000001,5,4,3,12,Loyal Customers,False,Active,False,Standard
17853,2010-10-28 15:29:00,406.88958333333335,3,1596.29,2,3,4,9,Potential Loyalists,True,At Risk,False,Retention Opportunity
17854,2011-06-07 16:21:00,184.85347222222225,6,1068.5,3,4,3,10,Loyal Customers,True,At Risk,False,Retention Opportunity
17855,2010-12-02 09:44:00,372.12916666666666,1,208.97,2,2,1,5,At Risk,True,At Risk,False,Retention Opportunity
17856,2011-12-08 09:40:00,1.1319444444444444,4,1418.03,5,4,4,13,Champions,False,Active,False,Standard
17857,2011-12-05 13:13:00,3.984027777777778,24,27347.04,5,5,5,15,Champions,False,Active,True,Standard
17858,2011-12-04 11:56:00,5.0375,30,12518.65,5,5,5,15,Champions,False,Active,True,Standard
17859,2011-02-08 10:32:00,304.09583333333336,1,141.92,2,2,1,5,At Risk,True,At Risk,False,Retention Opportunity
17860,2010-12-06 12:41:00,368.00625,4,717.39,2,4,3,9,Potential Loyalists,True,At Risk,False,Retention Opportunity
17861,2011-12-06 16:21:00,2.8534722222222224,18,5088.29,5,5,5,15,Champions,False,Active,True,Standard
17862,2011-01-20 12:23:00,323.01875,4,1254.89,2,4,4,10,Loyal Customers,True,At Risk,False,Retention Opportunity
17863,2011-10-11 13:45:00,58.96180555555556,12,5360.4800000000005,3,5,5,13,Champions,False,Active,True,Standard
17864,2011-11-27 11:15:00,12.06597222222222,5,876.57,5,4,3,12,Loyal Customers,False,Active,False,Standard
17865,2011-11-09 12:08:00,30.029166666666665,46,26312.19,4,5,5,14,Champions,False,Active,True,Standard
17866,2011-07-20 11:07:00,142.0715277777778,3,1134.95,3,3,3,9,Potential Loyalists,True,At Risk,False,Retention Opportunity
17867,2011-11-09 14:15:00,29.94097222222222,15,1582.0500000000002,4,5,4,13,Champions,False,Active,False,Standard
17868,2010-11-18 18:55:00,385.74652777777777,1,227.15,2,2,1,5,At Risk,True,At Risk,False,Retention Opportunity
17869,2011-08-24 16:16:00,106.85694444444444,7,813.64,3,4,3,10,Loyal Customers,True,At Risk,False,Retention Opportunity
17870,2011-12-07 15:07:00,1.9048611111111111,13,2753.29,5,5,4,14,Champions,False,Active,True,Standard
17871,2011-05-19 11:32:00,204.05416666666667,5,1068.95,2,4,3,9,Potential Loyalists,True,At Risk,False,Retention Opportunity
17872,2010-11-23 12:02:00,381.03333333333336,1,235.87,2,2,1,5,At Risk,True,At Risk,False,Retention Opportunity
17873,2011-09-20 16:41:00,79.83958333333334,18,6265.33,3,5,5,13,Champions,True,At Risk,True,High Priority
17874,2011-06-07 12:54:00,184.99722222222223,6,683.46,3,4,3,10,Loyal Customers,True,At Risk,False,Retention Opportunity
17875,2010-01-20 15:30:00,687.8888888888889,1,167.1,1,2,1,4,Lost / Low Value,True,At Risk,False,Retention Opportunity
17876,2010-11-05 10:52:00,399.0819444444445,3,3424.02,2,3,5,10,Loyal Customers,True,At Risk,True,High Priority
17877,2011-06-22 13:00:00,169.99305555555554,1,237.61,3,2,1,6,At Risk,True,At Risk,False,Retention Opportunity
17878,2011-10-27 11:24:00,43.05972222222222,3,1378.93,4,3,4,11,Loyal Customers,False,Active,False,Standard
17879,2011-06-19 12:36:00,173.00972222222222,1,178.52,3,2,1,6,At Risk,True,At Risk,False,Retention Opportunity
17880,2010-12-10 10:21:00,364.1034722222222,3,824.9200000000001,2,3,3,8,Potential Loyalists,True,At Risk,False,Retention Opportunity
17881,2011-02-08 17:16:00,303.8152777777778,1,133.35,2,2,1,5,At Risk,True,At Risk,False,Retention Opportunity
17882,2010-11-25 14:40:00,378.9236111111111,2,291.56,2,3,2,7,Potential Loyalists,True,At Risk,False,Retention Opportunity
17883,2011-12-06 17:49:00,2.792361111111111,7,988.42,5,4,3,12,Loyal Customers,False,Active,False,Standard
17884,2011-12-06 11:33:00,3.053472222222222,20,2698.47,5,5,4,14,Champions,False,Active,True,Standard
17885,2011-11-27 14:40:00,11.92361111111111,1,156.34,5,2,1,8,Potential Loyalists,False,Active,False,Standard
17886,2011-11-08 10:09:00,31.11180555555556,6,1572.55,4,4,4,12,Loyal Customers,False,Active,False,Standard
17887,2011-08-02 17:29:00,128.80625,1,111.35,3,2,1,6,At Risk,True,At Risk,False,Retention Opportunity
17888,2011-11-18 13:45:00,20.96180555555556,25,1807.44,4,5,4,13,Champions,False,Active,False,Standard
17889,2011-05-11 16:26:00,211.85,7,746.42,2,4,3,9,Potential Loyalists,True,At Risk,False,Retention Opportunity
17890,2011-01-21 11:19:00,322.06319444444443,2,586.89,2,3,2,7,Potential Loyalists,True,At Risk,False,Retention Opportunity
17891,2011-06-30 20:08:00,161.69583333333333,1,203.86,3,2,1,6,At Risk,True,At Risk,False,Retention Opportunity
17892,2011-10-14 16:49:00,55.83402777777778,3,244.1,4,3,1,8,Potential Loyalists,False,Active,False,Standard
17893,2011-04-28 13:50:00,224.95833333333331,1,107.21,2,2,1,5,At Risk,True,At Risk,False,Retention Opportunity
17894,2011-09-29 09:23:00,71.14375,18,2304.58,3,5,4,12,Loyal Customers,True,At Risk,True,High Priority
17895,2011-10-26 17:00:00,43.826388888888886,1,95.45,4,2,1,7,Potential Loyalists,False,Active,False,Standard
17896,2011-11-16 13:59:00,22.95208333333333,1,256.32,4,2,1,7,Potential Loyalists,False,Active,False,Standard
17897,2011-06-20 11:23:00,172.06041666666667,9,2099.89,3,5,4,12,Loyal Customers,True,At Risk,False,Retention Opportunity
17898,2011-09-15 14:56:00,84.9125,4,299.18,3,4,2,9,Potential Loyalists,True,At Risk,False,Retention Opportunity
17899,2011-07-03 14:58:00,158.9111111111111,1,154.55,3,2,1,6,At Risk,True,At Risk,False,Retention Opportunity
17900,2011-06-02 14:38:00,189.925,2,112.2,2,3,1,6,At Risk,True,At Risk,False,Retention Opportunity
17901,2011-11-10 17:29:00,28.80625,3,260.08,4,3,1,8,Potential Loyalists,False,Active,False,Standard
17902,2010-06-11 12:25:00,546.0173611111111,1,216.4,1,2,1,4,Lost / Low Value,True,At Risk,False,Retention Opportunity
17903,2010-11-10 15:39:00,393.8826388888889,1,381.09,2,2,2,6,At Risk,True,At Risk,False,Retention Opportunity
17904,2011-11-18 12:57:00,20.99513888888889,1,181.07,4,2,1,7,Potential Loyalists,False,Active,False,Standard
17905,2011-09-29 17:33:00,70.80347222222223,13,2178.87,3,5,4,12,Loyal Customers,True,At Risk,False,Retention Opportunity
17906,2011-04-06 17:25:00,246.80902777777777,1,72.9,2,2,1,5,At Risk,True,At Risk,False,Retention Opportunity
17907,2010-03-09 12:33:00,640.0118055555556,1,291.76,1,2,2,5,At Risk,True,At Risk,False,Retention Opportunity
17908,2010-12-01 11:45:00,373.0451388888889,5,1142.47,2,4,3,9,Potential Loyalists,True,At Risk,False,Retention Opportunity
17909,2009-12-02 13:10:00,736.9861111111111,1,110.05,1,2,1,4,Lost / Low Value,True,At Risk,False,Retention Opportunity
17910,2009-12-13 16:04:00,725.8652777777778,1,261.7,1,2,1,4,Lost / Low Value,True,At Risk,False,Retention Opportunity
17911,2011-11-30 14:52:00,8.915277777777778,1,366.23,5,2,2,9,Potential Loyalists,False,Active,False,Standard
17912,2011-02-02 14:25:00,309.93402777777777,6,374.55,2,4,2,8,Potential Loyalists,True,At Risk,False,Retention Opportunity
17913,2011-10-12 10:45:00,58.08680555555556,14,3429.29,4,5,5,14,Champions,False,Active,True,Standard
17914,2011-12-06 11:58:00,3.036111111111111,1,329.36,5,2,2,9,Potential Loyalists,False,Active,False,Standard
17915,2010-06-06 13:22:00,550.9777777777778,1,225.78,1,2,1,4,Lost / Low Value,True,At Risk,False,Retention Opportunity
17916,2010-03-21 12:26:00,628.0166666666667,2,43.87,1,3,1,5,At Risk,True,At Risk,False,Retention Opportunity
17917,2011-10-25 13:20:00,44.97916666666666,3,335.03,4,3,2,9,Potential Loyalists,False,Active,False,Standard
17918,2010-07-27 11:51:00,500.0409722222222,3,396.39,1,3,2,6,At Risk,True,At Risk,False,Retention Opportunity
17919,2011-09-12 13:41:00,87.96458333333334,2,1840.32,3,3,4,10,Loyal Customers,True,At Risk,False,Retention Opportunity
17920,2011-12-05 14:29:00,3.93125,54,23581.78,5,5,5,15,Champions,False,Active,True,Standard
17921,2011-10-06 18:56:00,63.74583333333333,10,2394.36,3,5,4,12,Loyal Customers,True,At Risk,True,High Priority
17922,2010-06-14 16:32:00,542.8458333333333,1,170.4,1,2,1,4,Lost / Low Value,True,At Risk,False,Retention Opportunity
17923,2011-03-02 15:15:00,281.89930555555554,3,497.0,2,3,2,7,Potential Loyalists,True,At Risk,False,Retention Opportunity
17924,2011-11-28 09:11:00,11.152083333333334,8,3257.7000000000003,5,5,5,15,Champions,False,Active,True,Standard
17925,2010-12-02 10:10:00,372.1111111111111,1,244.08,2,2,1,5,At Risk,True,At Risk,False,Retention Opportunity
17926,2011-07-29 14:39:00,132.92430555555555,5,1035.49,3,4,3,10,Loyal Customers,True,At Risk,False,Retention Opportunity
17927,2009-12-18 11:03:00,721.0743055555556,1,294.0,1,2,2,5,At Risk,True,At Risk,False,Retention Opportunity
17928,2011-10-25 13:52:00,44.956944444444446,3,341.24,4,3,2,9,Potential Loyalists,False,Active,False,Standard
17929,2011-11-28 16:01:00,10.86736111111111,12,3082.1,5,5,5,15,Champions,False,Active,True,Standard
17930,2011-11-04 10:23:00,35.10208333333333,13,4275.22,4,5,5,14,Champions,False,Active,True,Standard
17931,2011-07-28 18:33:00,133.76180555555555,14,3402.24,3,5,5,13,Champions,True,At Risk,True,High Priority
17932,2011-11-10 19:49:00,28.709027777777777,3,1331.57,4,3,4,11,Loyal Customers,False,Active,False,Standard
17933,2010-03-17 15:11:00,631.9020833333333,1,114.69,1,2,1,4,Lost / Low Value,True,At Risk,False,Retention Opportunity
17934,2011-10-19 11:16:00,51.06527777777778,3,1049.15,4,3,3,10,Loyal Customers,False,Active,False,Standard
17935,2011-07-24 13:18:00,137.98055555555555,7,686.14,3,4,3,10,Loyal Customers,True,At Risk,False,Retention Opportunity
17936,2011-12-04 13:32:00,4.970833333333333,1,380.13,5,2,2,9,Potential Loyalists,False,Active,False,Standard
17937,2011-12-01 11:45:00,8.04513888888889,7,4301.22,5,4,5,14,Champions,False,Active,True,Standard
17938,2010-10-15 14:27:00,419.9326388888889,1,144.29,1,2,1,4,Lost / Low Value,True,At Risk,False,Retention Opportunity
17939,2011-07-03 12:27:00,159.01597222222222,1,99.14,3,2,1,6,At Risk,True,At Risk,False,Retention Opportunity
17940,2011-10-21 13:27:00,48.97430555555555,16,30306.79,4,5,5,14,Champions,False,Active,True,Standard
17941,2011-08-01 08:30:00,130.18055555555554,4,1433.28,3,4,4,11,Loyal Customers,True,At Risk,False,Retention Opportunity
17942,2011-12-02 10:45:00,7.086805555555555,1,77.50000000000001,5,2,1,8,Potential Loyalists,False,Active,False,Standard
17944,2010-10-12 16:25:00,422.85069444444446,1,74.99,1,2,1,4,Lost / Low Value,True,At Risk,False,Retention Opportunity
17945,2010-01-12 11:40:00,696.0486111111111,3,360.35,1,3,2,6,At Risk,True,At Risk,False,Retention Opportunity
17946,2011-04-20 17:00:00,232.82638888888889,2,149.57999999999998,2,3,1,6,At Risk,True,At Risk,False,Retention Opportunity
17947,2011-11-02 13:05:00,36.989583333333336,1,176.68,4,2,1,7,Potential Loyalists,False,Active,False,Standard
17948,2011-07-15 12:58:00,146.99444444444444,1,358.56000000000006,3,2,2,7,Potential Loyalists,True,At Risk,False,Retention Opportunity
17949,2011-12-08 18:46:00,0.7527777777777778,118,117314.08,5,5,5,15,Champions,False,Active,True,Standard
17950,2011-09-28 15:18:00,71.89722222222223,7,1166.29,3,4,3,10,Loyal Customers,True,At Risk,False,Retention Opportunity
17951,2011-10-31 12:30:00,39.013888888888886,4,1340.5800000000002,4,4,4,12,Loyal Customers,False,Active,False,Standard
17952,2010-11-26 13:54:00,377.9555555555556,4,788.46,2,4,3,9,Potential Loyalists,True,At Risk,False,Retention Opportunity
17953,2010-06-17 15:08:00,539.9041666666667,1,159.17000000000002,1,2,1,4,Lost / Low Value,True,At Risk,False,Retention Opportunity
17954,2011-12-04 14:15:00,4.940972222222222,19,3804.38,5,5,5,15,Champions,False,Active,True,Standard
17955,2011-05-25 12:00:00,198.03472222222223,6,949.9,2,4,3,9,Potential Loyalists,True,At Risk,False,Retention Opportunity
17956,2011-04-04 13:47:00,248.96041666666667,1,12.75,2,2,1,5,At Risk,True,At Risk,False,Retention Opportunity
17957,2011-10-04 14:58:00,65.91111111111111,1,111.68,3,2,1,6,At Risk,True,At Risk,False,Retention Opportunity
17958,2011-08-15 12:19:00,116.02152777777778,2,973.88,3,3,3,9,Potential Loyalists,True,At Risk,False,Retention Opportunity
17959,2010-04-26 14:12:00,591.9430555555556,1,140.75,1,2,1,4,Lost / Low Value,True,At Risk,False,Retention Opportunity
17960,2011-06-21 14:15:00,170.94097222222223,3,135.08,3,3,1,7,Potential Loyalists,True,At Risk,False,Retention Opportunity
17961,2011-11-18 16:55:00,20.82986111111111,100,2866.74,4,5,4,13,Champions,False,Active,True,Standard
17962,2011-07-20 14:16:00,141.94027777777777,4,666.96,3,4,3,10,Loyal Customers,True,At Risk,False,Retention Opportunity
17963,2010-08-25 15:58:00,470.86944444444447,4,643.16,1,4,3,8,Potential Loyalists,True,At Risk,False,Retention Opportunity
17964,2011-11-08 10:44:00,31.0875,2,463.21,4,3,2,9,Potential Loyalists,False,Active,False,Standard
17965,2011-11-02 09:31:00,37.13819444444445,29,7006.65,4,5,5,14,Champions,False,Active,True,Standard
17966,2011-11-02 10:26:00,37.1,10,1963.92,4,5,4,13,Champions,False,Active,False,Standard
17967,2010-12-03 11:19:00,371.0631944444444,2,223.42,2,3,1,6,At Risk,True,At Risk,False,Retention Opportunity
17968,2010-12-01 12:23:00,373.01875,4,590.44,2,4,2,8,Potential Loyalists,True,At Risk,False,Retention Opportunity
17969,2011-06-26 13:00:00,165.99305555555554,20,2354.29,3,5,4,12,Loyal Customers,True,At Risk,True,High Priority
17970,2011-05-12 20:03:00,210.69930555555555,1,562.79,2,2,2,6,At Risk,True,At Risk,False,Retention Opportunity
17971,2010-06-09 14:04:00,547.9486111111111,1,161.94,1,2,1,4,Lost / Low Value,True,At Risk,False,Retention Opportunity
17972,2011-04-12 12:16:00,241.0236111111111,1,135.19,2,2,1,5,At Risk,True,At Risk,False,Retention Opportunity
17973,2011-10-19 10:34:00,51.09444444444444,1,337.04,4,2,2,8,Potential Loyalists,False,Active,False,Standard
17974,2011-11-15 11:37:00,24.05069444444445,6,1739.09,4,4,4,12,Loyal Customers,False,Active,False,Standard
17975,2011-11-24 13:27:00,14.974305555555556,24,6696.33,5,5,5,15,Champions,False,Active,True,Standard
17976,2010-12-02 13:49:00,371.9590277777778,1,321.79,2,2,2,6,At Risk,True,At Risk,False,Retention Opportunity
17977,2011-11-10 13:28:00,28.97361111111111,2,1511.45,4,3,4,11,Loyal Customers,False,Active,False,Standard
17978,2010-12-09 14:05:00,364.9479166666667,4,1159.99,2,4,3,9,Potential Loyalists,True,At Risk,False,Retention Opportunity
17979,2011-11-04 12:05:00,35.03125,4,732.41,4,4,3,11,Loyal Customers,False,Active,False,Standard
17980,2011-06-27 12:01:00,165.03402777777777,4,1012.72,3,4,3,10,Loyal Customers,True,At Risk,False,Retention Opportunity
17981,2010-10-25 10:40:00,410.09027777777777,1,239.12,1,2,1,4,Lost / Low Value,True,At Risk,False,Retention Opportunity
17982,2010-01-28 09:38:00,680.1333333333333,1,138.18,1,2,1,4,Lost / Low Value,True,At Risk,False,Retention Opportunity
17983,2010-11-09 13:24:00,394.9763888888889,1,171.71,2,2,1,5,At Risk,True,At Risk,False,Retention Opportunity
17984,2011-07-17 15:59:00,144.86875,5,1152.19,3,4,3,10,Loyal Customers,True,At Risk,False,Retention Opportunity
17985,2011-11-17 14:24:00,21.934722222222224,1,631.35,4,2,3,9,Potential Loyalists,False,Active,False,Standard
17986,2011-10-14 14:22:00,55.93611111111111,1,20.8,4,2,1,7,Potential Loyalists,False,Active,False,Standard
17987,2011-06-07 14:22:00,184.9361111111111,5,965.44,3,4,3,10,Loyal Customers,True,At Risk,False,Retention Opportunity
17988,2011-11-28 11:00:00,11.07638888888889,14,489.54,5,5,2,12,Loyal Customers,False,Active,False,Standard
17989,2010-11-25 13:49:00,378.9590277777778,1,207.33,2,2,1,5,At Risk,True,At Risk,False,Retention Opportunity
17990,2011-04-17 11:44:00,236.0458333333333,6,1527.61,2,4,4,10,Loyal Customers,True,At Risk,False,Retention Opportunity
17991,2011-04-28 15:58:00,224.86944444444444,3,300.3,2,3,2,7,Potential Loyalists,True,At Risk,False,Retention Opportunity
17992,2010-11-15 13:04:00,388.9902777777778,1,252.88,2,2,1,5,At Risk,True,At Risk,False,Retention Opportunity
17993,2010-04-01 14:23:00,616.9354166666667,1,225.99,1,2,1,4,Lost / Low Value,True,At Risk,False,Retention Opportunity
17994,2011-08-10 11:41:00,121.04791666666668,11,2270.03,3,5,4,12,Loyal Customers,True,At Risk,True,High Priority
17995,2011-03-03 12:30:00,281.0138888888889,3,495.48,2,3,2,7,Potential Loyalists,True,At Risk,False,Retention Opportunity
17996,2010-11-25 11:00:00,379.0763888888889,3,482.33,2,3,2,7,Potential Loyalists,True,At Risk,False,Retention Opportunity
17997,2011-09-26 16:13:00,73.85902777777778,8,1962.46,3,5,4,12,Loyal Customers,True,At Risk,False,Retention Opportunity
17998,2010-11-24 15:31:00,379.8881944444444,3,639.24,2,3,3,8,Potential Loyalists,True,At Risk,False,Retention Opportunity
17999,2011-11-02 15:56:00,36.87083333333333,3,528.46,4,3,2,9,Potential Loyalists,False,Active,False,Standard
18000,2010-05-24 17:34:00,563.8027777777778,1,124.25,1,2,1,4,Lost / Low Value,True,At Risk,False,Retention Opportunity
18001,2011-11-27 16:02:00,11.866666666666667,6,924.14,5,4,3,12,Loyal Customers,False,Active,False,Standard
18002,2010-11-29 10:57:00,375.0784722222222,4,244.37,2,4,1,7,Potential Loyalists,True,At Risk,False,Retention Opportunity
18003,2010-11-28 15:09:00,375.9034722222222,1,353.51,2,2,2,6,At Risk,True,At Risk,False,Retention Opportunity
18004,2010-12-12 13:47:00,361.9604166666667,1,157.92,2,2,1,5,At Risk,True,At Risk,False,Retention Opportunity
18005,2011-12-06 11:51:00,3.0409722222222224,2,226.47,5,3,1,9,Potential Loyalists,False,Active,False,Standard
18006,2011-11-16 16:52:00,22.83194444444445,4,969.51,4,4,3,11,Loyal Customers,False,Active,False,Standard
18007,2010-11-12 11:08:00,392.0708333333333,1,215.22,2,2,1,5,At Risk,True,At Risk,False,Retention Opportunity
18008,2011-09-30 15:17:00,69.89791666666666,23,19759.08,3,5,5,13,Champions,True,At Risk,True,High Priority
18009,2011-04-18 13:36:00,234.9680555555556,8,2144.23,2,5,4,11,Loyal Customers,True,At Risk,False,Retention Opportunity
18010,2011-03-28 12:27:00,256.0159722222222,1,174.8,2,2,1,5,At Risk,True,At Risk,False,Retention Opportunity
18011,2010-12-01 17:35:00,372.8020833333333,2,410.79,2,3,2,7,Potential Loyalists,True,At Risk,False,Retention Opportunity
18012,2009-12-16 13:16:00,722.9819444444445,1,115.3,1,2,1,4,Lost / Low Value,True,At Risk,False,Retention Opportunity
18013,2011-07-07 14:11:00,154.94375,2,187.29,3,3,1,7,Potential Loyalists,True,At Risk,False,Retention Opportunity
18014,2011-11-11 15:28:00,27.89027777777778,1,162.22,4,2,1,7,Potential Loyalists,False,Active,False,Standard
18015,2011-12-05 14:49:00,3.917361111111111,1,120.03,5,2,1,8,Potential Loyalists,False,Active,False,Standard
18016,2011-11-07 13:25:00,31.975694444444443,7,1954.56,4,4,4,12,Loyal Customers,False,Active,False,Standard
18017,2011-09-19 16:15:00,80.85763888888889,4,688.0,3,4,3,10,Loyal Customers,True,At Risk,False,Retention Opportunity
18018,2011-08-23 17:37:00,107.80069444444445,4,297.99,3,4,2,9,Potential Loyalists,True,At Risk,False,Retention Opportunity
18019,2011-10-19 12:10:00,51.02777777777778,1,38.45,4,2,1,7,Potential Loyalists,False,Active,False,Standard
18020,2010-06-14 12:31:00,543.0131944444445,1,190.48,1,2,1,4,Lost / Low Value,True,At Risk,False,Retention Opportunity
18021,2010-07-18 10:52:00,509.0819444444445,2,216.41,1,3,1,5,At Risk,True,At Risk,False,Retention Opportunity
18022,2011-11-04 12:45:00,35.00347222222222,5,1507.25,4,4,4,12,Loyal Customers,False,Active,False,Standard
18024,2011-07-10 12:40:00,152.00694444444446,2,389.78,3,3,2,8,Potential Loyalists,True,At Risk,False,Retention Opportunity
18025,2010-11-25 12:37:00,379.00902777777776,6,1177.72,2,4,3,9,Potential Loyalists,True,At Risk,False,Retention Opportunity
18026,2010-07-27 10:37:00,500.09236111111113,2,2074.07,1,3,4,8,Potential Loyalists,True,At Risk,False,Retention Opportunity
18027,2011-09-02 10:38:00,98.09166666666668,1,115.31,3,2,1,6,At Risk,True,At Risk,False,Retention Opportunity
18028,2010-05-05 13:28:00,582.9736111111112,1,192.05,1,2,1,4,Lost / Low Value,True,At Risk,False,Retention Opportunity
18029,2010-03-07 15:30:00,641.8888888888889,1,433.77,1,2,2,5,At Risk,True,At Risk,False,Retention Opportunity
18030,2011-12-05 16:37:00,3.842361111111111,2,230.65,5,3,1,9,Potential Loyalists,False,Active,False,Standard
18031,2010-11-26 11:00:00,378.0763888888889,1,451.3,2,2,2,6,At Risk,True,At Risk,False,Retention Opportunity
18032,2011-01-09 15:32:00,333.8875,1,73.5,2,2,1,5,At Risk,True,At Risk,False,Retention Opportunity
18033,2011-10-05 17:28:00,64.80694444444444,1,93.82,3,2,1,6,At Risk,True,At Risk,False,Retention Opportunity
18034,2011-11-18 12:22:00,21.01944444444445,3,754.2,4,3,3,10,Loyal Customers,False,Active,False,Standard
18035,2011-11-04 12:39:00,35.00763888888889,5,1260.23,4,4,4,12,Loyal Customers,False,Active,False,Standard
18036,2011-11-07 14:40:00,31.92361111111111,11,1545.49,4,5,4,13,Champions,False,Active,False,Standard
18037,2011-07-08 13:39:00,153.96597222222223,15,167.42,3,5,1,9,Potential Loyalists,True,At Risk,False,Retention Opportunity
18038,2010-06-01 15:59:00,555.86875,1,141.48,1,2,1,4,Lost / Low Value,True,At Risk,False,Retention Opportunity
18039,2010-11-30 13:07:00,373.9881944444445,4,548.22,2,4,2,8,Potential Loyalists,True,At Risk,False,Retention Opportunity
18040,2011-11-20 14:20:00,18.9375,2,357.20000000000005,5,3,2,10,Loyal Customers,False,Active,False,Standard
18041,2011-11-28 11:39:00,11.049305555555556,38,8018.769999999999,5,5,5,15,Champions,False,Active,True,Standard
18042,2011-10-17 11:49:00,53.04236111111111,2,281.15,4,3,1,8,Potential Loyalists,False,Active,False,Standard
18043,2011-11-15 12:48:00,24.00138888888889,3,529.29,4,3,2,9,Potential Loyalists,False,Active,False,Standard
18044,2011-12-05 14:26:00,3.933333333333333,18,3505.61,5,5,5,15,Champions,False,Active,True,Standard
18045,2011-10-25 13:07:00,44.988194444444446,1,178.34,4,2,1,7,Potential Loyalists,False,Active,False,Standard
18046,2010-02-28 11:36:00,649.0513888888889,1,189.63,1,2,1,4,Lost / Low Value,True,At Risk,False,Retention Opportunity
18047,2010-11-23 13:11:00,380.98541666666665,2,326.09,2,3,2,7,Potential Loyalists,True,At Risk,False,Retention Opportunity
18048,2011-05-20 14:58:00,202.9111111111111,3,394.93,2,3,2,7,Potential Loyalists,True,At Risk,False,Retention Opportunity
18049,2010-09-28 14:26:00,436.9333333333333,2,500.92,1,3,2,6,At Risk,True,At Risk,False,Retention Opportunity
18050,2010-12-15 14:25:00,358.93402777777777,2,412.06,2,3,2,7,Potential Loyalists,True,At Risk,False,Retention Opportunity
18051,2010-03-15 13:58:00,633.9527777777778,7,2282.28,1,4,4,9,Potential Loyalists,True,At Risk,True,High Priority
18052,2010-05-24 11:11:00,564.06875,1,10877.18,1,2,5,8,Potential Loyalists,True,At Risk,True,High Priority
18053,2011-09-30 09:05:00,70.15625,3,571.07,3,3,2,8,Potential Loyalists,True,At Risk,False,Retention Opportunity
18054,2010-11-12 08:18:00,392.18888888888887,1,176.5,2,2,1,5,At Risk,True,At Risk,False,Retention Opportunity
18055,2011-12-02 14:25:00,6.934027777777778,14,10142.64,5,5,5,15,Champions,False,Active,True,Standard
18056,2011-02-24 14:27:00,287.9326388888889,2,554.6,2,3,2,7,Potential Loyalists,True,At Risk,False,Retention Opportunity
18057,2010-11-11 16:55:00,392.8298611111111,3,1188.46,2,3,3,8,Potential Loyalists,True,At Risk,False,Retention Opportunity
18058,2011-11-30 08:38:00,9.175,3,774.06,5,3,3,11,Loyal Customers,False,Active,False,Standard
18059,2011-11-16 16:49:00,22.834027777777777,3,306.46,4,3,2,9,Potential Loyalists,False,Active,False,Standard
18060,2010-10-27 16:41:00,407.8395833333333,2,1185.46,2,3,3,8,Potential Loyalists,True,At Risk,False,Retention Opportunity
18061,2011-11-18 11:20:00,21.0625,28,6083.81,4,5,5,14,Champions,False,Active,True,Standard
18062,2011-06-19 14:47:00,172.91875,6,1632.67,3,4,4,11,Loyal Customers,True,At Risk,False,Retention Opportunity
18063,2010-11-14 10:46:00,390.0861111111111,2,186.6,2,3,1,6,At Risk,True,At Risk,False,Retention Opportunity
18064,2011-07-29 16:39:00,132.84097222222223,11,4481.83,3,5,5,13,Champions,True,At Risk,True,High Priority
18065,2011-12-04 10:30:00,5.097222222222222,29,5866.63,5,5,5,15,Champions,False,Active,True,Standard
18066,2011-09-25 15:30:00,74.88888888888889,3,1440.4,3,3,4,10,Loyal Customers,True,At Risk,False,Retention Opportunity
18067,2011-10-30 15:58:00,39.86944444444445,1,396.33,4,2,2,8,Potential Loyalists,False,Active,False,Standard
18068,2011-02-23 14:50:00,288.9166666666667,1,101.7,2,2,1,5,At Risk,True,At Risk,False,Retention Opportunity
18069,2011-11-13 16:03:00,25.865972222222226,11,4464.92,4,5,5,14,Champions,False,Active,True,Standard
18070,2010-02-08 13:28:00,668.9736111111112,1,314.1,1,2,2,5,At Risk,True,At Risk,False,Retention Opportunity
18071,2011-03-27 11:59:00,257.03541666666666,6,1169.68,2,4,3,9,Potential Loyalists,True,At Risk,False,Retention Opportunity
18072,2011-06-07 10:44:00,185.0875,1,247.44,3,2,1,6,At Risk,True,At Risk,False,Retention Opportunity
18073,2011-08-17 14:02:00,113.95,12,3859.82,3,5,5,13,Champions,True,At Risk,True,High Priority
18074,2010-12-01 09:53:00,373.1229166666666,2,1019.44,2,3,3,8,Potential Loyalists,True,At Risk,False,Retention Opportunity
18075,2011-11-16 15:21:00,22.895138888888887,20,5783.29,4,5,5,14,Champions,False,Active,True,Standard
18076,2010-11-24 14:02:00,379.95,1,151.49,2,2,1,5,At Risk,True,At Risk,False,Retention Opportunity
18077,2011-12-01 13:32:00,7.970833333333333,18,4078.79,5,5,5,15,Champions,False,Active,True,Standard
18078,2011-05-06 14:32:00,216.92916666666667,4,725.53,2,4,3,9,Potential Loyalists,True,At Risk,False,Retention Opportunity
18079,2011-10-25 15:27:00,44.890972222222224,5,4203.93,4,4,5,13,Champions,False,Active,True,Standard
18080,2011-11-21 08:02:00,18.2,2,1231.5,5,3,4,12,Loyal Customers,False,Active,False,Standard
18081,2011-11-03 16:30:00,35.84722222222222,3,343.45,4,3,2,9,Potential Loyalists,False,Active,False,Standard
18082,2011-11-14 12:45:00,25.00347222222222,1,680.84,4,2,3,9,Potential Loyalists,False,Active,False,Standard
18083,2010-11-07 11:44:00,397.04583333333335,1,463.53,2,2,2,6,At Risk,True,At Risk,False,Retention Opportunity
18084,2011-11-23 13:57:00,15.953472222222222,3,795.23,5,3,3,11,Loyal Customers,False,Active,False,Standard
18085,2011-01-13 15:17:00,329.8979166666667,4,1341.85,2,4,4,10,Loyal Customers,True,At Risk,False,Retention Opportunity
18086,2011-03-10 13:34:00,273.96944444444443,1,101.34,2,2,1,5,At Risk,True,At Risk,False,Retention Opportunity
18087,2011-09-02 15:12:00,97.90138888888887,17,14761.52,3,5,5,13,Champions,True,At Risk,True,High Priority
18088,2011-10-09 13:41:00,60.96458333333333,1,166.03,3,2,1,6,At Risk,True,At Risk,False,Retention Opportunity
18089,2010-09-19 11:57:00,446.03680555555553,1,428.45,1,2,2,5,At Risk,True,At Risk,False,Retention Opportunity
18090,2010-10-14 12:32:00,421.0125,1,321.9,1,2,2,5,At Risk,True,At Risk,False,Retention Opportunity
18091,2010-04-25 13:18:00,592.9805555555556,1,360.85,1,2,2,5,At Risk,True,At Risk,False,Retention Opportunity
18092,2011-12-07 13:14:00,1.9833333333333332,18,14693.72,5,5,5,15,Champions,False,Active,True,Standard
18093,2011-09-07 15:43:00,92.87986111111113,8,4452.71,3,5,5,13,Champions,True,At Risk,True,High Priority
18094,2011-09-19 09:28:00,81.14027777777778,13,6391.52,3,5,5,13,Champions,True,At Risk,True,High Priority
18095,2011-01-31 12:50:00,312.0,5,2303.09,2,4,4,10,Loyal Customers,True,At Risk,True,High Priority
18096,2011-11-28 12:44:00,11.004166666666666,6,1657.87,5,4,4,13,Champions,False,Active,False,Standard
18097,2011-12-02 11:16:00,7.065277777777778,11,4627.92,5,5,5,15,Champions,False,Active,True,Standard
18098,2010-11-08 16:31:00,395.8465277777778,1,527.94,2,2,2,6,At Risk,True,At Risk,False,Retention Opportunity
18099,2011-08-04 15:52:00,126.87361111111112,1,168.31,3,2,1,6,At Risk,True,At Risk,False,Retention Opportunity
18100,2010-06-07 14:19:00,549.9381944444444,1,451.56,1,2,2,5,At Risk,True,At Risk,False,Retention Opportunity
18101,2011-11-28 13:37:00,10.967361111111112,5,622.01,5,4,3,12,Loyal Customers,False,Active,False,Standard
18102,2011-12-09 11:50:00,0.0416666666666666,145,580987.04,5,5,5,15,Champions,False,Active,True,Standard
18103,2010-06-08 13:36:00,548.9680555555556,1,105.8,1,2,1,4,Lost / Low Value,True,At Risk,False,Retention Opportunity
18104,2011-11-02 14:07:00,36.946527777777774,1,754.64,4,2,3,9,Potential Loyalists,False,Active,False,Standard
18105,2011-11-02 12:04:00,37.03194444444444,1,113.48000000000002,4,2,1,7,Potential Loyalists,False,Active,False,Standard
18106,2011-01-14 12:23:00,329.01875,6,1441.06,2,4,4,10,Loyal Customers,True,At Risk,False,Retention Opportunity
18107,2010-09-23 13:03:00,441.99097222222224,1,165.88,1,2,1,4,Lost / Low Value,True,At Risk,False,Retention Opportunity
18108,2011-03-30 13:56:00,253.95416666666668,3,848.8100000000001,2,3,3,8,Potential Loyalists,True,At Risk,False,Retention Opportunity
18109,2011-12-08 11:36:00,1.051388888888889,38,9555.71,5,5,5,15,Champions,False,Active,True,Standard
18110,2011-11-20 12:34:00,19.011111111111116,2,392.28,4,3,2,9,Potential Loyalists,False,Active,False,Standard
18111,2010-04-29 12:58:00,588.9944444444444,1,405.85,1,2,2,5,At Risk,True,At Risk,False,Retention Opportunity
18112,2011-11-27 14:43:00,11.921527777777778,4,773.36,5,4,3,12,Loyal Customers,False,Active,False,Standard
18113,2010-12-06 12:31:00,368.0131944444444,1,76.32000000000001,2,2,1,5,At Risk,True,At Risk,False,Retention Opportunity
18114,2011-02-22 13:20:00,289.9791666666667,1,220.1,2,2,1,5,At Risk,True,At Risk,False,Retention Opportunity
18115,2010-01-11 11:57:00,697.0368055555556,1,9.7,1,2,1,4,Lost / Low Value,True,At Risk,False,Retention Opportunity
18116,2011-10-03 11:00:00,67.07638888888889,13,2134.49,3,5,4,12,Loyal Customers,True,At Risk,False,Retention Opportunity
18117,2011-11-14 12:47:00,25.00208333333333,1,315.65,4,2,2,8,Potential Loyalists,False,Active,False,Standard
18118,2011-11-29 11:32:00,10.054166666666667,29,6221.02,5,5,5,15,Champions,False,Active,True,Standard
18119,2010-12-07 11:59:00,367.03541666666666,1,180.7,2,2,1,5,At Risk,True,At Risk,False,Retention Opportunity
18120,2011-05-09 13:45:00,213.96180555555557,1,111.15,2,2,1,5,At Risk,True,At Risk,False,Retention Opportunity
18121,2011-07-13 12:53:00,148.99791666666667,2,653.3000000000001,3,3,3,9,Potential Loyalists,True,At Risk,False,Retention Opportunity
18122,2011-12-01 13:08:00,7.9875,6,1793.06,5,4,4,13,Champions,False,Active,False,Standard
18123,2011-11-15 14:23:00,23.935416666666665,3,666.64,4,3,3,10,Loyal Customers,False,Active,False,Standard
18124,2010-08-24 17:21:00,471.8118055555556,1,102.65,1,2,1,4,Lost / Low Value,True,At Risk,False,Retention Opportunity
18125,2011-11-10 12:29:00,29.01458333333333,4,1131.75,4,4,3,11,Loyal Customers,False,Active,False,Standard
18126,2011-10-10 12:19:00,60.02152777777778,1,200.92,3,2,1,6,At Risk,True,At Risk,False,Retention Opportunity
18127,2011-11-20 14:05:00,18.947916666666668,4,556.13,5,4,2,11,Loyal Customers,False,Active,False,Standard
18128,2010-06-20 13:19:00,536.9798611111111,1,399.29,1,2,2,5,At Risk,True,At Risk,False,Retention Opportunity
18129,2011-04-10 14:16:00,242.94027777777777,1,112.55,2,2,1,5,At Risk,True,At Risk,False,Retention Opportunity
18130,2011-11-24 14:40:00,14.92361111111111,3,1059.39,5,3,3,11,Loyal Customers,False,Active,False,Standard
18131,2010-03-18 08:48:00,631.1680555555556,1,222.96,1,2,1,4,Lost / Low Value,True,At Risk,False,Retention Opportunity
18132,2010-07-23 16:54:00,503.8305555555556,1,220.13,1,2,1,4,Lost / Low Value,True,At Risk,False,Retention Opportunity
18133,2011-05-11 14:14:00,211.94166666666663,1,931.5,2,2,3,7,Potential Loyalists,True,At Risk,False,Retention Opportunity
18134,2010-04-20 14:02:00,597.95,2,445.0,1,3,2,6,At Risk,True,At Risk,False,Retention Opportunity
18135,2011-11-10 19:32:00,28.72083333333333,10,1249.62,4,5,4,13,Champions,False,Active,False,Standard
18136,2011-10-07 15:40:00,62.88194444444444,5,1631.36,3,4,4,11,Loyal Customers,True,At Risk,False,Retention Opportunity
18137,2010-06-06 14:18:00,550.9388888888889,2,145.99,1,3,1,5,At Risk,True,At Risk,False,Retention Opportunity
18138,2011-02-17 14:51:00,294.9159722222222,1,152.65,2,2,1,5,At Risk,True,At Risk,False,Retention Opportunity
18139,2011-11-22 10:44:00,17.0875,6,8438.34,5,4,5,14,Champions,False,Active,True,Standard
18140,2010-08-23 11:58:00,473.0361111111111,1,536.41,1,2,2,5,At Risk,True,At Risk,False,Retention Opportunity
18141,2010-11-03 11:44:00,401.04583333333335,2,882.47,2,3,3,8,Potential Loyalists,True,At Risk,False,Retention Opportunity
18142,2011-07-05 13:19:00,156.97986111111112,2,1019.52,3,3,3,9,Potential Loyalists,True,At Risk,False,Retention Opportunity
18143,2011-08-15 12:07:00,116.02986111111112,2,1000.16,3,3,3,9,Potential Loyalists,True,At Risk,False,Retention Opportunity
18144,2011-12-02 12:46:00,7.002777777777778,19,4892.95,5,5,5,15,Champions,False,Active,True,Standard
18145,2011-11-27 11:22:00,12.061111111111112,11,5609.74,5,5,5,15,Champions,False,Active,True,Standard
18146,2011-07-22 12:08:00,140.02916666666667,2,160.35,3,3,1,7,Potential Loyalists,True,At Risk,False,Retention Opportunity
18147,2011-10-25 11:46:00,45.04444444444445,2,179.34,4,3,1,8,Potential Loyalists,False,Active,False,Standard
18148,2010-03-03 11:40:00,646.0486111111111,1,112.85,1,2,1,4,Lost / Low Value,True,At Risk,False,Retention Opportunity
18149,2011-10-20 12:04:00,50.03194444444444,7,1553.96,4,4,4,12,Loyal Customers,False,Active,False,Standard
18150,2011-11-07 16:49:00,31.834027777777777,3,566.58,4,3,2,9,Potential Loyalists,False,Active,False,Standard
18151,2011-07-28 11:35:00,134.05208333333334,6,1879.44,3,4,4,11,Loyal Customers,True,At Risk,False,Retention Opportunity
18152,2010-03-03 15:26:00,645.8916666666667,1,426.69,1,2,2,5,At Risk,True,At Risk,False,Retention Opportunity
18153,2010-02-18 15:50:00,658.875,1,246.22,1,2,1,4,Lost / Low Value,True,At Risk,False,Retention Opportunity
18154,2011-12-06 16:41:00,2.839583333333333,5,932.6,5,4,3,12,Loyal Customers,False,Active,False,Standard
18155,2011-09-25 13:32:00,74.97083333333333,3,371.62,3,3,2,8,Potential Loyalists,True,At Risk,False,Retention Opportunity
18156,2011-11-27 12:24:00,12.018055555555556,2,675.64,5,3,3,11,Loyal Customers,False,Active,False,Standard
18157,2010-05-17 14:09:00,570.9451388888889,1,213.9,1,2,1,4,Lost / Low Value,True,At Risk,False,Retention Opportunity
18158,2011-11-30 16:19:00,8.854861111111111,2,453.4,5,3,2,10,Loyal Customers,False,Active,False,Standard
18159,2011-02-11 14:26:00,300.93333333333334,1,530.15,2,2,2,6,At Risk,True,At Risk,False,Retention Opportunity
18160,2011-10-13 15:50:00,56.875,3,1003.88,4,3,3,10,Loyal Customers,False,Active,False,Standard
18161,2011-11-24 16:40:00,14.84027777777778,6,1803.1,5,4,4,13,Champions,False,Active,False,Standard
18162,2009-12-07 13:24:00,731.9763888888889,1,371.51,1,2,2,5,At Risk,True,At Risk,False,Retention Opportunity
18163,2010-05-04 14:51:00,583.9159722222222,1,728.84,1,2,3,6,At Risk,True,At Risk,False,Retention Opportunity
18164,2011-11-02 12:56:00,36.99583333333333,1,399.65,4,2,2,8,Potential Loyalists,False,Active,False,Standard
18165,2011-06-15 13:23:00,176.97708333333333,1,302.46,3,2,2,7,Potential Loyalists,True,At Risk,False,Retention Opportunity
18166,2010-03-26 12:26:00,623.0166666666667,1,175.5,1,2,1,4,Lost / Low Value,True,At Risk,False,Retention Opportunity
18167,2011-11-16 15:56:00,22.870833333333334,3,1384.86,4,3,4,11,Loyal Customers,False,Active,False,Standard
18168,2011-06-16 19:21:00,175.72847222222222,16,3435.5,3,5,5,13,Champions,True,At Risk,True,High Priority
18169,2011-10-10 12:18:00,60.02222222222223,1,202.65,3,2,1,6,At Risk,True,At Risk,False,Retention Opportunity
18170,2011-11-06 14:35:00,32.927083333333336,9,2878.0,4,5,4,13,Champions,False,Active,True,Standard
18171,2011-10-12 09:13:00,58.15069444444445,9,2437.31,3,5,4,12,Loyal Customers,False,Active,True,Standard
18172,2011-11-25 11:12:00,14.068055555555556,52,17467.24,5,5,5,15,Champions,False,Active,True,Standard
18173,2011-09-14 11:26:00,86.05833333333334,5,2696.36,3,4,4,11,Loyal Customers,True,At Risk,True,High Priority
18174,2011-12-02 16:56:00,6.829166666666667,2,162.5,5,3,1,9,Potential Loyalists,False,Active,False,Standard
18175,2010-02-02 10:25:00,675.1006944444445,1,176.10000000000002,1,2,1,4,Lost / Low Value,True,At Risk,False,Retention Opportunity
18176,2010-12-16 15:45:00,357.87847222222223,1,476.35,2,2,2,6,At Risk,True,At Risk,False,Retention Opportunity
18177,2011-11-08 14:44:00,30.92083333333333,9,2216.32,4,5,4,13,Champions,False,Active,False,Standard
18178,2011-08-03 09:30:00,128.13888888888889,11,6103.74,3,5,5,13,Champions,True,At Risk,True,High Priority
18179,2011-11-30 16:23:00,8.852083333333333,8,2547.55,5,5,4,14,Champions,False,Active,True,Standard
18180,2011-12-05 08:39:00,4.174305555555556,6,1843.75,5,4,4,13,Champions,False,Active,False,Standard
18181,2011-11-15 15:08:00,23.904166666666665,5,1188.34,4,4,3,11,Loyal Customers,False,Active,False,Standard
18182,2010-09-02 14:25:00,462.93402777777777,1,291.13,1,2,2,5,At Risk,True,At Risk,False,Retention Opportunity
18183,2011-04-26 15:26:00,226.89166666666668,2,632.07,2,3,3,8,Potential Loyalists,True,At Risk,False,Retention Opportunity
18184,2011-11-24 15:28:00,14.890277777777778,1,49.8,5,2,1,8,Potential Loyalists,False,Active,False,Standard
18185,2011-04-04 13:42:00,248.9638888888889,1,304.25,2,2,2,6,At Risk,True,At Risk,False,Retention Opportunity
18186,2009-12-17 10:22:00,722.1027777777778,1,329.58000000000004,1,2,2,5,At Risk,True,At Risk,False,Retention Opportunity
18187,2010-03-18 09:49:00,631.1256944444444,1,724.89,1,2,3,6,At Risk,True,At Risk,False,Retention Opportunity
18188,2011-11-24 16:46:00,14.83611111111111,6,3280.59,5,4,5,14,Champions,False,Active,True,Standard
18189,2011-09-23 12:40:00,77.00694444444444,3,1403.73,3,3,4,10,Loyal Customers,True,At Risk,False,Retention Opportunity
18190,2011-05-31 14:48:00,191.91805555555555,5,745.62,2,4,3,9,Potential Loyalists,True,At Risk,False,Retention Opportunity
18191,2011-03-23 12:08:00,261.02916666666664,2,529.4,2,3,2,7,Potential Loyalists,True,At Risk,False,Retention Opportunity
18192,2011-09-29 09:53:00,71.12291666666667,1,957.97,3,2,3,8,Potential Loyalists,True,At Risk,False,Retention Opportunity
18193,2011-06-27 13:58:00,164.95277777777778,3,1207.35,3,3,3,9,Potential Loyalists,True,At Risk,False,Retention Opportunity
18194,2011-09-18 13:29:00,81.97291666666666,6,4162.04,3,4,5,12,Loyal Customers,True,At Risk,True,High Priority
18195,2010-11-17 15:03:00,386.90763888888887,1,101.16,2,2,1,5,At Risk,True,At Risk,False,Retention Opportunity
18196,2011-09-05 16:22:00,94.85277777777776,4,1457.19,3,4,4,11,Loyal Customers,True,At Risk,False,Retention Opportunity
18197,2010-05-13 10:46:00,575.0861111111111,1,230.1,1,2,1,4,Lost / Low Value,True,At Risk,False,Retention Opportunity
18198,2011-12-05 14:49:00,3.917361111111111,17,5425.56,5,5,5,15,Champions,False,Active,True,Standard
18199,2010-01-25 11:32:00,683.0541666666667,1,344.75,1,2,2,5,At Risk,True,At Risk,False,Retention Opportunity
18200,2011-08-25 18:45:00,105.75347222222224,1,150.35,3,2,1,6,At Risk,True,At Risk,False,Retention Opportunity
18201,2009-12-17 08:55:00,722.1631944444445,1,447.53,1,2,2,5,At Risk,True,At Risk,False,Retention Opportunity
18202,2011-05-24 12:12:00,199.0263888888889,3,1396.99,2,3,4,9,Potential Loyalists,True,At Risk,False,Retention Opportunity
18203,2011-07-05 13:07:00,156.98819444444445,4,492.52,3,4,2,9,Potential Loyalists,True,At Risk,False,Retention Opportunity
18204,2011-09-29 16:44:00,70.8375,3,1975.35,3,3,4,10,Loyal Customers,True,At Risk,False,Retention Opportunity
18205,2011-11-03 13:22:00,35.977777777777774,2,517.36,4,3,2,9,Potential Loyalists,False,Active,False,Standard
18206,2010-06-04 13:47:00,552.9604166666667,1,314.66,1,2,2,5,At Risk,True,At Risk,False,Retention Opportunity
18207,2010-07-28 14:26:00,498.9333333333333,1,544.47,1,2,2,5,At Risk,True,At Risk,False,Retention Opportunity
18208,2010-05-23 11:54:00,565.0388888888889,1,360.08,1,2,2,5,At Risk,True,At Risk,False,Retention Opportunity
18209,2011-11-11 12:07:00,28.02986111111111,1,139.10000000000002,4,2,1,7,Potential Loyalists,False,Active,False,Standard
18210,2011-12-08 11:02:00,1.075,7,2768.83,5,4,4,13,Champions,False,Active,True,Standard
18211,2011-11-14 08:10:00,25.194444444444443,5,600.07,4,4,2,10,Loyal Customers,False,Active,False,Standard
18212,2011-01-17 16:14:00,325.8583333333333,2,514.37,2,3,2,7,Potential Loyalists,True,At Risk,False,Retention Opportunity
18213,2011-04-17 10:21:00,236.10347222222225,1,232.48,2,2,1,5,At Risk,True,At Risk,False,Retention Opportunity
18214,2010-06-27 11:21:00,530.0618055555556,4,1780.34,1,4,4,9,Potential Loyalists,True,At Risk,False,Retention Opportunity
18215,2011-09-11 16:05:00,88.86458333333333,5,2232.49,3,4,4,11,Loyal Customers,True,At Risk,False,Retention Opportunity
18216,2011-11-08 16:55:00,30.82986111111111,1,481.75,4,2,2,8,Potential Loyalists,False,Active,False,Standard
18217,2011-11-10 13:18:00,28.980555555555554,4,945.04,4,4,3,11,Loyal Customers,False,Active,False,Standard
18218,2011-05-12 12:53:00,210.99791666666667,4,1121.84,2,4,3,9,Potential Loyalists,True,At Risk,False,Retention Opportunity
18219,2011-12-07 11:43:00,2.046527777777778,17,3352.7000000000003,5,5,5,15,Champions,False,Active,True,Standard
18220,2011-04-27 09:03:00,226.1576388888889,6,1921.76,2,4,4,10,Loyal Customers,True,At Risk,False,Retention Opportunity
18221,2011-11-17 14:40:00,21.92361111111111,6,1424.94,4,4,4,12,Loyal Customers,False,Active,False,Standard
18222,2011-09-08 10:45:00,92.08680555555556,1,443.0,3,2,2,7,Potential Loyalists,True,At Risk,False,Retention Opportunity
18223,2011-12-05 09:11:00,4.152083333333334,26,14000.85,5,5,5,15,Champions,False,Active,True,Standard
18224,2011-03-21 10:30:00,263.09722222222223,1,158.95000000000002,2,2,1,5,At Risk,True,At Risk,False,Retention Opportunity
18225,2011-12-06 13:27:00,2.9743055555555555,26,13014.8,5,5,5,15,Champions,False,Active,True,Standard
18226,2011-10-26 13:36:00,43.96805555555556,26,11878.88,4,5,5,14,Champions,False,Active,True,Standard
18227,2011-05-06 12:23:00,217.01875,2,388.75,2,3,2,7,Potential Loyalists,True,At Risk,False,Retention Opportunity
18228,2011-10-14 09:21:00,56.14513888888889,2,779.9,4,3,3,10,Loyal Customers,False,Active,False,Standard
18229,2011-11-28 09:48:00,11.126388888888888,28,10150.51,5,5,5,15,Champions,False,Active,True,Standard
18230,2011-11-30 13:22:00,8.977777777777778,9,4291.06,5,5,5,15,Champions,False,Active,True,Standard
18231,2011-05-31 14:18:00,191.9388888888889,28,6854.17,2,5,5,12,Loyal Customers,True,At Risk,True,High Priority
18232,2011-09-19 11:49:00,81.0423611111111,4,592.97,3,4,2,9,Potential Loyalists,True,At Risk,False,Retention Opportunity
18233,2011-01-18 08:44:00,325.1708333333333,1,440.0,2,2,2,6,At Risk,True,At Risk,False,Retention Opportunity
18234,2010-06-06 11:22:00,551.0611111111111,1,179.6,1,2,1,4,Lost / Low Value,True,At Risk,False,Retention Opportunity
18235,2011-09-29 08:27:00,71.18263888888889,3,1796.48,3,3,4,10,Loyal Customers,True,At Risk,False,Retention Opportunity
18236,2011-11-10 08:06:00,29.197222222222223,12,1795.35,4,5,4,13,Champions,False,Active,False,Standard
18237,2011-12-07 12:49:00,2.000694444444445,5,987.1,5,4,3,12,Loyal Customers,False,Active,False,Standard
18238,2010-07-12 12:51:00,514.9993055555556,1,270.92,1,2,1,4,Lost / Low Value,True,At Risk,False,Retention Opportunity
18239,2011-05-05 12:38:00,218.00833333333333,6,1712.26,2,4,4,10,Loyal Customers,True,At Risk,False,Retention Opportunity
18240,2011-10-24 13:06:00,45.98888888888889,1,422.58,4,2,2,8,Potential Loyalists,False,Active,False,Standard
18241,2011-11-30 12:10:00,9.02777777777778,21,2986.99,5,5,5,15,Champions,False,Active,True,Standard
18242,2011-09-28 13:43:00,71.96319444444444,8,3605.21,3,5,5,13,Champions,True,At Risk,True,High Priority
18243,2010-10-21 14:29:00,413.93125,1,515.78,1,2,2,5,At Risk,True,At Risk,False,Retention Opportunity
18244,2010-10-05 11:15:00,430.06597222222223,2,568.64,1,3,2,6,At Risk,True,At Risk,False,Retention Opportunity
18245,2011-12-02 14:48:00,6.918055555555555,20,6324.9800000000005,5,5,5,15,Champions,False,Active,True,Standard
18246,2011-11-16 11:49:00,23.042361111111116,3,758.8199999999999,4,3,3,10,Loyal Customers,False,Active,False,Standard
18247,2010-10-21 09:49:00,414.1256944444444,3,839.73,1,3,3,7,Potential Loyalists,True,At Risk,False,Retention Opportunity
18248,2011-08-09 10:19:00,122.1048611111111,2,804.02,3,3,3,9,Potential Loyalists,True,At Risk,False,Retention Opportunity
18249,2011-11-22 15:07:00,16.90486111111111,1,95.34,5,2,1,8,Potential Loyalists,False,Active,False,Standard
18250,2011-02-02 13:16:00,309.9819444444444,1,349.27,2,2,2,6,At Risk,True,At Risk,False,Retention Opportunity
18251,2011-09-13 15:03:00,86.90763888888888,9,26278.86,3,5,5,13,Champions,True,At Risk,True,High Priority
18252,2011-10-20 12:43:00,50.00486111111111,7,1533.69,4,4,4,12,Loyal Customers,False,Active,False,Standard
18253,2010-03-07 12:38:00,642.0083333333333,1,317.88,1,2,2,5,At Risk,True,At Risk,False,Retention Opportunity
18254,2010-05-07 14:37:00,580.9256944444444,1,267.9,1,2,1,4,Lost / Low Value,True,At Risk,False,Retention Opportunity
18255,2011-09-11 13:16:00,88.98194444444445,2,303.15,3,3,2,8,Potential Loyalists,True,At Risk,False,Retention Opportunity
18256,2010-11-17 08:53:00,387.1645833333333,1,110.7,2,2,1,5,At Risk,True,At Risk,False,Retention Opportunity
18257,2011-10-31 14:48:00,38.918055555555554,12,4600.15,4,5,5,14,Champions,False,Active,True,Standard
18258,2010-09-01 14:20:00,463.9375,6,2059.67,1,4,4,9,Potential Loyalists,True,At Risk,False,Retention Opportunity
18259,2011-11-15 12:34:00,24.011111111111116,7,3941.9,4,4,5,13,Champions,False,Active,True,Standard
18260,2011-06-20 12:37:00,172.0090277777778,23,9947.26,3,5,5,13,Champions,True,At Risk,True,High Priority
18261,2011-10-27 15:36:00,42.88472222222222,2,324.24,4,3,2,9,Potential Loyalists,False,Active,False,Standard
18262,2011-07-22 16:04:00,139.86527777777778,3,577.54,3,3,2,8,Potential Loyalists,True,At Risk,False,Retention Opportunity
18263,2011-11-14 09:00:00,25.15972222222222,3,1213.16,4,3,3,10,Loyal Customers,False,Active,False,Standard
18264,2010-07-29 10:02:00,498.1166666666667,1,603.25,1,2,2,5,At Risk,True,At Risk,False,Retention Opportunity
18265,2011-09-28 14:10:00,71.94444444444444,2,801.51,3,3,3,9,Potential Loyalists,True,At Risk,False,Retention Opportunity
18266,2010-10-01 15:33:00,433.8868055555556,1,251.1,1,2,1,4,Lost / Low Value,True,At Risk,False,Retention Opportunity
18267,2010-02-05 08:43:00,672.1715277777778,1,269.37,1,2,1,4,Lost / Low Value,True,At Risk,False,Retention Opportunity
18268,2011-07-28 19:13:00,133.73402777777778,6,1490.23,3,4,4,11,Loyal Customers,True,At Risk,False,Retention Opportunity
18269,2010-12-08 13:53:00,365.95625,1,168.60000000000002,2,2,1,5,At Risk,True,At Risk,False,Retention Opportunity
18270,2011-11-01 13:57:00,37.953472222222224,3,444.55,4,3,2,9,Potential Loyalists,False,Active,False,Standard
18271,2010-04-09 09:26:00,609.1416666666667,2,680.85,1,3,3,7,Potential Loyalists,True,At Risk,False,Retention Opportunity
18272,2011-12-07 12:43:00,2.004861111111111,9,4385.9800000000005,5,5,5,15,Champions,False,Active,True,Standard
18273,2011-12-07 13:16:00,1.9819444444444445,4,357.0,5,4,2,11,Loyal Customers,False,Active,False,Standard
18274,2011-11-09 17:03:00,29.824305555555554,1,175.92,4,2,1,7,Potential Loyalists,False,Active,False,Standard
18275,2010-05-10 15:46:00,577.8777777777777,2,741.85,1,3,3,7,Potential Loyalists,True,At Risk,False,Retention Opportunity
18276,2011-10-27 10:54:00,43.08055555555556,6,1656.52,4,4,4,12,Loyal Customers,False,Active,False,Standard
18277,2011-10-12 15:22:00,57.894444444444446,5,1180.05,4,4,3,11,Loyal Customers,False,Active,False,Standard
18278,2011-09-27 11:58:00,73.03611111111111,2,414.2000000000001,3,3,2,8,Potential Loyalists,True,At Risk,False,Retention Opportunity
18279,2010-07-08 14:48:00,518.9180555555556,1,231.34,1,2,1,4,Lost / Low Value,True,At Risk,False,Retention Opportunity
18280,2011-03-07 09:52:00,277.1236111111112,2,488.15,2,3,2,7,Potential Loyalists,True,At Risk,False,Retention Opportunity
18281,2011-06-12 10:53:00,180.08125,2,201.14,3,3,1,7,Potential Loyalists,True,At Risk,False,Retention Opportunity
18282,2011-12-02 11:43:00,7.0465277777777775,2,178.05,5,3,1,9,Potential Loyalists,False,Active,False,Standard
18283,2011-12-06 12:02:00,3.033333333333333,22,2664.9,5,5,4,14,Champions,False,Active,True,Standard
18284,2010-10-04 11:33:00,431.05347222222224,1,461.68,1,2,2,5,At Risk,True,At Risk,False,Retention Opportunity
18285,2010-02-17 10:24:00,660.1013888888889,1,427.0,1,2,2,5,At Risk,True,At Risk,False,Retention Opportunity
18286,2010-08-20 11:57:00,476.03680555555553,2,1296.43,1,3,4,8,Potential Loyalists,True,At Risk,False,Retention Opportunity
18287,2011-10-28 09:29:00,42.13958333333333,7,4182.99,4,4,5,13,Champions,False,Active,True,Standard
